Dataset / rule,Model / input,GPU,Runs,Seconds mean / SD,Median seconds
ISIC2019 / A,DenseNet-121 / shared,RTX 4090 D,30,652.3 / 50.8,647.4
ISIC2019 / A,EfficientNet-B0 / shared,RTX 4090 D,30,1551.9 / 203.1,1545.1
ISIC2019 / A,ResNet-18 / shared,RTX 4090 D,30,528.1 / 56.0,525.8
ISIC2019 / A,ResNet-50 / shared,RTX 4090 D,30,535.0 / 59.4,524.9
ISIC2019 / A,Swin-T / shared,RTX 4090 D,15,589.0 / 38.9,589.7
ISIC2019 / A,Swin-T / swin_weight_eval,RTX 4090 D,15,701.3 / 32.2,692.5
MURA / A,DenseNet-121 / shared,RTX 4090 D,30,685.9 / 89.5,675.4
MURA / A,EfficientNet-B0 / shared,RTX 4090 D,30,1727.8 / 267.9,1753.4
MURA / A,ResNet-18 / shared,RTX 4090 D,30,568.5 / 83.6,548.5
MURA / A,ResNet-50 / shared,RTX 4090 D,30,588.4 / 58.7,591.7
MURA / A,Swin-T / shared,RTX 4090 D,15,735.2 / 89.3,735.5
MURA / A,Swin-T / swin_weight_eval,RTX 4090 D,15,780.6 / 92.0,752.7
OrganAMNIST / A,DenseNet-121 / submitted,RTX 5070 Ti,50,1696.7 / 292.7,1645.5
OrganAMNIST / B,DenseNet-121 / submitted,RTX 5070 Ti,50,2712.2 / 13.0,2706.0
OrganAMNIST / A,EfficientNet-B0 / submitted,RTX 5070 Ti,50,1385.5 / 116.0,1458.5
OrganAMNIST / B,EfficientNet-B0 / submitted,RTX 5070 Ti,50,1454.6 / 44.0,1467.0
OrganAMNIST / A,ResNet-18 / submitted,RTX 5070 Ti,50,654.1 / 102.5,647.0
OrganAMNIST / B,ResNet-18 / submitted,RTX 5070 Ti,50,1280.5 / 15.7,1283.0
OrganAMNIST / A,ResNet-50 / submitted,RTX 5070 Ti,50,1200.3 / 226.5,1171.5
OrganAMNIST / B,ResNet-50 / submitted,RTX 5070 Ti,50,2561.6 / 10.5,2558.0
SIPaKMeD / A,DenseNet-121 / submitted,RTX 3060,50,375.1 / 97.0,350.5
SIPaKMeD / B,DenseNet-121 / submitted,RTX 3060,50,1036.9 / 59.8,1044.0
SIPaKMeD / A,EfficientNet-B0 / submitted,RTX 3060,50,692.2 / 97.5,711.5
SIPaKMeD / B,EfficientNet-B0 / submitted,RTX 3060,50,767.0 / 69.3,752.0
SIPaKMeD / A,ResNet-18 / submitted,RTX 3060,50,227.8 / 72.4,209.5
SIPaKMeD / B,ResNet-18 / submitted,RTX 3060,50,747.8 / 54.8,742.0
SIPaKMeD / A,ResNet-50 / submitted,RTX 3060,50,277.8 / 76.7,279.0
SIPaKMeD / B,ResNet-50 / submitted,RTX 3060,50,1042.1 / 60.6,1052.0
