dataset,split_id,rows,train_rows,validation_rows,test_images,primary_test_units,primary_prediction_unit,grouping_unit,duplicate_sample_rows,group_partition_overlaps,sha256
sipakmed,split_01,4049,2833,608,608,608,image,unavailable; image-level,0,0,b60e4b883ce818e8035c976b18eb7a39bc4697eca98f6b8c885322c1912120da
sipakmed,split_02,4049,2833,608,608,608,image,unavailable; image-level,0,0,c7cdebd9ca3573584f75bb37e740e028efa50549eca00308df18d1cf3d9b446b
sipakmed,split_03,4049,2833,608,608,608,image,unavailable; image-level,0,0,124d25065c446a92c033e4eeeb92bf02c1d9e0e56c8069be874a27fb64da085b
sipakmed,split_04,4049,2833,608,608,608,image,unavailable; image-level,0,0,c80b92c7aec4569b782f4592e5fccf0a69da39398983071325bfc3c14c3819b1
sipakmed,split_05,4049,2833,608,608,608,image,unavailable; image-level,0,0,edfc411cf3a50bb696d14a59ff36ae002f71e3dce256059ff144495431299ae7
sipakmed,split_06,4049,2833,608,608,608,image,unavailable; image-level,0,0,62d20423be647ef0983223155360f75c645c737e683005d81cb78f574fc523cf
sipakmed,split_07,4049,2833,608,608,608,image,unavailable; image-level,0,0,d6c818496756b32560242107ffeccd290edd2afad456438b27fff0763c212902
sipakmed,split_08,4049,2833,608,608,608,image,unavailable; image-level,0,0,c244267ea49356306df7dbc832e0b9f4516976f3e9b9d4e3ccd3a2ed4c09764e
sipakmed,split_09,4049,2833,608,608,608,image,unavailable; image-level,0,0,5775fa9742fe4ba5b3b00421c334680b09c515e10558be41184572255b45215b
sipakmed,split_10,4049,2833,608,608,608,image,unavailable; image-level,0,0,0af13229372ce953c2ddf8d28a612c846b5cdc04bf7b1e89c93147e67c292c0e
organamnist,split_01,58830,41180,8825,8825,8825,image,unavailable; image-level,0,0,6745775b43b1567c0b64483b0b4cf88e435d7c726d70fc1446c6b14af0471d5f
organamnist,split_02,58830,41180,8825,8825,8825,image,unavailable; image-level,0,0,2747cdbcac3b225d7e8e6a18dc719997662e7168c9964e2e693664ef2671e7f3
organamnist,split_03,58830,41180,8825,8825,8825,image,unavailable; image-level,0,0,cea91dcfbd5ad60fdb630bfb6973164faa8243589611993333fbb7630787d132
organamnist,split_04,58830,41180,8825,8825,8825,image,unavailable; image-level,0,0,4434db629e8e4c1ac4b22825dac67e3d05da16f84b3cde1a7a872f1701ecdd2d
organamnist,split_05,58830,41180,8825,8825,8825,image,unavailable; image-level,0,0,f5fa0c6f516eaca2de734b26a520f882a09f633e3114aa5ea0393c118a1cf73d
organamnist,split_06,58830,41180,8825,8825,8825,image,unavailable; image-level,0,0,cb396def8108970a510058b410909bef76e5b45fc94e81a852f18bb97648fa4c
organamnist,split_07,58830,41180,8825,8825,8825,image,unavailable; image-level,0,0,2cc9a918eb09cea04b62e58c9866a8028c7be2a071aceb6c7f2712f2fa19be39
organamnist,split_08,58830,41180,8825,8825,8825,image,unavailable; image-level,0,0,dd0f4c9bd9785533c8bf5987a20c1a640f0c4d67d86379aefcede2fe418108a9
organamnist,split_09,58830,41180,8825,8825,8825,image,unavailable; image-level,0,0,e25077f0120a7e60905297b6187123fbe2de5f068e9ce5c48a2bfd3029099bf1
organamnist,split_10,58830,41180,8825,8825,8825,image,unavailable; image-level,0,0,a6b1127e68080b69c0e0d9b2326da3de3134ff67efac02ea351d1baf155ba7e4
isic2019,split_01,23243,16212,3532,3499,3499,image,lesion group_id,0,0,f5f83662b92865c0da3fa59b606b3e13eec64d0fa9c8148c8a817f3ecbbe32cd
isic2019,split_02,23243,16307,3450,3486,3486,image,lesion group_id,0,0,51767f30ee4d3651f9d51ac5ed5ba9df05539b9ca1070368d5e25a3813730427
isic2019,split_03,23243,16286,3486,3471,3471,image,lesion group_id,0,0,6093993b0dbdf836412d085cd953da1f2bca1d332bee692a4e22a4dc2f69f6be
isic2019,split_04,23243,16271,3499,3473,3473,image,lesion group_id,0,0,92483abbc0e83a93668c31f6a51e76f9c5435efa9fbd17045f113322c7c19803
isic2019,split_05,23243,16275,3500,3468,3468,image,lesion group_id,0,0,ee4a99fb0518ac44c2317ee130a347966a18edda9f81af3c772690b7a7b7638a
isic2019,split_06,23243,16253,3466,3524,3524,image,lesion group_id,0,0,fb0da4cf3637c64ad950d8259044ff93b0ebe4e9ddbcef3cd5f696f2dc58adf6
isic2019,split_07,23243,16279,3478,3486,3486,image,lesion group_id,0,0,9496238160864114ad5bf3564f7fbf3dc6af500c330ffe1a3271e21d3135bb63
isic2019,split_08,23243,16265,3472,3506,3506,image,lesion group_id,0,0,dc5a2578deaf2f04c32c7a4977cd9be8e1b21a1c20daca278266a12776299e56
isic2019,split_09,23243,16238,3520,3485,3485,image,lesion group_id,0,0,dad9ecc9c26dc3cca515b91114b9fd9a328f25906531ecb68156488bb40dd7a7
isic2019,split_10,23243,16245,3495,3503,3503,image,lesion group_id,0,0,05ce483d132ac34a948241a73e25e6b6d4015ebb3c4acbcb16717d743a59a293
mura,split_01,40005,27940,6060,6005,2193,study,patient group_id,0,0,53ef3632899a84841a6a594368c3e224d97201a086e578de0b911c5647bce228
mura,split_02,40005,28024,6035,5946,2199,study,patient group_id,0,0,2701cc3a90dd777eef53e4e014bf4e599c6d6eaf3403a39ae2d0ad79fd69cc36
mura,split_03,40005,28018,5995,5992,2205,study,patient group_id,0,0,b758c516f851bf732488463a50be6471cbb11886e78cbe0425cbef4739db7882
mura,split_04,40005,27987,6044,5974,2191,study,patient group_id,0,0,ec1437c12ae386adf3ca586c38116c0aa52bda1842fefc767505643ea954fe2e
mura,split_05,40005,27988,6010,6007,2199,study,patient group_id,0,0,e827b9c3feb9ba18e74b306edc073e765646604ce9f359f169ce6b8de2979061
mura,split_06,40005,27982,6036,5987,2194,study,patient group_id,0,0,802de3622377b082a9fca637a66f439a42f069aeaf936ade5052d73c383b1233
mura,split_07,40005,27911,6025,6069,2200,study,patient group_id,0,0,ee607258093f9e2bff4c0c7d42aa1d9bb2388473e488711b56654100bba2abfb
mura,split_08,40005,28063,5980,5962,2196,study,patient group_id,0,0,a6185707fc3bc27da285cfcf187bf3ce66d6bf730ae5d7800b86e05214effc29
mura,split_09,40005,28000,5988,6017,2187,study,patient group_id,0,0,4b9e641218fae7e66e46fe64f0a56410a39f230fd0bd2620e8c44ff7aff49d30
mura,split_10,40005,28062,5922,6021,2209,study,patient group_id,0,0,7524ee2626ac4a24bd3b5ce8a188076a13f9b970c8a8f0fe7f0578c11530dff8
