grp,var1,var2,vcov,sdcor,analysis_scope,model_spec,dataset,checkpoint_policy,variance_proportion,variance_unit
model:split,(Intercept),,2.2724324167001999e-05,0.0047670036885869996,dataset_checkpoint_policy_stratified,sap_full_formula_attempt,sipakmed,A,0.362231004135947,BA squared (BA scale 0 to 1)
split,(Intercept),,7.3966058490807104e-06,0.0027196701728482999,dataset_checkpoint_policy_stratified,sap_full_formula_attempt,sipakmed,A,0.117903614832291,BA squared (BA scale 0 to 1)
seed,(Intercept),,0,0,dataset_checkpoint_policy_stratified,sap_full_formula_attempt,sipakmed,A,0,BA squared (BA scale 0 to 1)
Residual,,,3.2613413282906298e-05,0.0057108154656674301,dataset_checkpoint_policy_stratified,sap_full_formula_attempt,sipakmed,A,0.51986538103176205,BA squared (BA scale 0 to 1)
model:split,(Intercept),,2.2724320432732998e-05,0.0047670032969081297,dataset_checkpoint_policy_stratified,primary_reported_fallback_model,sipakmed,A,0.36223095716175802,BA squared (BA scale 0 to 1)
split,(Intercept),,7.3966067302507701e-06,0.0027196703348477298,dataset_checkpoint_policy_stratified,primary_reported_fallback_model,sipakmed,A,0.117903632963584,BA squared (BA scale 0 to 1)
Residual,,,3.2613413962325601e-05,0.00571081552515274,dataset_checkpoint_policy_stratified,primary_reported_fallback_model,sipakmed,A,0.51986540987465801,BA squared (BA scale 0 to 1)
model:split,(Intercept),,1.9014136707254801e-05,0.0043605202335563996,dataset_checkpoint_policy_stratified,sap_full_formula_attempt,sipakmed,B,0.34107597898793401,BA squared (BA scale 0 to 1)
split,(Intercept),,8.8708389320894094e-06,0.0029783953619506899,dataset_checkpoint_policy_stratified,sap_full_formula_attempt,sipakmed,B,0.15912529292230501,BA squared (BA scale 0 to 1)
seed,(Intercept),,0,0,dataset_checkpoint_policy_stratified,sap_full_formula_attempt,sipakmed,B,0,BA squared (BA scale 0 to 1)
Residual,,,2.7862534823500399e-05,0.0052784974020548998,dataset_checkpoint_policy_stratified,sap_full_formula_attempt,sipakmed,B,0.499798728089761,BA squared (BA scale 0 to 1)
model:split,(Intercept),,1.9014137599620501e-05,0.00436052033587971,dataset_checkpoint_policy_stratified,primary_reported_fallback_model,sipakmed,B,0.34107596854622801,BA squared (BA scale 0 to 1)
split,(Intercept),,8.8708429504588005e-06,0.0029783960365369101,dataset_checkpoint_policy_stratified,primary_reported_fallback_model,sipakmed,B,0.159125352664409,BA squared (BA scale 0 to 1)
Residual,,,2.7862534235745999e-05,0.0052784973463804999,dataset_checkpoint_policy_stratified,primary_reported_fallback_model,sipakmed,B,0.49979867878936302,BA squared (BA scale 0 to 1)
model:split,(Intercept),,7.1596098423238998e-07,0.00084614477734746402,dataset_checkpoint_policy_stratified,sap_full_formula_attempt,organamnist,A,0.16619155741012501,BA squared (BA scale 0 to 1)
split,(Intercept),,4.4511234993134501e-07,0.000667167407725636,dataset_checkpoint_policy_stratified,sap_full_formula_attempt,organamnist,A,0.103321153368268,BA squared (BA scale 0 to 1)
seed,(Intercept),,0,0,dataset_checkpoint_policy_stratified,sap_full_formula_attempt,organamnist,A,0,BA squared (BA scale 0 to 1)
Residual,,,3.1469733283123399e-06,0.0017739710618587699,dataset_checkpoint_policy_stratified,sap_full_formula_attempt,organamnist,A,0.73048728922160699,BA squared (BA scale 0 to 1)
model:split,(Intercept),,7.1596099154739404e-07,0.00084614478167001296,dataset_checkpoint_policy_stratified,primary_reported_fallback_model,organamnist,A,0.16619155706136701,BA squared (BA scale 0 to 1)
split,(Intercept),,4.4511241149083098e-07,0.00066716745386059698,dataset_checkpoint_policy_stratified,primary_reported_fallback_model,organamnist,A,0.10332116638522799,BA squared (BA scale 0 to 1)
Residual,,,3.1469733124939099e-06,0.0017739710574002901,dataset_checkpoint_policy_stratified,primary_reported_fallback_model,organamnist,A,0.73048727655340495,BA squared (BA scale 0 to 1)
model:split,(Intercept),,6.4846723004197296e-07,0.00080527463019889798,dataset_checkpoint_policy_stratified,sap_full_formula_attempt,organamnist,B,0.247778085980429,BA squared (BA scale 0 to 1)
split,(Intercept),,3.3369567119599601e-07,0.00057766397775523102,dataset_checkpoint_policy_stratified,sap_full_formula_attempt,organamnist,B,0.127504476523119,BA squared (BA scale 0 to 1)
seed,(Intercept),,0,0,dataset_checkpoint_policy_stratified,sap_full_formula_attempt,organamnist,B,0,BA squared (BA scale 0 to 1)
Residual,,,1.63496616195607e-06,0.0012786579534637399,dataset_checkpoint_policy_stratified,sap_full_formula_attempt,organamnist,B,0.62471743749645203,BA squared (BA scale 0 to 1)
model:split,(Intercept),,6.4846646639065205e-07,0.00080527415604292904,dataset_checkpoint_policy_stratified,primary_reported_fallback_model,organamnist,B,0.247777756246717,BA squared (BA scale 0 to 1)
split,(Intercept),,3.3369676827288702e-07,0.00057766492733494503,dataset_checkpoint_policy_stratified,primary_reported_fallback_model,organamnist,B,0.12750487618834999,BA squared (BA scale 0 to 1)
Residual,,,1.63496622931046e-06,0.00127865797980166,dataset_checkpoint_policy_stratified,primary_reported_fallback_model,organamnist,B,0.62471736756493301,BA squared (BA scale 0 to 1)
