run_id,dataset,model,split_id,training_seed,checkpoint_policy,input_audit,source_dir
run_0001,sipakmed,resnet18,split_01,42,A,PASS,research-lab/experiments/registered-workflow/runs/primary/run_0001
run_0002,sipakmed,resnet18,split_01,42,B,PASS,research-lab/experiments/registered-workflow/runs/primary/run_0002
run_0003,sipakmed,resnet50,split_01,42,A,PASS,research-lab/experiments/registered-workflow/runs/primary/run_0003
run_0004,sipakmed,resnet50,split_01,42,B,PASS,research-lab/experiments/registered-workflow/runs/primary/run_0004
run_0005,sipakmed,densenet121,split_01,42,A,PASS,research-lab/experiments/registered-workflow/runs/primary/run_0005
run_0006,sipakmed,densenet121,split_01,42,B,PASS,research-lab/experiments/registered-workflow/runs/primary/run_0006
run_0007,sipakmed,efficientnet_b0,split_01,42,A,PASS,research-lab/experiments/registered-workflow/runs/primary/run_0007
run_0008,sipakmed,efficientnet_b0,split_01,42,B,PASS,research-lab/experiments/registered-workflow/runs/primary/run_0008
run_0009,sipakmed,resnet18,split_01,52,A,PASS,research-lab/experiments/registered-workflow/runs/primary/run_0009
run_0010,sipakmed,resnet18,split_01,52,B,PASS,research-lab/experiments/registered-workflow/runs/primary/run_0010
run_0011,sipakmed,resnet50,split_01,52,A,PASS,research-lab/experiments/registered-workflow/runs/primary/run_0011
run_0012,sipakmed,resnet50,split_01,52,B,PASS,research-lab/experiments/registered-workflow/runs/primary/run_0012
run_0013,sipakmed,densenet121,split_01,52,A,PASS,research-lab/experiments/registered-workflow/runs/primary/run_0013
run_0014,sipakmed,densenet121,split_01,52,B,PASS,research-lab/experiments/registered-workflow/runs/primary/run_0014
run_0015,sipakmed,efficientnet_b0,split_01,52,A,PASS,research-lab/experiments/registered-workflow/runs/primary/run_0015
run_0016,sipakmed,efficientnet_b0,split_01,52,B,PASS,research-lab/experiments/registered-workflow/runs/primary/run_0016
run_0017,sipakmed,resnet18,split_01,62,A,PASS,research-lab/experiments/registered-workflow/runs/primary/run_0017
run_0018,sipakmed,resnet18,split_01,62,B,PASS,research-lab/experiments/registered-workflow/runs/primary/run_0018
run_0019,sipakmed,resnet50,split_01,62,A,PASS,research-lab/experiments/registered-workflow/runs/primary/run_0019
run_0020,sipakmed,resnet50,split_01,62,B,PASS,research-lab/experiments/registered-workflow/runs/primary/run_0020
run_0021,sipakmed,densenet121,split_01,62,A,PASS,research-lab/experiments/registered-workflow/runs/primary/run_0021
run_0022,sipakmed,densenet121,split_01,62,B,PASS,research-lab/experiments/registered-workflow/runs/primary/run_0022
run_0023,sipakmed,efficientnet_b0,split_01,62,A,PASS,research-lab/experiments/registered-workflow/runs/primary/run_0023
run_0024,sipakmed,efficientnet_b0,split_01,62,B,PASS,research-lab/experiments/registered-workflow/runs/primary/run_0024
run_0041,sipakmed,resnet18,split_02,42,A,PASS,research-lab/experiments/registered-workflow/runs/primary/run_0041
run_0042,sipakmed,resnet18,split_02,42,B,PASS,research-lab/experiments/registered-workflow/runs/primary/run_0042
run_0043,sipakmed,resnet50,split_02,42,A,PASS,research-lab/experiments/registered-workflow/runs/primary/run_0043
run_0044,sipakmed,resnet50,split_02,42,B,PASS,research-lab/experiments/registered-workflow/runs/primary/run_0044
run_0045,sipakmed,densenet121,split_02,42,A,PASS,research-lab/experiments/registered-workflow/runs/primary/run_0045
run_0046,sipakmed,densenet121,split_02,42,B,PASS,research-lab/experiments/registered-workflow/runs/primary/run_0046
run_0047,sipakmed,efficientnet_b0,split_02,42,A,PASS,research-lab/experiments/registered-workflow/runs/primary/run_0047
run_0048,sipakmed,efficientnet_b0,split_02,42,B,PASS,research-lab/experiments/registered-workflow/runs/primary/run_0048
run_0049,sipakmed,resnet18,split_02,52,A,PASS,research-lab/experiments/registered-workflow/runs/primary/run_0049
run_0050,sipakmed,resnet18,split_02,52,B,PASS,research-lab/experiments/registered-workflow/runs/primary/run_0050
run_0051,sipakmed,resnet50,split_02,52,A,PASS,research-lab/experiments/registered-workflow/runs/primary/run_0051
run_0052,sipakmed,resnet50,split_02,52,B,PASS,research-lab/experiments/registered-workflow/runs/primary/run_0052
run_0053,sipakmed,densenet121,split_02,52,A,PASS,research-lab/experiments/registered-workflow/runs/primary/run_0053
run_0054,sipakmed,densenet121,split_02,52,B,PASS,research-lab/experiments/registered-workflow/runs/primary/run_0054
run_0055,sipakmed,efficientnet_b0,split_02,52,A,PASS,research-lab/experiments/registered-workflow/runs/primary/run_0055
run_0056,sipakmed,efficientnet_b0,split_02,52,B,PASS,research-lab/experiments/registered-workflow/runs/primary/run_0056
run_0057,sipakmed,resnet18,split_02,62,A,PASS,research-lab/experiments/registered-workflow/runs/primary/run_0057
run_0058,sipakmed,resnet18,split_02,62,B,PASS,research-lab/experiments/registered-workflow/runs/primary/run_0058
run_0059,sipakmed,resnet50,split_02,62,A,PASS,research-lab/experiments/registered-workflow/runs/primary/run_0059
run_0060,sipakmed,resnet50,split_02,62,B,PASS,research-lab/experiments/registered-workflow/runs/primary/run_0060
run_0061,sipakmed,densenet121,split_02,62,A,PASS,research-lab/experiments/registered-workflow/runs/primary/run_0061
run_0062,sipakmed,densenet121,split_02,62,B,PASS,research-lab/experiments/registered-workflow/runs/primary/run_0062
run_0063,sipakmed,efficientnet_b0,split_02,62,A,PASS,research-lab/experiments/registered-workflow/runs/primary/run_0063
run_0064,sipakmed,efficientnet_b0,split_02,62,B,PASS,research-lab/experiments/registered-workflow/runs/primary/run_0064
run_0081,sipakmed,resnet18,split_03,42,A,PASS,research-lab/experiments/registered-workflow/runs/primary/run_0081
run_0082,sipakmed,resnet18,split_03,42,B,PASS,research-lab/experiments/registered-workflow/runs/primary/run_0082
run_0083,sipakmed,resnet50,split_03,42,A,PASS,research-lab/experiments/registered-workflow/runs/primary/run_0083
run_0084,sipakmed,resnet50,split_03,42,B,PASS,research-lab/experiments/registered-workflow/runs/primary/run_0084
run_0085,sipakmed,densenet121,split_03,42,A,PASS,research-lab/experiments/registered-workflow/runs/primary/run_0085
run_0086,sipakmed,densenet121,split_03,42,B,PASS,research-lab/experiments/registered-workflow/runs/primary/run_0086
run_0087,sipakmed,efficientnet_b0,split_03,42,A,PASS,research-lab/experiments/registered-workflow/runs/primary/run_0087
run_0088,sipakmed,efficientnet_b0,split_03,42,B,PASS,research-lab/experiments/registered-workflow/runs/primary/run_0088
run_0089,sipakmed,resnet18,split_03,52,A,PASS,research-lab/experiments/registered-workflow/runs/primary/run_0089
run_0090,sipakmed,resnet18,split_03,52,B,PASS,research-lab/experiments/registered-workflow/runs/primary/run_0090
run_0091,sipakmed,resnet50,split_03,52,A,PASS,research-lab/experiments/registered-workflow/runs/primary/run_0091
run_0092,sipakmed,resnet50,split_03,52,B,PASS,research-lab/experiments/registered-workflow/runs/primary/run_0092
run_0093,sipakmed,densenet121,split_03,52,A,PASS,research-lab/experiments/registered-workflow/runs/primary/run_0093
run_0094,sipakmed,densenet121,split_03,52,B,PASS,research-lab/experiments/registered-workflow/runs/primary/run_0094
run_0095,sipakmed,efficientnet_b0,split_03,52,A,PASS,research-lab/experiments/registered-workflow/runs/primary/run_0095
run_0096,sipakmed,efficientnet_b0,split_03,52,B,PASS,research-lab/experiments/registered-workflow/runs/primary/run_0096
run_0097,sipakmed,resnet18,split_03,62,A,PASS,research-lab/experiments/registered-workflow/runs/primary/run_0097
run_0098,sipakmed,resnet18,split_03,62,B,PASS,research-lab/experiments/registered-workflow/runs/primary/run_0098
run_0099,sipakmed,resnet50,split_03,62,A,PASS,research-lab/experiments/registered-workflow/runs/primary/run_0099
run_0100,sipakmed,resnet50,split_03,62,B,PASS,research-lab/experiments/registered-workflow/runs/primary/run_0100
run_0101,sipakmed,densenet121,split_03,62,A,PASS,research-lab/experiments/registered-workflow/runs/primary/run_0101
run_0102,sipakmed,densenet121,split_03,62,B,PASS,research-lab/experiments/registered-workflow/runs/primary/run_0102
run_0103,sipakmed,efficientnet_b0,split_03,62,A,PASS,research-lab/experiments/registered-workflow/runs/primary/run_0103
run_0104,sipakmed,efficientnet_b0,split_03,62,B,PASS,research-lab/experiments/registered-workflow/runs/primary/run_0104
run_0121,sipakmed,resnet18,split_04,42,A,PASS,research-lab/experiments/registered-workflow/runs/primary/run_0121
run_0122,sipakmed,resnet18,split_04,42,B,PASS,research-lab/experiments/registered-workflow/runs/primary/run_0122
run_0123,sipakmed,resnet50,split_04,42,A,PASS,research-lab/experiments/registered-workflow/runs/primary/run_0123
run_0124,sipakmed,resnet50,split_04,42,B,PASS,research-lab/experiments/registered-workflow/runs/primary/run_0124
run_0125,sipakmed,densenet121,split_04,42,A,PASS,research-lab/experiments/registered-workflow/runs/primary/run_0125
run_0126,sipakmed,densenet121,split_04,42,B,PASS,research-lab/experiments/registered-workflow/runs/primary/run_0126
run_0127,sipakmed,efficientnet_b0,split_04,42,A,PASS,research-lab/experiments/registered-workflow/runs/primary/run_0127
run_0128,sipakmed,efficientnet_b0,split_04,42,B,PASS,research-lab/experiments/registered-workflow/runs/primary/run_0128
run_0129,sipakmed,resnet18,split_04,52,A,PASS,research-lab/experiments/registered-workflow/runs/primary/run_0129
run_0130,sipakmed,resnet18,split_04,52,B,PASS,research-lab/experiments/registered-workflow/runs/primary/run_0130
run_0131,sipakmed,resnet50,split_04,52,A,PASS,research-lab/experiments/registered-workflow/runs/primary/run_0131
run_0132,sipakmed,resnet50,split_04,52,B,PASS,research-lab/experiments/registered-workflow/runs/primary/run_0132
run_0133,sipakmed,densenet121,split_04,52,A,PASS,research-lab/experiments/registered-workflow/runs/primary/run_0133
run_0134,sipakmed,densenet121,split_04,52,B,PASS,research-lab/experiments/registered-workflow/runs/primary/run_0134
run_0135,sipakmed,efficientnet_b0,split_04,52,A,PASS,research-lab/experiments/registered-workflow/runs/primary/run_0135
run_0136,sipakmed,efficientnet_b0,split_04,52,B,PASS,research-lab/experiments/registered-workflow/runs/primary/run_0136
run_0137,sipakmed,resnet18,split_04,62,A,PASS,research-lab/experiments/registered-workflow/runs/primary/run_0137
run_0138,sipakmed,resnet18,split_04,62,B,PASS,research-lab/experiments/registered-workflow/runs/primary/run_0138
run_0139,sipakmed,resnet50,split_04,62,A,PASS,research-lab/experiments/registered-workflow/runs/primary/run_0139
run_0140,sipakmed,resnet50,split_04,62,B,PASS,research-lab/experiments/registered-workflow/runs/primary/run_0140
run_0141,sipakmed,densenet121,split_04,62,A,PASS,research-lab/experiments/registered-workflow/runs/primary/run_0141
run_0142,sipakmed,densenet121,split_04,62,B,PASS,research-lab/experiments/registered-workflow/runs/primary/run_0142
run_0143,sipakmed,efficientnet_b0,split_04,62,A,PASS,research-lab/experiments/registered-workflow/runs/primary/run_0143
run_0144,sipakmed,efficientnet_b0,split_04,62,B,PASS,research-lab/experiments/registered-workflow/runs/primary/run_0144
run_0161,sipakmed,resnet18,split_05,42,A,PASS,research-lab/experiments/registered-workflow/runs/primary/run_0161
run_0162,sipakmed,resnet18,split_05,42,B,PASS,research-lab/experiments/registered-workflow/runs/primary/run_0162
run_0163,sipakmed,resnet50,split_05,42,A,PASS,research-lab/experiments/registered-workflow/runs/primary/run_0163
run_0164,sipakmed,resnet50,split_05,42,B,PASS,research-lab/experiments/registered-workflow/runs/primary/run_0164
run_0165,sipakmed,densenet121,split_05,42,A,PASS,research-lab/experiments/registered-workflow/runs/primary/run_0165
run_0166,sipakmed,densenet121,split_05,42,B,PASS,research-lab/experiments/registered-workflow/runs/primary/run_0166
run_0167,sipakmed,efficientnet_b0,split_05,42,A,PASS,research-lab/experiments/registered-workflow/runs/primary/run_0167
run_0168,sipakmed,efficientnet_b0,split_05,42,B,PASS,research-lab/experiments/registered-workflow/runs/primary/run_0168
run_0169,sipakmed,resnet18,split_05,52,A,PASS,research-lab/experiments/registered-workflow/runs/primary/run_0169
run_0170,sipakmed,resnet18,split_05,52,B,PASS,research-lab/experiments/registered-workflow/runs/primary/run_0170
run_0171,sipakmed,resnet50,split_05,52,A,PASS,research-lab/experiments/registered-workflow/runs/primary/run_0171
run_0172,sipakmed,resnet50,split_05,52,B,PASS,research-lab/experiments/registered-workflow/runs/primary/run_0172
run_0173,sipakmed,densenet121,split_05,52,A,PASS,research-lab/experiments/registered-workflow/runs/primary/run_0173
run_0174,sipakmed,densenet121,split_05,52,B,PASS,research-lab/experiments/registered-workflow/runs/primary/run_0174
run_0175,sipakmed,efficientnet_b0,split_05,52,A,PASS,research-lab/experiments/registered-workflow/runs/primary/run_0175
run_0176,sipakmed,efficientnet_b0,split_05,52,B,PASS,research-lab/experiments/registered-workflow/runs/primary/run_0176
run_0177,sipakmed,resnet18,split_05,62,A,PASS,research-lab/experiments/registered-workflow/runs/primary/run_0177
run_0178,sipakmed,resnet18,split_05,62,B,PASS,research-lab/experiments/registered-workflow/runs/primary/run_0178
run_0179,sipakmed,resnet50,split_05,62,A,PASS,research-lab/experiments/registered-workflow/runs/primary/run_0179
run_0180,sipakmed,resnet50,split_05,62,B,PASS,research-lab/experiments/registered-workflow/runs/primary/run_0180
run_0181,sipakmed,densenet121,split_05,62,A,PASS,research-lab/experiments/registered-workflow/runs/primary/run_0181
run_0182,sipakmed,densenet121,split_05,62,B,PASS,research-lab/experiments/registered-workflow/runs/primary/run_0182
run_0183,sipakmed,efficientnet_b0,split_05,62,A,PASS,research-lab/experiments/registered-workflow/runs/primary/run_0183
run_0184,sipakmed,efficientnet_b0,split_05,62,B,PASS,research-lab/experiments/registered-workflow/runs/primary/run_0184
run_0201,sipakmed,resnet18,split_06,42,A,PASS,research-lab/experiments/registered-workflow/runs/primary/run_0201
run_0202,sipakmed,resnet18,split_06,42,B,PASS,research-lab/experiments/registered-workflow/runs/primary/run_0202
run_0203,sipakmed,resnet50,split_06,42,A,PASS,research-lab/experiments/registered-workflow/runs/primary/run_0203
run_0204,sipakmed,resnet50,split_06,42,B,PASS,research-lab/experiments/registered-workflow/runs/primary/run_0204
run_0205,sipakmed,densenet121,split_06,42,A,PASS,research-lab/experiments/registered-workflow/runs/primary/run_0205
run_0206,sipakmed,densenet121,split_06,42,B,PASS,research-lab/experiments/registered-workflow/runs/primary/run_0206
run_0207,sipakmed,efficientnet_b0,split_06,42,A,PASS,research-lab/experiments/registered-workflow/runs/primary/run_0207
run_0208,sipakmed,efficientnet_b0,split_06,42,B,PASS,research-lab/experiments/registered-workflow/runs/primary/run_0208
run_0209,sipakmed,resnet18,split_06,52,A,PASS,research-lab/experiments/registered-workflow/runs/primary/run_0209
run_0210,sipakmed,resnet18,split_06,52,B,PASS,research-lab/experiments/registered-workflow/runs/primary/run_0210
run_0211,sipakmed,resnet50,split_06,52,A,PASS,research-lab/experiments/registered-workflow/runs/primary/run_0211
run_0212,sipakmed,resnet50,split_06,52,B,PASS,research-lab/experiments/registered-workflow/runs/primary/run_0212
run_0213,sipakmed,densenet121,split_06,52,A,PASS,research-lab/experiments/registered-workflow/runs/primary/run_0213
run_0214,sipakmed,densenet121,split_06,52,B,PASS,research-lab/experiments/registered-workflow/runs/primary/run_0214
run_0215,sipakmed,efficientnet_b0,split_06,52,A,PASS,research-lab/experiments/registered-workflow/runs/primary/run_0215
run_0216,sipakmed,efficientnet_b0,split_06,52,B,PASS,research-lab/experiments/registered-workflow/runs/primary/run_0216
run_0217,sipakmed,resnet18,split_06,62,A,PASS,research-lab/experiments/registered-workflow/runs/primary/run_0217
run_0218,sipakmed,resnet18,split_06,62,B,PASS,research-lab/experiments/registered-workflow/runs/primary/run_0218
run_0219,sipakmed,resnet50,split_06,62,A,PASS,research-lab/experiments/registered-workflow/runs/primary/run_0219
run_0220,sipakmed,resnet50,split_06,62,B,PASS,research-lab/experiments/registered-workflow/runs/primary/run_0220
run_0221,sipakmed,densenet121,split_06,62,A,PASS,research-lab/experiments/registered-workflow/runs/primary/run_0221
run_0222,sipakmed,densenet121,split_06,62,B,PASS,research-lab/experiments/registered-workflow/runs/primary/run_0222
run_0223,sipakmed,efficientnet_b0,split_06,62,A,PASS,research-lab/experiments/registered-workflow/runs/primary/run_0223
run_0224,sipakmed,efficientnet_b0,split_06,62,B,PASS,research-lab/experiments/registered-workflow/runs/primary/run_0224
run_0241,sipakmed,resnet18,split_07,42,A,PASS,research-lab/experiments/registered-workflow/runs/primary/run_0241
run_0242,sipakmed,resnet18,split_07,42,B,PASS,research-lab/experiments/registered-workflow/runs/primary/run_0242
run_0243,sipakmed,resnet50,split_07,42,A,PASS,research-lab/experiments/registered-workflow/runs/primary/run_0243
run_0244,sipakmed,resnet50,split_07,42,B,PASS,research-lab/experiments/registered-workflow/runs/primary/run_0244
run_0245,sipakmed,densenet121,split_07,42,A,PASS,research-lab/experiments/registered-workflow/runs/primary/run_0245
run_0246,sipakmed,densenet121,split_07,42,B,PASS,research-lab/experiments/registered-workflow/runs/primary/run_0246
run_0247,sipakmed,efficientnet_b0,split_07,42,A,PASS,research-lab/experiments/registered-workflow/runs/primary/run_0247
run_0248,sipakmed,efficientnet_b0,split_07,42,B,PASS,research-lab/experiments/registered-workflow/runs/primary/run_0248
run_0249,sipakmed,resnet18,split_07,52,A,PASS,research-lab/experiments/registered-workflow/runs/primary/run_0249
run_0250,sipakmed,resnet18,split_07,52,B,PASS,research-lab/experiments/registered-workflow/runs/primary/run_0250
run_0251,sipakmed,resnet50,split_07,52,A,PASS,research-lab/experiments/registered-workflow/runs/primary/run_0251
run_0252,sipakmed,resnet50,split_07,52,B,PASS,research-lab/experiments/registered-workflow/runs/primary/run_0252
run_0253,sipakmed,densenet121,split_07,52,A,PASS,research-lab/experiments/registered-workflow/runs/primary/run_0253
run_0254,sipakmed,densenet121,split_07,52,B,PASS,research-lab/experiments/registered-workflow/runs/primary/run_0254
run_0255,sipakmed,efficientnet_b0,split_07,52,A,PASS,research-lab/experiments/registered-workflow/runs/primary/run_0255
run_0256,sipakmed,efficientnet_b0,split_07,52,B,PASS,research-lab/experiments/registered-workflow/runs/primary/run_0256
run_0257,sipakmed,resnet18,split_07,62,A,PASS,research-lab/experiments/registered-workflow/runs/primary/run_0257
run_0258,sipakmed,resnet18,split_07,62,B,PASS,research-lab/experiments/registered-workflow/runs/primary/run_0258
run_0259,sipakmed,resnet50,split_07,62,A,PASS,research-lab/experiments/registered-workflow/runs/primary/run_0259
run_0260,sipakmed,resnet50,split_07,62,B,PASS,research-lab/experiments/registered-workflow/runs/primary/run_0260
run_0261,sipakmed,densenet121,split_07,62,A,PASS,research-lab/experiments/registered-workflow/runs/primary/run_0261
run_0262,sipakmed,densenet121,split_07,62,B,PASS,research-lab/experiments/registered-workflow/runs/primary/run_0262
run_0263,sipakmed,efficientnet_b0,split_07,62,A,PASS,research-lab/experiments/registered-workflow/runs/primary/run_0263
run_0264,sipakmed,efficientnet_b0,split_07,62,B,PASS,research-lab/experiments/registered-workflow/runs/primary/run_0264
run_0281,sipakmed,resnet18,split_08,42,A,PASS,research-lab/experiments/registered-workflow/runs/primary/run_0281
run_0282,sipakmed,resnet18,split_08,42,B,PASS,research-lab/experiments/registered-workflow/runs/primary/run_0282
run_0283,sipakmed,resnet50,split_08,42,A,PASS,research-lab/experiments/registered-workflow/runs/primary/run_0283
run_0284,sipakmed,resnet50,split_08,42,B,PASS,research-lab/experiments/registered-workflow/runs/primary/run_0284
run_0285,sipakmed,densenet121,split_08,42,A,PASS,research-lab/experiments/registered-workflow/runs/primary/run_0285
run_0286,sipakmed,densenet121,split_08,42,B,PASS,research-lab/experiments/registered-workflow/runs/primary/run_0286
run_0287,sipakmed,efficientnet_b0,split_08,42,A,PASS,research-lab/experiments/registered-workflow/runs/primary/run_0287
run_0288,sipakmed,efficientnet_b0,split_08,42,B,PASS,research-lab/experiments/registered-workflow/runs/primary/run_0288
run_0289,sipakmed,resnet18,split_08,52,A,PASS,research-lab/experiments/registered-workflow/runs/primary/run_0289
run_0290,sipakmed,resnet18,split_08,52,B,PASS,research-lab/experiments/registered-workflow/runs/primary/run_0290
run_0291,sipakmed,resnet50,split_08,52,A,PASS,research-lab/experiments/registered-workflow/runs/primary/run_0291
run_0292,sipakmed,resnet50,split_08,52,B,PASS,research-lab/experiments/registered-workflow/runs/primary/run_0292
run_0293,sipakmed,densenet121,split_08,52,A,PASS,research-lab/experiments/registered-workflow/runs/primary/run_0293
run_0294,sipakmed,densenet121,split_08,52,B,PASS,research-lab/experiments/registered-workflow/runs/primary/run_0294
run_0295,sipakmed,efficientnet_b0,split_08,52,A,PASS,research-lab/experiments/registered-workflow/runs/primary/run_0295
run_0296,sipakmed,efficientnet_b0,split_08,52,B,PASS,research-lab/experiments/registered-workflow/runs/primary/run_0296
run_0297,sipakmed,resnet18,split_08,62,A,PASS,research-lab/experiments/registered-workflow/runs/primary/run_0297
run_0298,sipakmed,resnet18,split_08,62,B,PASS,research-lab/experiments/registered-workflow/runs/primary/run_0298
run_0299,sipakmed,resnet50,split_08,62,A,PASS,research-lab/experiments/registered-workflow/runs/primary/run_0299
run_0300,sipakmed,resnet50,split_08,62,B,PASS,research-lab/experiments/registered-workflow/runs/primary/run_0300
run_0301,sipakmed,densenet121,split_08,62,A,PASS,research-lab/experiments/registered-workflow/runs/primary/run_0301
run_0302,sipakmed,densenet121,split_08,62,B,PASS,research-lab/experiments/registered-workflow/runs/primary/run_0302
run_0303,sipakmed,efficientnet_b0,split_08,62,A,PASS,research-lab/experiments/registered-workflow/runs/primary/run_0303
run_0304,sipakmed,efficientnet_b0,split_08,62,B,PASS,research-lab/experiments/registered-workflow/runs/primary/run_0304
run_0321,sipakmed,resnet18,split_09,42,A,PASS,research-lab/experiments/registered-workflow/runs/primary/run_0321
run_0322,sipakmed,resnet18,split_09,42,B,PASS,research-lab/experiments/registered-workflow/runs/primary/run_0322
run_0323,sipakmed,resnet50,split_09,42,A,PASS,research-lab/experiments/registered-workflow/runs/primary/run_0323
run_0324,sipakmed,resnet50,split_09,42,B,PASS,research-lab/experiments/registered-workflow/runs/primary/run_0324
run_0325,sipakmed,densenet121,split_09,42,A,PASS,research-lab/experiments/registered-workflow/runs/primary/run_0325
run_0326,sipakmed,densenet121,split_09,42,B,PASS,research-lab/experiments/registered-workflow/runs/primary/run_0326
run_0327,sipakmed,efficientnet_b0,split_09,42,A,PASS,research-lab/experiments/registered-workflow/runs/primary/run_0327
run_0328,sipakmed,efficientnet_b0,split_09,42,B,PASS,research-lab/experiments/registered-workflow/runs/primary/run_0328
run_0329,sipakmed,resnet18,split_09,52,A,PASS,research-lab/experiments/registered-workflow/runs/primary/run_0329
run_0330,sipakmed,resnet18,split_09,52,B,PASS,research-lab/experiments/registered-workflow/runs/primary/run_0330
run_0331,sipakmed,resnet50,split_09,52,A,PASS,research-lab/experiments/registered-workflow/runs/primary/run_0331
run_0332,sipakmed,resnet50,split_09,52,B,PASS,research-lab/experiments/registered-workflow/runs/primary/run_0332
run_0333,sipakmed,densenet121,split_09,52,A,PASS,research-lab/experiments/registered-workflow/runs/primary/run_0333
run_0334,sipakmed,densenet121,split_09,52,B,PASS,research-lab/experiments/registered-workflow/runs/primary/run_0334
run_0335,sipakmed,efficientnet_b0,split_09,52,A,PASS,research-lab/experiments/registered-workflow/runs/primary/run_0335
run_0336,sipakmed,efficientnet_b0,split_09,52,B,PASS,research-lab/experiments/registered-workflow/runs/primary/run_0336
run_0337,sipakmed,resnet18,split_09,62,A,PASS,research-lab/experiments/registered-workflow/runs/primary/run_0337
run_0338,sipakmed,resnet18,split_09,62,B,PASS,research-lab/experiments/registered-workflow/runs/primary/run_0338
run_0339,sipakmed,resnet50,split_09,62,A,PASS,research-lab/experiments/registered-workflow/runs/primary/run_0339
run_0340,sipakmed,resnet50,split_09,62,B,PASS,research-lab/experiments/registered-workflow/runs/primary/run_0340
run_0341,sipakmed,densenet121,split_09,62,A,PASS,research-lab/experiments/registered-workflow/runs/primary/run_0341
run_0342,sipakmed,densenet121,split_09,62,B,PASS,research-lab/experiments/registered-workflow/runs/primary/run_0342
run_0343,sipakmed,efficientnet_b0,split_09,62,A,PASS,research-lab/experiments/registered-workflow/runs/primary/run_0343
run_0344,sipakmed,efficientnet_b0,split_09,62,B,PASS,research-lab/experiments/registered-workflow/runs/primary/run_0344
run_0361,sipakmed,resnet18,split_10,42,A,PASS,research-lab/experiments/registered-workflow/runs/primary/run_0361
run_0362,sipakmed,resnet18,split_10,42,B,PASS,research-lab/experiments/registered-workflow/runs/primary/run_0362
run_0363,sipakmed,resnet50,split_10,42,A,PASS,research-lab/experiments/registered-workflow/runs/primary/run_0363
run_0364,sipakmed,resnet50,split_10,42,B,PASS,research-lab/experiments/registered-workflow/runs/primary/run_0364
run_0365,sipakmed,densenet121,split_10,42,A,PASS,research-lab/experiments/registered-workflow/runs/primary/run_0365
run_0366,sipakmed,densenet121,split_10,42,B,PASS,research-lab/experiments/registered-workflow/runs/primary/run_0366
run_0367,sipakmed,efficientnet_b0,split_10,42,A,PASS,research-lab/experiments/registered-workflow/runs/primary/run_0367
run_0368,sipakmed,efficientnet_b0,split_10,42,B,PASS,research-lab/experiments/registered-workflow/runs/primary/run_0368
run_0369,sipakmed,resnet18,split_10,52,A,PASS,research-lab/experiments/registered-workflow/runs/primary/run_0369
run_0370,sipakmed,resnet18,split_10,52,B,PASS,research-lab/experiments/registered-workflow/runs/primary/run_0370
run_0371,sipakmed,resnet50,split_10,52,A,PASS,research-lab/experiments/registered-workflow/runs/primary/run_0371
run_0372,sipakmed,resnet50,split_10,52,B,PASS,research-lab/experiments/registered-workflow/runs/primary/run_0372
run_0373,sipakmed,densenet121,split_10,52,A,PASS,research-lab/experiments/registered-workflow/runs/primary/run_0373
run_0374,sipakmed,densenet121,split_10,52,B,PASS,research-lab/experiments/registered-workflow/runs/primary/run_0374
run_0375,sipakmed,efficientnet_b0,split_10,52,A,PASS,research-lab/experiments/registered-workflow/runs/primary/run_0375
run_0376,sipakmed,efficientnet_b0,split_10,52,B,PASS,research-lab/experiments/registered-workflow/runs/primary/run_0376
run_0377,sipakmed,resnet18,split_10,62,A,PASS,research-lab/experiments/registered-workflow/runs/primary/run_0377
run_0378,sipakmed,resnet18,split_10,62,B,PASS,research-lab/experiments/registered-workflow/runs/primary/run_0378
run_0379,sipakmed,resnet50,split_10,62,A,PASS,research-lab/experiments/registered-workflow/runs/primary/run_0379
run_0380,sipakmed,resnet50,split_10,62,B,PASS,research-lab/experiments/registered-workflow/runs/primary/run_0380
run_0381,sipakmed,densenet121,split_10,62,A,PASS,research-lab/experiments/registered-workflow/runs/primary/run_0381
run_0382,sipakmed,densenet121,split_10,62,B,PASS,research-lab/experiments/registered-workflow/runs/primary/run_0382
run_0383,sipakmed,efficientnet_b0,split_10,62,A,PASS,research-lab/experiments/registered-workflow/runs/primary/run_0383
run_0384,sipakmed,efficientnet_b0,split_10,62,B,PASS,research-lab/experiments/registered-workflow/runs/primary/run_0384
run_0401,organamnist,resnet18,split_01,42,A,PASS,research-lab/experiments/registered-workflow/runs/primary/run_0401
run_0402,organamnist,resnet18,split_01,42,B,PASS,research-lab/experiments/registered-workflow/runs/primary/run_0402
run_0403,organamnist,resnet50,split_01,42,A,PASS,research-lab/experiments/registered-workflow/runs/primary/run_0403
run_0404,organamnist,resnet50,split_01,42,B,PASS,research-lab/experiments/registered-workflow/runs/primary/run_0404
run_0405,organamnist,densenet121,split_01,42,A,PASS,research-lab/experiments/registered-workflow/runs/primary/run_0405
run_0406,organamnist,densenet121,split_01,42,B,PASS,research-lab/experiments/registered-workflow/runs/primary/run_0406
run_0407,organamnist,efficientnet_b0,split_01,42,A,PASS,research-lab/experiments/registered-workflow/runs/primary/run_0407
run_0408,organamnist,efficientnet_b0,split_01,42,B,PASS,research-lab/experiments/registered-workflow/runs/primary/run_0408
run_0409,organamnist,resnet18,split_01,52,A,PASS,research-lab/experiments/registered-workflow/runs/primary/run_0409
run_0410,organamnist,resnet18,split_01,52,B,PASS,research-lab/experiments/registered-workflow/runs/primary/run_0410
run_0411,organamnist,resnet50,split_01,52,A,PASS,research-lab/experiments/registered-workflow/runs/primary/run_0411
run_0412,organamnist,resnet50,split_01,52,B,PASS,research-lab/experiments/registered-workflow/runs/primary/run_0412
run_0413,organamnist,densenet121,split_01,52,A,PASS,research-lab/experiments/registered-workflow/runs/primary/run_0413
run_0414,organamnist,densenet121,split_01,52,B,PASS,research-lab/experiments/registered-workflow/runs/primary/run_0414
run_0415,organamnist,efficientnet_b0,split_01,52,A,PASS,research-lab/experiments/registered-workflow/runs/primary/run_0415
run_0416,organamnist,efficientnet_b0,split_01,52,B,PASS,research-lab/experiments/registered-workflow/runs/primary/run_0416
run_0417,organamnist,resnet18,split_01,62,A,PASS,research-lab/experiments/registered-workflow/runs/primary/run_0417
run_0418,organamnist,resnet18,split_01,62,B,PASS,research-lab/experiments/registered-workflow/runs/primary/run_0418
run_0419,organamnist,resnet50,split_01,62,A,PASS,research-lab/experiments/registered-workflow/runs/primary/run_0419
run_0420,organamnist,resnet50,split_01,62,B,PASS,research-lab/experiments/registered-workflow/runs/primary/run_0420
run_0421,organamnist,densenet121,split_01,62,A,PASS,research-lab/experiments/registered-workflow/runs/primary/run_0421
run_0422,organamnist,densenet121,split_01,62,B,PASS,research-lab/experiments/registered-workflow/runs/primary/run_0422
run_0423,organamnist,efficientnet_b0,split_01,62,A,PASS,research-lab/experiments/registered-workflow/runs/primary/run_0423
run_0424,organamnist,efficientnet_b0,split_01,62,B,PASS,research-lab/experiments/registered-workflow/runs/primary/run_0424
run_0441,organamnist,resnet18,split_02,42,A,PASS,research-lab/experiments/registered-workflow/runs/primary/run_0441
run_0442,organamnist,resnet18,split_02,42,B,PASS,research-lab/experiments/registered-workflow/runs/primary/run_0442
run_0443,organamnist,resnet50,split_02,42,A,PASS,research-lab/experiments/registered-workflow/runs/primary/run_0443
run_0444,organamnist,resnet50,split_02,42,B,PASS,research-lab/experiments/registered-workflow/runs/primary/run_0444
run_0445,organamnist,densenet121,split_02,42,A,PASS,research-lab/experiments/registered-workflow/runs/primary/run_0445
run_0446,organamnist,densenet121,split_02,42,B,PASS,research-lab/experiments/registered-workflow/runs/primary/run_0446
run_0447,organamnist,efficientnet_b0,split_02,42,A,PASS,research-lab/experiments/registered-workflow/runs/primary/run_0447
run_0448,organamnist,efficientnet_b0,split_02,42,B,PASS,research-lab/experiments/registered-workflow/runs/primary/run_0448
run_0449,organamnist,resnet18,split_02,52,A,PASS,research-lab/experiments/registered-workflow/runs/primary/run_0449
run_0450,organamnist,resnet18,split_02,52,B,PASS,research-lab/experiments/registered-workflow/runs/primary/run_0450
run_0451,organamnist,resnet50,split_02,52,A,PASS,research-lab/experiments/registered-workflow/runs/primary/run_0451
run_0452,organamnist,resnet50,split_02,52,B,PASS,research-lab/experiments/registered-workflow/runs/primary/run_0452
run_0453,organamnist,densenet121,split_02,52,A,PASS,research-lab/experiments/registered-workflow/runs/primary/run_0453
run_0454,organamnist,densenet121,split_02,52,B,PASS,research-lab/experiments/registered-workflow/runs/primary/run_0454
run_0455,organamnist,efficientnet_b0,split_02,52,A,PASS,research-lab/experiments/registered-workflow/runs/primary/run_0455
run_0456,organamnist,efficientnet_b0,split_02,52,B,PASS,research-lab/experiments/registered-workflow/runs/primary/run_0456
run_0457,organamnist,resnet18,split_02,62,A,PASS,research-lab/experiments/registered-workflow/runs/primary/run_0457
run_0458,organamnist,resnet18,split_02,62,B,PASS,research-lab/experiments/registered-workflow/runs/primary/run_0458
run_0459,organamnist,resnet50,split_02,62,A,PASS,research-lab/experiments/registered-workflow/runs/primary/run_0459
run_0460,organamnist,resnet50,split_02,62,B,PASS,research-lab/experiments/registered-workflow/runs/primary/run_0460
run_0461,organamnist,densenet121,split_02,62,A,PASS,research-lab/experiments/registered-workflow/runs/primary/run_0461
run_0462,organamnist,densenet121,split_02,62,B,PASS,research-lab/experiments/registered-workflow/runs/primary/run_0462
run_0463,organamnist,efficientnet_b0,split_02,62,A,PASS,research-lab/experiments/registered-workflow/runs/primary/run_0463
run_0464,organamnist,efficientnet_b0,split_02,62,B,PASS,research-lab/experiments/registered-workflow/runs/primary/run_0464
run_0481,organamnist,resnet18,split_03,42,A,PASS,research-lab/experiments/registered-workflow/runs/primary/run_0481
run_0482,organamnist,resnet18,split_03,42,B,PASS,research-lab/experiments/registered-workflow/runs/primary/run_0482
run_0483,organamnist,resnet50,split_03,42,A,PASS,research-lab/experiments/registered-workflow/runs/primary/run_0483
run_0484,organamnist,resnet50,split_03,42,B,PASS,research-lab/experiments/registered-workflow/runs/primary/run_0484
run_0485,organamnist,densenet121,split_03,42,A,PASS,research-lab/experiments/registered-workflow/runs/primary/run_0485
run_0486,organamnist,densenet121,split_03,42,B,PASS,research-lab/experiments/registered-workflow/runs/primary/run_0486
run_0487,organamnist,efficientnet_b0,split_03,42,A,PASS,research-lab/experiments/registered-workflow/runs/primary/run_0487
run_0488,organamnist,efficientnet_b0,split_03,42,B,PASS,research-lab/experiments/registered-workflow/runs/primary/run_0488
run_0489,organamnist,resnet18,split_03,52,A,PASS,research-lab/experiments/registered-workflow/runs/primary/run_0489
run_0490,organamnist,resnet18,split_03,52,B,PASS,research-lab/experiments/registered-workflow/runs/primary/run_0490
run_0491,organamnist,resnet50,split_03,52,A,PASS,research-lab/experiments/registered-workflow/runs/primary/run_0491
run_0492,organamnist,resnet50,split_03,52,B,PASS,research-lab/experiments/registered-workflow/runs/primary/run_0492
run_0493,organamnist,densenet121,split_03,52,A,PASS,research-lab/experiments/registered-workflow/runs/primary/run_0493
run_0494,organamnist,densenet121,split_03,52,B,PASS,research-lab/experiments/registered-workflow/runs/primary/run_0494
run_0495,organamnist,efficientnet_b0,split_03,52,A,PASS,research-lab/experiments/registered-workflow/runs/primary/run_0495
run_0496,organamnist,efficientnet_b0,split_03,52,B,PASS,research-lab/experiments/registered-workflow/runs/primary/run_0496
run_0497,organamnist,resnet18,split_03,62,A,PASS,research-lab/experiments/registered-workflow/runs/primary/run_0497
run_0498,organamnist,resnet18,split_03,62,B,PASS,research-lab/experiments/registered-workflow/runs/primary/run_0498
run_0499,organamnist,resnet50,split_03,62,A,PASS,research-lab/experiments/registered-workflow/runs/primary/run_0499
run_0500,organamnist,resnet50,split_03,62,B,PASS,research-lab/experiments/registered-workflow/runs/primary/run_0500
run_0501,organamnist,densenet121,split_03,62,A,PASS,research-lab/experiments/registered-workflow/runs/primary/run_0501
run_0502,organamnist,densenet121,split_03,62,B,PASS,research-lab/experiments/registered-workflow/runs/primary/run_0502
run_0503,organamnist,efficientnet_b0,split_03,62,A,PASS,research-lab/experiments/registered-workflow/runs/primary/run_0503
run_0504,organamnist,efficientnet_b0,split_03,62,B,PASS,research-lab/experiments/registered-workflow/runs/primary/run_0504
run_0521,organamnist,resnet18,split_04,42,A,PASS,research-lab/experiments/registered-workflow/runs/primary/run_0521
run_0522,organamnist,resnet18,split_04,42,B,PASS,research-lab/experiments/registered-workflow/runs/primary/run_0522
run_0523,organamnist,resnet50,split_04,42,A,PASS,research-lab/experiments/registered-workflow/runs/primary/run_0523
run_0524,organamnist,resnet50,split_04,42,B,PASS,research-lab/experiments/registered-workflow/runs/primary/run_0524
run_0525,organamnist,densenet121,split_04,42,A,PASS,research-lab/experiments/registered-workflow/runs/primary/run_0525
run_0526,organamnist,densenet121,split_04,42,B,PASS,research-lab/experiments/registered-workflow/runs/primary/run_0526
run_0527,organamnist,efficientnet_b0,split_04,42,A,PASS,research-lab/experiments/registered-workflow/runs/primary/run_0527
run_0528,organamnist,efficientnet_b0,split_04,42,B,PASS,research-lab/experiments/registered-workflow/runs/primary/run_0528
run_0529,organamnist,resnet18,split_04,52,A,PASS,research-lab/experiments/registered-workflow/runs/primary/run_0529
run_0530,organamnist,resnet18,split_04,52,B,PASS,research-lab/experiments/registered-workflow/runs/primary/run_0530
run_0531,organamnist,resnet50,split_04,52,A,PASS,research-lab/experiments/registered-workflow/runs/primary/run_0531
run_0532,organamnist,resnet50,split_04,52,B,PASS,research-lab/experiments/registered-workflow/runs/primary/run_0532
run_0533,organamnist,densenet121,split_04,52,A,PASS,research-lab/experiments/registered-workflow/runs/primary/run_0533
run_0534,organamnist,densenet121,split_04,52,B,PASS,research-lab/experiments/registered-workflow/runs/primary/run_0534
run_0535,organamnist,efficientnet_b0,split_04,52,A,PASS,research-lab/experiments/registered-workflow/runs/primary/run_0535
run_0536,organamnist,efficientnet_b0,split_04,52,B,PASS,research-lab/experiments/registered-workflow/runs/primary/run_0536
run_0537,organamnist,resnet18,split_04,62,A,PASS,research-lab/experiments/registered-workflow/runs/primary/run_0537
run_0538,organamnist,resnet18,split_04,62,B,PASS,research-lab/experiments/registered-workflow/runs/primary/run_0538
run_0539,organamnist,resnet50,split_04,62,A,PASS,research-lab/experiments/registered-workflow/runs/primary/run_0539
run_0540,organamnist,resnet50,split_04,62,B,PASS,research-lab/experiments/registered-workflow/runs/primary/run_0540
run_0541,organamnist,densenet121,split_04,62,A,PASS,research-lab/experiments/registered-workflow/runs/primary/run_0541
run_0542,organamnist,densenet121,split_04,62,B,PASS,research-lab/experiments/registered-workflow/runs/primary/run_0542
run_0543,organamnist,efficientnet_b0,split_04,62,A,PASS,research-lab/experiments/registered-workflow/runs/primary/run_0543
run_0544,organamnist,efficientnet_b0,split_04,62,B,PASS,research-lab/experiments/registered-workflow/runs/primary/run_0544
run_0561,organamnist,resnet18,split_05,42,A,PASS,research-lab/experiments/registered-workflow/runs/primary/run_0561
run_0562,organamnist,resnet18,split_05,42,B,PASS,research-lab/experiments/registered-workflow/runs/primary/run_0562
run_0563,organamnist,resnet50,split_05,42,A,PASS,research-lab/experiments/registered-workflow/runs/primary/run_0563
run_0564,organamnist,resnet50,split_05,42,B,PASS,research-lab/experiments/registered-workflow/runs/primary/run_0564
run_0565,organamnist,densenet121,split_05,42,A,PASS,research-lab/experiments/registered-workflow/runs/primary/run_0565
run_0566,organamnist,densenet121,split_05,42,B,PASS,research-lab/experiments/registered-workflow/runs/primary/run_0566
run_0567,organamnist,efficientnet_b0,split_05,42,A,PASS,research-lab/experiments/registered-workflow/runs/primary/run_0567
run_0568,organamnist,efficientnet_b0,split_05,42,B,PASS,research-lab/experiments/registered-workflow/runs/primary/run_0568
run_0569,organamnist,resnet18,split_05,52,A,PASS,research-lab/experiments/registered-workflow/runs/primary/run_0569
run_0570,organamnist,resnet18,split_05,52,B,PASS,research-lab/experiments/registered-workflow/runs/primary/run_0570
run_0571,organamnist,resnet50,split_05,52,A,PASS,research-lab/experiments/registered-workflow/runs/primary/run_0571
run_0572,organamnist,resnet50,split_05,52,B,PASS,research-lab/experiments/registered-workflow/runs/primary/run_0572
run_0573,organamnist,densenet121,split_05,52,A,PASS,research-lab/experiments/registered-workflow/runs/primary/run_0573
run_0574,organamnist,densenet121,split_05,52,B,PASS,research-lab/experiments/registered-workflow/runs/primary/run_0574
run_0575,organamnist,efficientnet_b0,split_05,52,A,PASS,research-lab/experiments/registered-workflow/runs/primary/run_0575
run_0576,organamnist,efficientnet_b0,split_05,52,B,PASS,research-lab/experiments/registered-workflow/runs/primary/run_0576
run_0577,organamnist,resnet18,split_05,62,A,PASS,research-lab/experiments/registered-workflow/runs/primary/run_0577
run_0578,organamnist,resnet18,split_05,62,B,PASS,research-lab/experiments/registered-workflow/runs/primary/run_0578
run_0579,organamnist,resnet50,split_05,62,A,PASS,research-lab/experiments/registered-workflow/runs/primary/run_0579
run_0580,organamnist,resnet50,split_05,62,B,PASS,research-lab/experiments/registered-workflow/runs/primary/run_0580
run_0581,organamnist,densenet121,split_05,62,A,PASS,research-lab/experiments/registered-workflow/runs/primary/run_0581
run_0582,organamnist,densenet121,split_05,62,B,PASS,research-lab/experiments/registered-workflow/runs/primary/run_0582
run_0583,organamnist,efficientnet_b0,split_05,62,A,PASS,research-lab/experiments/registered-workflow/runs/primary/run_0583
run_0584,organamnist,efficientnet_b0,split_05,62,B,PASS,research-lab/experiments/registered-workflow/runs/primary/run_0584
run_0601,organamnist,resnet18,split_06,42,A,PASS,research-lab/experiments/registered-workflow/runs/primary/run_0601
run_0602,organamnist,resnet18,split_06,42,B,PASS,research-lab/experiments/registered-workflow/runs/primary/run_0602
run_0603,organamnist,resnet50,split_06,42,A,PASS,research-lab/experiments/registered-workflow/runs/primary/run_0603
run_0604,organamnist,resnet50,split_06,42,B,PASS,research-lab/experiments/registered-workflow/runs/primary/run_0604
run_0605,organamnist,densenet121,split_06,42,A,PASS,research-lab/experiments/registered-workflow/runs/primary/run_0605
run_0606,organamnist,densenet121,split_06,42,B,PASS,research-lab/experiments/registered-workflow/runs/primary/run_0606
run_0607,organamnist,efficientnet_b0,split_06,42,A,PASS,research-lab/experiments/registered-workflow/runs/primary/run_0607
run_0608,organamnist,efficientnet_b0,split_06,42,B,PASS,research-lab/experiments/registered-workflow/runs/primary/run_0608
run_0609,organamnist,resnet18,split_06,52,A,PASS,research-lab/experiments/registered-workflow/runs/primary/run_0609
run_0610,organamnist,resnet18,split_06,52,B,PASS,research-lab/experiments/registered-workflow/runs/primary/run_0610
run_0611,organamnist,resnet50,split_06,52,A,PASS,research-lab/experiments/registered-workflow/runs/primary/run_0611
run_0612,organamnist,resnet50,split_06,52,B,PASS,research-lab/experiments/registered-workflow/runs/primary/run_0612
run_0613,organamnist,densenet121,split_06,52,A,PASS,research-lab/experiments/registered-workflow/runs/primary/run_0613
run_0614,organamnist,densenet121,split_06,52,B,PASS,research-lab/experiments/registered-workflow/runs/primary/run_0614
run_0615,organamnist,efficientnet_b0,split_06,52,A,PASS,research-lab/experiments/registered-workflow/runs/primary/run_0615
run_0616,organamnist,efficientnet_b0,split_06,52,B,PASS,research-lab/experiments/registered-workflow/runs/primary/run_0616
run_0617,organamnist,resnet18,split_06,62,A,PASS,research-lab/experiments/registered-workflow/runs/primary/run_0617
run_0618,organamnist,resnet18,split_06,62,B,PASS,research-lab/experiments/registered-workflow/runs/primary/run_0618
run_0619,organamnist,resnet50,split_06,62,A,PASS,research-lab/experiments/registered-workflow/runs/primary/run_0619
run_0620,organamnist,resnet50,split_06,62,B,PASS,research-lab/experiments/registered-workflow/runs/primary/run_0620
run_0621,organamnist,densenet121,split_06,62,A,PASS,research-lab/experiments/registered-workflow/runs/primary/run_0621
run_0622,organamnist,densenet121,split_06,62,B,PASS,research-lab/experiments/registered-workflow/runs/primary/run_0622
run_0623,organamnist,efficientnet_b0,split_06,62,A,PASS,research-lab/experiments/registered-workflow/runs/primary/run_0623
run_0624,organamnist,efficientnet_b0,split_06,62,B,PASS,research-lab/experiments/registered-workflow/runs/primary/run_0624
run_0641,organamnist,resnet18,split_07,42,A,PASS,research-lab/experiments/registered-workflow/runs/primary/run_0641
run_0642,organamnist,resnet18,split_07,42,B,PASS,research-lab/experiments/registered-workflow/runs/primary/run_0642
run_0643,organamnist,resnet50,split_07,42,A,PASS,research-lab/experiments/registered-workflow/runs/primary/run_0643
run_0644,organamnist,resnet50,split_07,42,B,PASS,research-lab/experiments/registered-workflow/runs/primary/run_0644
run_0645,organamnist,densenet121,split_07,42,A,PASS,research-lab/experiments/registered-workflow/runs/primary/run_0645
run_0646,organamnist,densenet121,split_07,42,B,PASS,research-lab/experiments/registered-workflow/runs/primary/run_0646
run_0647,organamnist,efficientnet_b0,split_07,42,A,PASS,research-lab/experiments/registered-workflow/runs/primary/run_0647
run_0648,organamnist,efficientnet_b0,split_07,42,B,PASS,research-lab/experiments/registered-workflow/runs/primary/run_0648
run_0649,organamnist,resnet18,split_07,52,A,PASS,research-lab/experiments/registered-workflow/runs/primary/run_0649
run_0650,organamnist,resnet18,split_07,52,B,PASS,research-lab/experiments/registered-workflow/runs/primary/run_0650
run_0651,organamnist,resnet50,split_07,52,A,PASS,research-lab/experiments/registered-workflow/runs/primary/run_0651
run_0652,organamnist,resnet50,split_07,52,B,PASS,research-lab/experiments/registered-workflow/runs/primary/run_0652
run_0653,organamnist,densenet121,split_07,52,A,PASS,research-lab/experiments/registered-workflow/runs/primary/run_0653
run_0654,organamnist,densenet121,split_07,52,B,PASS,research-lab/experiments/registered-workflow/runs/primary/run_0654
run_0655,organamnist,efficientnet_b0,split_07,52,A,PASS,research-lab/experiments/registered-workflow/runs/primary/run_0655
run_0656,organamnist,efficientnet_b0,split_07,52,B,PASS,research-lab/experiments/registered-workflow/runs/primary/run_0656
run_0657,organamnist,resnet18,split_07,62,A,PASS,research-lab/experiments/registered-workflow/runs/primary/run_0657
run_0658,organamnist,resnet18,split_07,62,B,PASS,research-lab/experiments/registered-workflow/runs/primary/run_0658
run_0659,organamnist,resnet50,split_07,62,A,PASS,research-lab/experiments/registered-workflow/runs/primary/run_0659
run_0660,organamnist,resnet50,split_07,62,B,PASS,research-lab/experiments/registered-workflow/runs/primary/run_0660
run_0661,organamnist,densenet121,split_07,62,A,PASS,research-lab/experiments/registered-workflow/runs/primary/run_0661
run_0662,organamnist,densenet121,split_07,62,B,PASS,research-lab/experiments/registered-workflow/runs/primary/run_0662
run_0663,organamnist,efficientnet_b0,split_07,62,A,PASS,research-lab/experiments/registered-workflow/runs/primary/run_0663
run_0664,organamnist,efficientnet_b0,split_07,62,B,PASS,research-lab/experiments/registered-workflow/runs/primary/run_0664
run_0681,organamnist,resnet18,split_08,42,A,PASS,research-lab/experiments/registered-workflow/runs/primary/run_0681
run_0682,organamnist,resnet18,split_08,42,B,PASS,research-lab/experiments/registered-workflow/runs/primary/run_0682
run_0683,organamnist,resnet50,split_08,42,A,PASS,research-lab/experiments/registered-workflow/runs/primary/run_0683
run_0684,organamnist,resnet50,split_08,42,B,PASS,research-lab/experiments/registered-workflow/runs/primary/run_0684
run_0685,organamnist,densenet121,split_08,42,A,PASS,research-lab/experiments/registered-workflow/runs/primary/run_0685
run_0686,organamnist,densenet121,split_08,42,B,PASS,research-lab/experiments/registered-workflow/runs/primary/run_0686
run_0687,organamnist,efficientnet_b0,split_08,42,A,PASS,research-lab/experiments/registered-workflow/runs/primary/run_0687
run_0688,organamnist,efficientnet_b0,split_08,42,B,PASS,research-lab/experiments/registered-workflow/runs/primary/run_0688
run_0689,organamnist,resnet18,split_08,52,A,PASS,research-lab/experiments/registered-workflow/runs/primary/run_0689
run_0690,organamnist,resnet18,split_08,52,B,PASS,research-lab/experiments/registered-workflow/runs/primary/run_0690
run_0691,organamnist,resnet50,split_08,52,A,PASS,research-lab/experiments/registered-workflow/runs/primary/run_0691
run_0692,organamnist,resnet50,split_08,52,B,PASS,research-lab/experiments/registered-workflow/runs/primary/run_0692
run_0693,organamnist,densenet121,split_08,52,A,PASS,research-lab/experiments/registered-workflow/runs/primary/run_0693
run_0694,organamnist,densenet121,split_08,52,B,PASS,research-lab/experiments/registered-workflow/runs/primary/run_0694
run_0695,organamnist,efficientnet_b0,split_08,52,A,PASS,research-lab/experiments/registered-workflow/runs/primary/run_0695
run_0696,organamnist,efficientnet_b0,split_08,52,B,PASS,research-lab/experiments/registered-workflow/runs/primary/run_0696
run_0697,organamnist,resnet18,split_08,62,A,PASS,research-lab/experiments/registered-workflow/runs/primary/run_0697
run_0698,organamnist,resnet18,split_08,62,B,PASS,research-lab/experiments/registered-workflow/runs/primary/run_0698
run_0699,organamnist,resnet50,split_08,62,A,PASS,research-lab/experiments/registered-workflow/runs/primary/run_0699
run_0700,organamnist,resnet50,split_08,62,B,PASS,research-lab/experiments/registered-workflow/runs/primary/run_0700
run_0701,organamnist,densenet121,split_08,62,A,PASS,research-lab/experiments/registered-workflow/runs/primary/run_0701
run_0702,organamnist,densenet121,split_08,62,B,PASS,research-lab/experiments/registered-workflow/runs/primary/run_0702
run_0703,organamnist,efficientnet_b0,split_08,62,A,PASS,research-lab/experiments/registered-workflow/runs/primary/run_0703
run_0704,organamnist,efficientnet_b0,split_08,62,B,PASS,research-lab/experiments/registered-workflow/runs/primary/run_0704
run_0721,organamnist,resnet18,split_09,42,A,PASS,research-lab/experiments/registered-workflow/runs/primary/run_0721
run_0722,organamnist,resnet18,split_09,42,B,PASS,research-lab/experiments/registered-workflow/runs/primary/run_0722
run_0723,organamnist,resnet50,split_09,42,A,PASS,research-lab/experiments/registered-workflow/runs/primary/run_0723
run_0724,organamnist,resnet50,split_09,42,B,PASS,research-lab/experiments/registered-workflow/runs/primary/run_0724
run_0725,organamnist,densenet121,split_09,42,A,PASS,research-lab/experiments/registered-workflow/runs/primary/run_0725
run_0726,organamnist,densenet121,split_09,42,B,PASS,research-lab/experiments/registered-workflow/runs/primary/run_0726
run_0727,organamnist,efficientnet_b0,split_09,42,A,PASS,research-lab/experiments/registered-workflow/runs/primary/run_0727
run_0728,organamnist,efficientnet_b0,split_09,42,B,PASS,research-lab/experiments/registered-workflow/runs/primary/run_0728
run_0729,organamnist,resnet18,split_09,52,A,PASS,research-lab/experiments/registered-workflow/runs/primary/run_0729
run_0730,organamnist,resnet18,split_09,52,B,PASS,research-lab/experiments/registered-workflow/runs/primary/run_0730
run_0731,organamnist,resnet50,split_09,52,A,PASS,research-lab/experiments/registered-workflow/runs/primary/run_0731
run_0732,organamnist,resnet50,split_09,52,B,PASS,research-lab/experiments/registered-workflow/runs/primary/run_0732
run_0733,organamnist,densenet121,split_09,52,A,PASS,research-lab/experiments/registered-workflow/runs/primary/run_0733
run_0734,organamnist,densenet121,split_09,52,B,PASS,research-lab/experiments/registered-workflow/runs/primary/run_0734
run_0735,organamnist,efficientnet_b0,split_09,52,A,PASS,research-lab/experiments/registered-workflow/runs/primary/run_0735
run_0736,organamnist,efficientnet_b0,split_09,52,B,PASS,research-lab/experiments/registered-workflow/runs/primary/run_0736
run_0737,organamnist,resnet18,split_09,62,A,PASS,research-lab/experiments/registered-workflow/runs/primary/run_0737
run_0738,organamnist,resnet18,split_09,62,B,PASS,research-lab/experiments/registered-workflow/runs/primary/run_0738
run_0739,organamnist,resnet50,split_09,62,A,PASS,research-lab/experiments/registered-workflow/runs/primary/run_0739
run_0740,organamnist,resnet50,split_09,62,B,PASS,research-lab/experiments/registered-workflow/runs/primary/run_0740
run_0741,organamnist,densenet121,split_09,62,A,PASS,research-lab/experiments/registered-workflow/runs/primary/run_0741
run_0742,organamnist,densenet121,split_09,62,B,PASS,research-lab/experiments/registered-workflow/runs/primary/run_0742
run_0743,organamnist,efficientnet_b0,split_09,62,A,PASS,research-lab/experiments/registered-workflow/runs/primary/run_0743
run_0744,organamnist,efficientnet_b0,split_09,62,B,PASS,research-lab/experiments/registered-workflow/runs/primary/run_0744
run_0761,organamnist,resnet18,split_10,42,A,PASS,research-lab/experiments/registered-workflow/runs/primary/run_0761
run_0762,organamnist,resnet18,split_10,42,B,PASS,research-lab/experiments/registered-workflow/runs/primary/run_0762
run_0763,organamnist,resnet50,split_10,42,A,PASS,research-lab/experiments/registered-workflow/runs/primary/run_0763
run_0764,organamnist,resnet50,split_10,42,B,PASS,research-lab/experiments/registered-workflow/runs/primary/run_0764
run_0765,organamnist,densenet121,split_10,42,A,PASS,research-lab/experiments/registered-workflow/runs/primary/run_0765
run_0766,organamnist,densenet121,split_10,42,B,PASS,research-lab/experiments/registered-workflow/runs/primary/run_0766
run_0767,organamnist,efficientnet_b0,split_10,42,A,PASS,research-lab/experiments/registered-workflow/runs/primary/run_0767
run_0768,organamnist,efficientnet_b0,split_10,42,B,PASS,research-lab/experiments/registered-workflow/runs/primary/run_0768
run_0769,organamnist,resnet18,split_10,52,A,PASS,research-lab/experiments/registered-workflow/runs/primary/run_0769
run_0770,organamnist,resnet18,split_10,52,B,PASS,research-lab/experiments/registered-workflow/runs/primary/run_0770
run_0771,organamnist,resnet50,split_10,52,A,PASS,research-lab/experiments/registered-workflow/runs/primary/run_0771
run_0772,organamnist,resnet50,split_10,52,B,PASS,research-lab/experiments/registered-workflow/runs/primary/run_0772
run_0773,organamnist,densenet121,split_10,52,A,PASS,research-lab/experiments/registered-workflow/runs/primary/run_0773
run_0774,organamnist,densenet121,split_10,52,B,PASS,research-lab/experiments/registered-workflow/runs/primary/run_0774
run_0775,organamnist,efficientnet_b0,split_10,52,A,PASS,research-lab/experiments/registered-workflow/runs/primary/run_0775
run_0776,organamnist,efficientnet_b0,split_10,52,B,PASS,research-lab/experiments/registered-workflow/runs/primary/run_0776
run_0777,organamnist,resnet18,split_10,62,A,PASS,research-lab/experiments/registered-workflow/runs/primary/run_0777
run_0778,organamnist,resnet18,split_10,62,B,PASS,research-lab/experiments/registered-workflow/runs/primary/run_0778
run_0779,organamnist,resnet50,split_10,62,A,PASS,research-lab/experiments/registered-workflow/runs/primary/run_0779
run_0780,organamnist,resnet50,split_10,62,B,PASS,research-lab/experiments/registered-workflow/runs/primary/run_0780
run_0781,organamnist,densenet121,split_10,62,A,PASS,research-lab/experiments/registered-workflow/runs/primary/run_0781
run_0782,organamnist,densenet121,split_10,62,B,PASS,research-lab/experiments/registered-workflow/runs/primary/run_0782
run_0783,organamnist,efficientnet_b0,split_10,62,A,PASS,research-lab/experiments/registered-workflow/runs/primary/run_0783
run_0784,organamnist,efficientnet_b0,split_10,62,B,PASS,research-lab/experiments/registered-workflow/runs/primary/run_0784
