stratum,model,f,CI_low,CI_high,resampling,contexts
organamnist_A_cnn4_all5,resnet18,0.62,0.38,0.8399999999999999,crossed,50
organamnist_A_cnn4_all5,resnet50,0.38,0.16,0.62,crossed,50
organamnist_A_cnn4_all5,densenet121,0.0,0.0,0.0,crossed,50
organamnist_A_cnn4_all5,efficientnet_b0,0.0,0.0,0.0,crossed,50
organamnist_B_cnn4_all5,resnet18,0.4,0.2,0.5999999999999999,crossed,50
organamnist_B_cnn4_all5,resnet50,0.5999999999999999,0.4,0.8,crossed,50
organamnist_B_cnn4_all5,densenet121,0.0,0.0,0.0,crossed,50
organamnist_B_cnn4_all5,efficientnet_b0,0.0,0.0,0.0,crossed,50
sipakmed_A_cnn4_all5,resnet18,0.52,0.28,0.76,crossed,50
sipakmed_A_cnn4_all5,resnet50,0.38,0.1795000000000004,0.5999999999999999,crossed,50
sipakmed_A_cnn4_all5,densenet121,0.1,0.0,0.2399999999999999,crossed,50
sipakmed_A_cnn4_all5,efficientnet_b0,0.0,0.0,0.0,crossed,50
sipakmed_B_cnn4_all5,resnet18,0.44,0.22,0.68,crossed,50
sipakmed_B_cnn4_all5,resnet50,0.44,0.22,0.68,crossed,50
sipakmed_B_cnn4_all5,densenet121,0.12,0.0,0.28,crossed,50
sipakmed_B_cnn4_all5,efficientnet_b0,0.0,0.0,0.0,crossed,50
isic2019_A_cnn4_all3,resnet18,0.0333333333333333,0.0,0.2,crossed,30
isic2019_A_cnn4_all3,resnet50,0.9,0.6999999999999998,1.0,crossed,30
isic2019_A_cnn4_all3,densenet121,0.0666666666666666,0.0,0.2666666666666666,crossed,30
isic2019_A_cnn4_all3,efficientnet_b0,0.0,0.0,0.0,crossed,30
mura_A_cnn4_all3,resnet18,0.0666666666666666,0.0,0.2,crossed,30
mura_A_cnn4_all3,resnet50,0.5999999999999999,0.2999999999999999,0.9,crossed,30
mura_A_cnn4_all3,densenet121,0.2999999999999999,0.0666666666666666,0.5999999999999999,crossed,30
mura_A_cnn4_all3,efficientnet_b0,0.0333333333333333,0.0,0.2,crossed,30
