stratum,dataset,checkpoint_policy,role,endpoint_unit,splits,seeds,models,contexts,runs,candidate_pool,seed_ids,split_id,training_seed,selected_model,LSO_reference_model,full_grid_agreement,LSO_agreement,top_two_BA_difference
organamnist_A_cnn4_all5,organamnist,A,primary_original,image,10,5,4,50,200,densenet121|efficientnet_b0|resnet18|resnet50,42|52|62|72|82,split_01,42,resnet50,resnet18,0,0,0.001219720779846
organamnist_A_cnn4_all5,organamnist,A,primary_original,image,10,5,4,50,200,densenet121|efficientnet_b0|resnet18|resnet50,42|52|62|72|82,split_01,52,resnet18,resnet18,1,1,0.0026251520670855
organamnist_A_cnn4_all5,organamnist,A,primary_original,image,10,5,4,50,200,densenet121|efficientnet_b0|resnet18|resnet50,42|52|62|72|82,split_01,62,resnet50,resnet18,0,0,0.0016845308765321
organamnist_A_cnn4_all5,organamnist,A,primary_original,image,10,5,4,50,200,densenet121|efficientnet_b0|resnet18|resnet50,42|52|62|72|82,split_01,72,resnet18,resnet18,1,1,0.0005831483434235
organamnist_A_cnn4_all5,organamnist,A,primary_original,image,10,5,4,50,200,densenet121|efficientnet_b0|resnet18|resnet50,42|52|62|72|82,split_01,82,resnet18,resnet18,1,1,0.0001186737218055
organamnist_A_cnn4_all5,organamnist,A,primary_original,image,10,5,4,50,200,densenet121|efficientnet_b0|resnet18|resnet50,42|52|62|72|82,split_02,42,resnet50,resnet18,0,0,0.0009659227457363
organamnist_A_cnn4_all5,organamnist,A,primary_original,image,10,5,4,50,200,densenet121|efficientnet_b0|resnet18|resnet50,42|52|62|72|82,split_02,52,resnet18,resnet18,1,1,0.0032616149984231
organamnist_A_cnn4_all5,organamnist,A,primary_original,image,10,5,4,50,200,densenet121|efficientnet_b0|resnet18|resnet50,42|52|62|72|82,split_02,62,resnet50,resnet18,0,0,0.0029166103272291
organamnist_A_cnn4_all5,organamnist,A,primary_original,image,10,5,4,50,200,densenet121|efficientnet_b0|resnet18|resnet50,42|52|62|72|82,split_02,72,resnet18,resnet18,1,1,0.0005756588680679
organamnist_A_cnn4_all5,organamnist,A,primary_original,image,10,5,4,50,200,densenet121|efficientnet_b0|resnet18|resnet50,42|52|62|72|82,split_02,82,resnet50,resnet18,0,0,0.000143856030817
organamnist_A_cnn4_all5,organamnist,A,primary_original,image,10,5,4,50,200,densenet121|efficientnet_b0|resnet18|resnet50,42|52|62|72|82,split_03,42,resnet18,resnet18,1,1,0.0002660749633368
organamnist_A_cnn4_all5,organamnist,A,primary_original,image,10,5,4,50,200,densenet121|efficientnet_b0|resnet18|resnet50,42|52|62|72|82,split_03,52,resnet18,resnet18,1,1,7.674506738841735e-05
organamnist_A_cnn4_all5,organamnist,A,primary_original,image,10,5,4,50,200,densenet121|efficientnet_b0|resnet18|resnet50,42|52|62|72|82,split_03,62,resnet18,resnet18,1,1,0.0020510276093191
organamnist_A_cnn4_all5,organamnist,A,primary_original,image,10,5,4,50,200,densenet121|efficientnet_b0|resnet18|resnet50,42|52|62|72|82,split_03,72,resnet18,resnet18,1,1,0.0021501237192664
organamnist_A_cnn4_all5,organamnist,A,primary_original,image,10,5,4,50,200,densenet121|efficientnet_b0|resnet18|resnet50,42|52|62|72|82,split_03,82,resnet18,resnet18,1,1,0.0019508466257801
organamnist_A_cnn4_all5,organamnist,A,primary_original,image,10,5,4,50,200,densenet121|efficientnet_b0|resnet18|resnet50,42|52|62|72|82,split_04,42,resnet50,resnet18,0,0,0.0010717519165661
organamnist_A_cnn4_all5,organamnist,A,primary_original,image,10,5,4,50,200,densenet121|efficientnet_b0|resnet18|resnet50,42|52|62|72|82,split_04,52,resnet18,resnet18,1,1,0.0004457327640862
organamnist_A_cnn4_all5,organamnist,A,primary_original,image,10,5,4,50,200,densenet121|efficientnet_b0|resnet18|resnet50,42|52|62|72|82,split_04,62,resnet18,resnet18,1,1,0.0014261060383928
organamnist_A_cnn4_all5,organamnist,A,primary_original,image,10,5,4,50,200,densenet121|efficientnet_b0|resnet18|resnet50,42|52|62|72|82,split_04,72,resnet50,resnet18,0,0,4.736159182705535e-05
organamnist_A_cnn4_all5,organamnist,A,primary_original,image,10,5,4,50,200,densenet121|efficientnet_b0|resnet18|resnet50,42|52|62|72|82,split_04,82,resnet50,resnet18,0,0,0.0007419354656755
organamnist_A_cnn4_all5,organamnist,A,primary_original,image,10,5,4,50,200,densenet121|efficientnet_b0|resnet18|resnet50,42|52|62|72|82,split_05,42,resnet18,resnet18,1,1,0.0032569039695189
organamnist_A_cnn4_all5,organamnist,A,primary_original,image,10,5,4,50,200,densenet121|efficientnet_b0|resnet18|resnet50,42|52|62|72|82,split_05,52,resnet50,resnet18,0,0,0.0019955671201545
organamnist_A_cnn4_all5,organamnist,A,primary_original,image,10,5,4,50,200,densenet121|efficientnet_b0|resnet18|resnet50,42|52|62|72|82,split_05,62,resnet18,resnet18,1,1,0.0019676615960781
organamnist_A_cnn4_all5,organamnist,A,primary_original,image,10,5,4,50,200,densenet121|efficientnet_b0|resnet18|resnet50,42|52|62|72|82,split_05,72,resnet18,resnet18,1,1,0.0032669595959536
organamnist_A_cnn4_all5,organamnist,A,primary_original,image,10,5,4,50,200,densenet121|efficientnet_b0|resnet18|resnet50,42|52|62|72|82,split_05,82,resnet18,resnet18,1,1,0.0017066638652526
organamnist_A_cnn4_all5,organamnist,A,primary_original,image,10,5,4,50,200,densenet121|efficientnet_b0|resnet18|resnet50,42|52|62|72|82,split_06,42,resnet18,resnet18,1,1,0.0013986705688142
organamnist_A_cnn4_all5,organamnist,A,primary_original,image,10,5,4,50,200,densenet121|efficientnet_b0|resnet18|resnet50,42|52|62|72|82,split_06,52,resnet50,resnet18,0,0,0.000721690279918
organamnist_A_cnn4_all5,organamnist,A,primary_original,image,10,5,4,50,200,densenet121|efficientnet_b0|resnet18|resnet50,42|52|62|72|82,split_06,62,resnet50,resnet18,0,0,0.0022803203863278
organamnist_A_cnn4_all5,organamnist,A,primary_original,image,10,5,4,50,200,densenet121|efficientnet_b0|resnet18|resnet50,42|52|62|72|82,split_06,72,resnet18,resnet18,1,1,0.0016196832127678
organamnist_A_cnn4_all5,organamnist,A,primary_original,image,10,5,4,50,200,densenet121|efficientnet_b0|resnet18|resnet50,42|52|62|72|82,split_06,82,resnet18,resnet18,1,1,0.0003509184355966
organamnist_A_cnn4_all5,organamnist,A,primary_original,image,10,5,4,50,200,densenet121|efficientnet_b0|resnet18|resnet50,42|52|62|72|82,split_07,42,resnet18,resnet18,1,1,0.0018457978987583
organamnist_A_cnn4_all5,organamnist,A,primary_original,image,10,5,4,50,200,densenet121|efficientnet_b0|resnet18|resnet50,42|52|62|72|82,split_07,52,resnet18,resnet18,1,1,0.0019753535386256
organamnist_A_cnn4_all5,organamnist,A,primary_original,image,10,5,4,50,200,densenet121|efficientnet_b0|resnet18|resnet50,42|52|62|72|82,split_07,62,resnet18,resnet18,1,1,0.0026737229969944
organamnist_A_cnn4_all5,organamnist,A,primary_original,image,10,5,4,50,200,densenet121|efficientnet_b0|resnet18|resnet50,42|52|62|72|82,split_07,72,resnet18,resnet18,1,1,0.0009943305569475
organamnist_A_cnn4_all5,organamnist,A,primary_original,image,10,5,4,50,200,densenet121|efficientnet_b0|resnet18|resnet50,42|52|62|72|82,split_07,82,resnet50,resnet18,0,0,0.0009673806611306
organamnist_A_cnn4_all5,organamnist,A,primary_original,image,10,5,4,50,200,densenet121|efficientnet_b0|resnet18|resnet50,42|52|62|72|82,split_08,42,resnet50,resnet18,0,0,0.0011024139362528
organamnist_A_cnn4_all5,organamnist,A,primary_original,image,10,5,4,50,200,densenet121|efficientnet_b0|resnet18|resnet50,42|52|62|72|82,split_08,52,resnet18,resnet18,1,1,0.0012657341732679
organamnist_A_cnn4_all5,organamnist,A,primary_original,image,10,5,4,50,200,densenet121|efficientnet_b0|resnet18|resnet50,42|52|62|72|82,split_08,62,resnet18,resnet18,1,1,0.0024671609624388
organamnist_A_cnn4_all5,organamnist,A,primary_original,image,10,5,4,50,200,densenet121|efficientnet_b0|resnet18|resnet50,42|52|62|72|82,split_08,72,resnet18,resnet18,1,1,0.001051123631119
organamnist_A_cnn4_all5,organamnist,A,primary_original,image,10,5,4,50,200,densenet121|efficientnet_b0|resnet18|resnet50,42|52|62|72|82,split_08,82,resnet18,resnet18,1,1,0.0028373428351164
organamnist_A_cnn4_all5,organamnist,A,primary_original,image,10,5,4,50,200,densenet121|efficientnet_b0|resnet18|resnet50,42|52|62|72|82,split_09,42,resnet50,resnet18,0,0,1.9990520211954355e-05
organamnist_A_cnn4_all5,organamnist,A,primary_original,image,10,5,4,50,200,densenet121|efficientnet_b0|resnet18|resnet50,42|52|62|72|82,split_09,52,resnet50,resnet18,0,0,0.0002134886224887
organamnist_A_cnn4_all5,organamnist,A,primary_original,image,10,5,4,50,200,densenet121|efficientnet_b0|resnet18|resnet50,42|52|62|72|82,split_09,62,resnet50,resnet18,0,0,0.000441876336789
organamnist_A_cnn4_all5,organamnist,A,primary_original,image,10,5,4,50,200,densenet121|efficientnet_b0|resnet18|resnet50,42|52|62|72|82,split_09,72,resnet18,resnet18,1,1,0.0035852469400488
organamnist_A_cnn4_all5,organamnist,A,primary_original,image,10,5,4,50,200,densenet121|efficientnet_b0|resnet18|resnet50,42|52|62|72|82,split_09,82,resnet50,resnet18,0,0,0.0010240297756745
organamnist_A_cnn4_all5,organamnist,A,primary_original,image,10,5,4,50,200,densenet121|efficientnet_b0|resnet18|resnet50,42|52|62|72|82,split_10,42,resnet50,resnet18,0,0,0.0043187967219854
organamnist_A_cnn4_all5,organamnist,A,primary_original,image,10,5,4,50,200,densenet121|efficientnet_b0|resnet18|resnet50,42|52|62|72|82,split_10,52,resnet50,resnet18,0,0,0.0008487697603782
organamnist_A_cnn4_all5,organamnist,A,primary_original,image,10,5,4,50,200,densenet121|efficientnet_b0|resnet18|resnet50,42|52|62|72|82,split_10,62,resnet18,resnet18,1,1,0.0010891542210468
organamnist_A_cnn4_all5,organamnist,A,primary_original,image,10,5,4,50,200,densenet121|efficientnet_b0|resnet18|resnet50,42|52|62|72|82,split_10,72,resnet18,resnet18,1,1,0.0012882338873866
organamnist_A_cnn4_all5,organamnist,A,primary_original,image,10,5,4,50,200,densenet121|efficientnet_b0|resnet18|resnet50,42|52|62|72|82,split_10,82,resnet18,resnet18,1,1,0.0003976881692213
organamnist_B_cnn4_all5,organamnist,B,primary_original,image,10,5,4,50,200,densenet121|efficientnet_b0|resnet18|resnet50,42|52|62|72|82,split_01,42,resnet50,resnet50,1,1,0.0004009568615749
organamnist_B_cnn4_all5,organamnist,B,primary_original,image,10,5,4,50,200,densenet121|efficientnet_b0|resnet18|resnet50,42|52|62|72|82,split_01,52,resnet50,resnet50,1,1,0.0015637279562175
organamnist_B_cnn4_all5,organamnist,B,primary_original,image,10,5,4,50,200,densenet121|efficientnet_b0|resnet18|resnet50,42|52|62|72|82,split_01,62,resnet18,resnet50,0,0,0.0015605795261711
organamnist_B_cnn4_all5,organamnist,B,primary_original,image,10,5,4,50,200,densenet121|efficientnet_b0|resnet18|resnet50,42|52|62|72|82,split_01,72,resnet18,resnet50,0,0,0.0002301830189296
organamnist_B_cnn4_all5,organamnist,B,primary_original,image,10,5,4,50,200,densenet121|efficientnet_b0|resnet18|resnet50,42|52|62|72|82,split_01,82,resnet50,resnet50,1,1,0.0003498733405977
organamnist_B_cnn4_all5,organamnist,B,primary_original,image,10,5,4,50,200,densenet121|efficientnet_b0|resnet18|resnet50,42|52|62|72|82,split_02,42,resnet50,resnet50,1,1,0.0006630944913845
organamnist_B_cnn4_all5,organamnist,B,primary_original,image,10,5,4,50,200,densenet121|efficientnet_b0|resnet18|resnet50,42|52|62|72|82,split_02,52,resnet18,resnet50,0,0,0.0001933691511201
organamnist_B_cnn4_all5,organamnist,B,primary_original,image,10,5,4,50,200,densenet121|efficientnet_b0|resnet18|resnet50,42|52|62|72|82,split_02,62,resnet50,resnet50,1,1,0.0009230488346728
organamnist_B_cnn4_all5,organamnist,B,primary_original,image,10,5,4,50,200,densenet121|efficientnet_b0|resnet18|resnet50,42|52|62|72|82,split_02,72,resnet18,resnet50,0,0,0.0004702490264996
organamnist_B_cnn4_all5,organamnist,B,primary_original,image,10,5,4,50,200,densenet121|efficientnet_b0|resnet18|resnet50,42|52|62|72|82,split_02,82,resnet18,resnet50,0,0,0.0004505572491604
organamnist_B_cnn4_all5,organamnist,B,primary_original,image,10,5,4,50,200,densenet121|efficientnet_b0|resnet18|resnet50,42|52|62|72|82,split_03,42,resnet50,resnet50,1,1,0.0011186791720596
organamnist_B_cnn4_all5,organamnist,B,primary_original,image,10,5,4,50,200,densenet121|efficientnet_b0|resnet18|resnet50,42|52|62|72|82,split_03,52,resnet50,resnet50,1,1,0.0004983901201989
organamnist_B_cnn4_all5,organamnist,B,primary_original,image,10,5,4,50,200,densenet121|efficientnet_b0|resnet18|resnet50,42|52|62|72|82,split_03,62,resnet50,resnet50,1,1,0.0005897526707571
organamnist_B_cnn4_all5,organamnist,B,primary_original,image,10,5,4,50,200,densenet121|efficientnet_b0|resnet18|resnet50,42|52|62|72|82,split_03,72,resnet18,resnet50,0,0,0.0006230613991324
organamnist_B_cnn4_all5,organamnist,B,primary_original,image,10,5,4,50,200,densenet121|efficientnet_b0|resnet18|resnet50,42|52|62|72|82,split_03,82,resnet50,resnet50,1,1,0.0002056568499378
organamnist_B_cnn4_all5,organamnist,B,primary_original,image,10,5,4,50,200,densenet121|efficientnet_b0|resnet18|resnet50,42|52|62|72|82,split_04,42,resnet50,resnet50,1,1,0.0009673809607313
organamnist_B_cnn4_all5,organamnist,B,primary_original,image,10,5,4,50,200,densenet121|efficientnet_b0|resnet18|resnet50,42|52|62|72|82,split_04,52,resnet18,resnet50,0,0,0.000192458231106
organamnist_B_cnn4_all5,organamnist,B,primary_original,image,10,5,4,50,200,densenet121|efficientnet_b0|resnet18|resnet50,42|52|62|72|82,split_04,62,resnet50,resnet50,1,1,0.0009843806356372
organamnist_B_cnn4_all5,organamnist,B,primary_original,image,10,5,4,50,200,densenet121|efficientnet_b0|resnet18|resnet50,42|52|62|72|82,split_04,72,resnet50,resnet50,1,1,0.0009503353528228
organamnist_B_cnn4_all5,organamnist,B,primary_original,image,10,5,4,50,200,densenet121|efficientnet_b0|resnet18|resnet50,42|52|62|72|82,split_04,82,resnet18,resnet50,0,0,0.0028526658798647
organamnist_B_cnn4_all5,organamnist,B,primary_original,image,10,5,4,50,200,densenet121|efficientnet_b0|resnet18|resnet50,42|52|62|72|82,split_05,42,resnet18,resnet50,0,0,0.001095833039218
organamnist_B_cnn4_all5,organamnist,B,primary_original,image,10,5,4,50,200,densenet121|efficientnet_b0|resnet18|resnet50,42|52|62|72|82,split_05,52,resnet50,resnet50,1,1,0.0001498271254928
organamnist_B_cnn4_all5,organamnist,B,primary_original,image,10,5,4,50,200,densenet121|efficientnet_b0|resnet18|resnet50,42|52|62|72|82,split_05,62,resnet18,resnet50,0,0,0.0020778071337909
organamnist_B_cnn4_all5,organamnist,B,primary_original,image,10,5,4,50,200,densenet121|efficientnet_b0|resnet18|resnet50,42|52|62|72|82,split_05,72,resnet18,resnet50,0,0,0.0009266811833821
organamnist_B_cnn4_all5,organamnist,B,primary_original,image,10,5,4,50,200,densenet121|efficientnet_b0|resnet18|resnet50,42|52|62|72|82,split_05,82,resnet50,resnet50,1,1,0.0015496837683353
organamnist_B_cnn4_all5,organamnist,B,primary_original,image,10,5,4,50,200,densenet121|efficientnet_b0|resnet18|resnet50,42|52|62|72|82,split_06,42,resnet18,resnet50,0,0,0.0025024829334343
organamnist_B_cnn4_all5,organamnist,B,primary_original,image,10,5,4,50,200,densenet121|efficientnet_b0|resnet18|resnet50,42|52|62|72|82,split_06,52,resnet50,resnet50,1,1,0.0011440404088013
organamnist_B_cnn4_all5,organamnist,B,primary_original,image,10,5,4,50,200,densenet121|efficientnet_b0|resnet18|resnet50,42|52|62|72|82,split_06,62,resnet50,resnet50,1,1,0.0001735013597442
organamnist_B_cnn4_all5,organamnist,B,primary_original,image,10,5,4,50,200,densenet121|efficientnet_b0|resnet18|resnet50,42|52|62|72|82,split_06,72,resnet50,resnet50,1,1,0.0013962246805691
organamnist_B_cnn4_all5,organamnist,B,primary_original,image,10,5,4,50,200,densenet121|efficientnet_b0|resnet18|resnet50,42|52|62|72|82,split_06,82,resnet50,resnet50,1,1,0.0005621466194138
organamnist_B_cnn4_all5,organamnist,B,primary_original,image,10,5,4,50,200,densenet121|efficientnet_b0|resnet18|resnet50,42|52|62|72|82,split_07,42,resnet50,resnet50,1,1,3.1964167490072803e-05
organamnist_B_cnn4_all5,organamnist,B,primary_original,image,10,5,4,50,200,densenet121|efficientnet_b0|resnet18|resnet50,42|52|62|72|82,split_07,52,resnet50,resnet50,1,1,0.0004016140192778
organamnist_B_cnn4_all5,organamnist,B,primary_original,image,10,5,4,50,200,densenet121|efficientnet_b0|resnet18|resnet50,42|52|62|72|82,split_07,62,resnet50,resnet50,1,1,0.0002644096631733
organamnist_B_cnn4_all5,organamnist,B,primary_original,image,10,5,4,50,200,densenet121|efficientnet_b0|resnet18|resnet50,42|52|62|72|82,split_07,72,resnet18,resnet50,0,0,0.0006629378683707
organamnist_B_cnn4_all5,organamnist,B,primary_original,image,10,5,4,50,200,densenet121|efficientnet_b0|resnet18|resnet50,42|52|62|72|82,split_07,82,resnet18,resnet50,0,0,4.059001952994024e-05
organamnist_B_cnn4_all5,organamnist,B,primary_original,image,10,5,4,50,200,densenet121|efficientnet_b0|resnet18|resnet50,42|52|62|72|82,split_08,42,resnet18,resnet50,0,0,0.0011120059830379
organamnist_B_cnn4_all5,organamnist,B,primary_original,image,10,5,4,50,200,densenet121|efficientnet_b0|resnet18|resnet50,42|52|62|72|82,split_08,52,resnet18,resnet50,0,0,0.0023041799976639
organamnist_B_cnn4_all5,organamnist,B,primary_original,image,10,5,4,50,200,densenet121|efficientnet_b0|resnet18|resnet50,42|52|62|72|82,split_08,62,resnet18,resnet50,0,0,8.299410431045207e-05
organamnist_B_cnn4_all5,organamnist,B,primary_original,image,10,5,4,50,200,densenet121|efficientnet_b0|resnet18|resnet50,42|52|62|72|82,split_08,72,resnet50,resnet50,1,1,0.0008601744596984
organamnist_B_cnn4_all5,organamnist,B,primary_original,image,10,5,4,50,200,densenet121|efficientnet_b0|resnet18|resnet50,42|52|62|72|82,split_08,82,resnet50,resnet50,1,1,0.0008265066620246
organamnist_B_cnn4_all5,organamnist,B,primary_original,image,10,5,4,50,200,densenet121|efficientnet_b0|resnet18|resnet50,42|52|62|72|82,split_09,42,resnet50,resnet50,1,1,0.0027186190459644
organamnist_B_cnn4_all5,organamnist,B,primary_original,image,10,5,4,50,200,densenet121|efficientnet_b0|resnet18|resnet50,42|52|62|72|82,split_09,52,resnet50,resnet50,1,1,0.0001945997358754
organamnist_B_cnn4_all5,organamnist,B,primary_original,image,10,5,4,50,200,densenet121|efficientnet_b0|resnet18|resnet50,42|52|62|72|82,split_09,62,resnet50,resnet50,1,1,0.0017800097105045
organamnist_B_cnn4_all5,organamnist,B,primary_original,image,10,5,4,50,200,densenet121|efficientnet_b0|resnet18|resnet50,42|52|62|72|82,split_09,72,resnet50,resnet50,1,1,0.0018750654147349
organamnist_B_cnn4_all5,organamnist,B,primary_original,image,10,5,4,50,200,densenet121|efficientnet_b0|resnet18|resnet50,42|52|62|72|82,split_09,82,resnet50,resnet50,1,1,0.0001774414853953
organamnist_B_cnn4_all5,organamnist,B,primary_original,image,10,5,4,50,200,densenet121|efficientnet_b0|resnet18|resnet50,42|52|62|72|82,split_10,42,resnet50,resnet50,1,1,0.0023418325574492
organamnist_B_cnn4_all5,organamnist,B,primary_original,image,10,5,4,50,200,densenet121|efficientnet_b0|resnet18|resnet50,42|52|62|72|82,split_10,52,resnet18,resnet50,0,0,0.0005767137015737
organamnist_B_cnn4_all5,organamnist,B,primary_original,image,10,5,4,50,200,densenet121|efficientnet_b0|resnet18|resnet50,42|52|62|72|82,split_10,62,resnet50,resnet50,1,1,0.0022863880222034
organamnist_B_cnn4_all5,organamnist,B,primary_original,image,10,5,4,50,200,densenet121|efficientnet_b0|resnet18|resnet50,42|52|62|72|82,split_10,72,resnet18,resnet50,0,0,0.0012535597177597
organamnist_B_cnn4_all5,organamnist,B,primary_original,image,10,5,4,50,200,densenet121|efficientnet_b0|resnet18|resnet50,42|52|62|72|82,split_10,82,resnet18,resnet50,0,0,0.0005024776566626
sipakmed_A_cnn4_all5,sipakmed,A,primary_original,image,10,5,4,50,200,densenet121|efficientnet_b0|resnet18|resnet50,42|52|62|72|82,split_01,42,resnet18,resnet18,1,1,0.0083742313890841
sipakmed_A_cnn4_all5,sipakmed,A,primary_original,image,10,5,4,50,200,densenet121|efficientnet_b0|resnet18|resnet50,42|52|62|72|82,split_01,52,resnet18,resnet18,1,1,0.0034671698736231
sipakmed_A_cnn4_all5,sipakmed,A,primary_original,image,10,5,4,50,200,densenet121|efficientnet_b0|resnet18|resnet50,42|52|62|72|82,split_01,62,resnet50,resnet18,0,0,0.0016549364070662
sipakmed_A_cnn4_all5,sipakmed,A,primary_original,image,10,5,4,50,200,densenet121|efficientnet_b0|resnet18|resnet50,42|52|62|72|82,split_01,72,resnet50,resnet18,0,0,0.0017246891944849
sipakmed_A_cnn4_all5,sipakmed,A,primary_original,image,10,5,4,50,200,densenet121|efficientnet_b0|resnet18|resnet50,42|52|62|72|82,split_01,82,resnet18,resnet18,1,1,0.006870415813073
sipakmed_A_cnn4_all5,sipakmed,A,primary_original,image,10,5,4,50,200,densenet121|efficientnet_b0|resnet18|resnet50,42|52|62|72|82,split_02,42,resnet18,resnet18,1,1,0.0064753650207496
sipakmed_A_cnn4_all5,sipakmed,A,primary_original,image,10,5,4,50,200,densenet121|efficientnet_b0|resnet18|resnet50,42|52|62|72|82,split_02,52,resnet18,resnet18,1,1,0.0112727466915564
sipakmed_A_cnn4_all5,sipakmed,A,primary_original,image,10,5,4,50,200,densenet121|efficientnet_b0|resnet18|resnet50,42|52|62|72|82,split_02,62,resnet18,resnet18,1,1,0.0001328491672373
sipakmed_A_cnn4_all5,sipakmed,A,primary_original,image,10,5,4,50,200,densenet121|efficientnet_b0|resnet18|resnet50,42|52|62|72|82,split_02,72,resnet18,resnet18,1,1,0.000147736137361
sipakmed_A_cnn4_all5,sipakmed,A,primary_original,image,10,5,4,50,200,densenet121|efficientnet_b0|resnet18|resnet50,42|52|62|72|82,split_02,82,resnet18,resnet18,1,1,0.0014909029502863
sipakmed_A_cnn4_all5,sipakmed,A,primary_original,image,10,5,4,50,200,densenet121|efficientnet_b0|resnet18|resnet50,42|52|62|72|82,split_03,42,resnet18,resnet18,1,1,0.0114360749736889
sipakmed_A_cnn4_all5,sipakmed,A,primary_original,image,10,5,4,50,200,densenet121|efficientnet_b0|resnet18|resnet50,42|52|62|72|82,split_03,52,resnet50,resnet18,0,0,0.001614252385248
sipakmed_A_cnn4_all5,sipakmed,A,primary_original,image,10,5,4,50,200,densenet121|efficientnet_b0|resnet18|resnet50,42|52|62|72|82,split_03,62,resnet50,resnet18,0,0,0.0116407312624339
sipakmed_A_cnn4_all5,sipakmed,A,primary_original,image,10,5,4,50,200,densenet121|efficientnet_b0|resnet18|resnet50,42|52|62|72|82,split_03,72,resnet18,resnet18,1,1,0.0033315705975675
sipakmed_A_cnn4_all5,sipakmed,A,primary_original,image,10,5,4,50,200,densenet121|efficientnet_b0|resnet18|resnet50,42|52|62|72|82,split_03,82,resnet18,resnet18,1,1,0.008089608006079
sipakmed_A_cnn4_all5,sipakmed,A,primary_original,image,10,5,4,50,200,densenet121|efficientnet_b0|resnet18|resnet50,42|52|62|72|82,split_04,42,densenet121,resnet18,0,0,0.0071706925307026
sipakmed_A_cnn4_all5,sipakmed,A,primary_original,image,10,5,4,50,200,densenet121|efficientnet_b0|resnet18|resnet50,42|52|62|72|82,split_04,52,densenet121,resnet18,0,0,0.0132549742477635
sipakmed_A_cnn4_all5,sipakmed,A,primary_original,image,10,5,4,50,200,densenet121|efficientnet_b0|resnet18|resnet50,42|52|62|72|82,split_04,62,resnet50,resnet18,0,0,0.0030638273289221
sipakmed_A_cnn4_all5,sipakmed,A,primary_original,image,10,5,4,50,200,densenet121|efficientnet_b0|resnet18|resnet50,42|52|62|72|82,split_04,72,resnet18,resnet18,1,1,0.0078605038250815
sipakmed_A_cnn4_all5,sipakmed,A,primary_original,image,10,5,4,50,200,densenet121|efficientnet_b0|resnet18|resnet50,42|52|62|72|82,split_04,82,resnet18,resnet18,1,1,0.0015329361315463
sipakmed_A_cnn4_all5,sipakmed,A,primary_original,image,10,5,4,50,200,densenet121|efficientnet_b0|resnet18|resnet50,42|52|62|72|82,split_05,42,resnet50,resnet18,0,0,0.0100298635708797
sipakmed_A_cnn4_all5,sipakmed,A,primary_original,image,10,5,4,50,200,densenet121|efficientnet_b0|resnet18|resnet50,42|52|62|72|82,split_05,52,resnet50,resnet18,0,0,0.0030360371329916
sipakmed_A_cnn4_all5,sipakmed,A,primary_original,image,10,5,4,50,200,densenet121|efficientnet_b0|resnet18|resnet50,42|52|62|72|82,split_05,62,resnet18,resnet18,1,1,0.006396103101137
sipakmed_A_cnn4_all5,sipakmed,A,primary_original,image,10,5,4,50,200,densenet121|efficientnet_b0|resnet18|resnet50,42|52|62|72|82,split_05,72,resnet50,resnet18,0,0,0.0033748823484973
sipakmed_A_cnn4_all5,sipakmed,A,primary_original,image,10,5,4,50,200,densenet121|efficientnet_b0|resnet18|resnet50,42|52|62|72|82,split_05,82,resnet50,resnet18,0,0,0.0032814386334086
sipakmed_A_cnn4_all5,sipakmed,A,primary_original,image,10,5,4,50,200,densenet121|efficientnet_b0|resnet18|resnet50,42|52|62|72|82,split_06,42,resnet50,resnet18,0,0,0.0016142523852481
sipakmed_A_cnn4_all5,sipakmed,A,primary_original,image,10,5,4,50,200,densenet121|efficientnet_b0|resnet18|resnet50,42|52|62|72|82,split_06,52,resnet18,resnet18,1,1,0.0213607477936366
sipakmed_A_cnn4_all5,sipakmed,A,primary_original,image,10,5,4,50,200,densenet121|efficientnet_b0|resnet18|resnet50,42|52|62|72|82,split_06,62,resnet18,resnet18,1,1,0.0049511302309737
sipakmed_A_cnn4_all5,sipakmed,A,primary_original,image,10,5,4,50,200,densenet121|efficientnet_b0|resnet18|resnet50,42|52|62|72|82,split_06,72,resnet18,resnet18,1,1,0.0051477809526773
sipakmed_A_cnn4_all5,sipakmed,A,primary_original,image,10,5,4,50,200,densenet121|efficientnet_b0|resnet18|resnet50,42|52|62|72|82,split_06,82,resnet18,resnet18,1,1,0.0281181602582145
sipakmed_A_cnn4_all5,sipakmed,A,primary_original,image,10,5,4,50,200,densenet121|efficientnet_b0|resnet18|resnet50,42|52|62|72|82,split_07,42,resnet18,resnet18,1,1,0.0082936203100301
sipakmed_A_cnn4_all5,sipakmed,A,primary_original,image,10,5,4,50,200,densenet121|efficientnet_b0|resnet18|resnet50,42|52|62|72|82,split_07,52,resnet18,resnet18,1,1,0.0032115634662831
sipakmed_A_cnn4_all5,sipakmed,A,primary_original,image,10,5,4,50,200,densenet121|efficientnet_b0|resnet18|resnet50,42|52|62|72|82,split_07,62,resnet18,resnet18,1,1,0.0179960703520622
sipakmed_A_cnn4_all5,sipakmed,A,primary_original,image,10,5,4,50,200,densenet121|efficientnet_b0|resnet18|resnet50,42|52|62|72|82,split_07,72,resnet18,resnet18,1,1,0.0159792511865324
sipakmed_A_cnn4_all5,sipakmed,A,primary_original,image,10,5,4,50,200,densenet121|efficientnet_b0|resnet18|resnet50,42|52|62|72|82,split_07,82,resnet18,resnet18,1,1,0.0084522665289619
sipakmed_A_cnn4_all5,sipakmed,A,primary_original,image,10,5,4,50,200,densenet121|efficientnet_b0|resnet18|resnet50,42|52|62|72|82,split_08,42,resnet50,resnet18,0,0,0.0067389158052773
sipakmed_A_cnn4_all5,sipakmed,A,primary_original,image,10,5,4,50,200,densenet121|efficientnet_b0|resnet18|resnet50,42|52|62|72|82,split_08,52,resnet50,resnet18,0,0,0.004782494700683
sipakmed_A_cnn4_all5,sipakmed,A,primary_original,image,10,5,4,50,200,densenet121|efficientnet_b0|resnet18|resnet50,42|52|62|72|82,split_08,62,resnet50,resnet18,0,0,0.0065227054501674
sipakmed_A_cnn4_all5,sipakmed,A,primary_original,image,10,5,4,50,200,densenet121|efficientnet_b0|resnet18|resnet50,42|52|62|72|82,split_08,72,densenet121,resnet18,0,0,0.0001768660928145
sipakmed_A_cnn4_all5,sipakmed,A,primary_original,image,10,5,4,50,200,densenet121|efficientnet_b0|resnet18|resnet50,42|52|62|72|82,split_08,82,resnet50,resnet18,0,0,0.0018738262812225
sipakmed_A_cnn4_all5,sipakmed,A,primary_original,image,10,5,4,50,200,densenet121|efficientnet_b0|resnet18|resnet50,42|52|62|72|82,split_09,42,resnet50,resnet18,0,0,0.0030909029502863
sipakmed_A_cnn4_all5,sipakmed,A,primary_original,image,10,5,4,50,200,densenet121|efficientnet_b0|resnet18|resnet50,42|52|62|72|82,split_09,52,resnet18,resnet18,1,1,0.0113316505872574
sipakmed_A_cnn4_all5,sipakmed,A,primary_original,image,10,5,4,50,200,densenet121|efficientnet_b0|resnet18|resnet50,42|52|62|72|82,split_09,62,densenet121,resnet18,0,0,0.0029167257764366
sipakmed_A_cnn4_all5,sipakmed,A,primary_original,image,10,5,4,50,200,densenet121|efficientnet_b0|resnet18|resnet50,42|52|62|72|82,split_09,72,resnet50,resnet18,0,0,9.626441367893701e-05
sipakmed_A_cnn4_all5,sipakmed,A,primary_original,image,10,5,4,50,200,densenet121|efficientnet_b0|resnet18|resnet50,42|52|62|72|82,split_09,82,resnet18,resnet18,1,1,0.0145852378348824
sipakmed_A_cnn4_all5,sipakmed,A,primary_original,image,10,5,4,50,200,densenet121|efficientnet_b0|resnet18|resnet50,42|52|62|72|82,split_10,42,densenet121,resnet18,0,0,0.0016786273347367
sipakmed_A_cnn4_all5,sipakmed,A,primary_original,image,10,5,4,50,200,densenet121|efficientnet_b0|resnet18|resnet50,42|52|62|72|82,split_10,52,resnet18,resnet18,1,1,0.0048251012769653
sipakmed_A_cnn4_all5,sipakmed,A,primary_original,image,10,5,4,50,200,densenet121|efficientnet_b0|resnet18|resnet50,42|52|62|72|82,split_10,62,resnet50,resnet18,0,0,0.0096374311077495
sipakmed_A_cnn4_all5,sipakmed,A,primary_original,image,10,5,4,50,200,densenet121|efficientnet_b0|resnet18|resnet50,42|52|62|72|82,split_10,72,resnet50,resnet18,0,0,0.0029560700387317
sipakmed_A_cnn4_all5,sipakmed,A,primary_original,image,10,5,4,50,200,densenet121|efficientnet_b0|resnet18|resnet50,42|52|62|72|82,split_10,82,resnet50,resnet18,0,0,0.009976276323255
sipakmed_B_cnn4_all5,sipakmed,B,primary_original,image,10,5,4,50,200,densenet121|efficientnet_b0|resnet18|resnet50,42|52|62|72|82,split_01,42,resnet18,resnet50,0,0,0.0098367095585647
sipakmed_B_cnn4_all5,sipakmed,B,primary_original,image,10,5,4,50,200,densenet121|efficientnet_b0|resnet18|resnet50,42|52|62|72|82,split_01,52,resnet18,resnet50,0,0,0.0046313126797743
sipakmed_B_cnn4_all5,sipakmed,B,primary_original,image,10,5,4,50,200,densenet121|efficientnet_b0|resnet18|resnet50,42|52|62|72|82,split_01,62,resnet18,resnet50,0,0,0.0099587004341662
sipakmed_B_cnn4_all5,sipakmed,B,primary_original,image,10,5,4,50,200,densenet121|efficientnet_b0|resnet18|resnet50,42|52|62|72|82,split_01,72,resnet18,resnet50,0,0,0.0031844784450003
sipakmed_B_cnn4_all5,sipakmed,B,primary_original,image,10,5,4,50,200,densenet121|efficientnet_b0|resnet18|resnet50,42|52|62|72|82,split_01,82,resnet50,resnet50,1,1,0.0033524793904152
sipakmed_B_cnn4_all5,sipakmed,B,primary_original,image,10,5,4,50,200,densenet121|efficientnet_b0|resnet18|resnet50,42|52|62|72|82,split_02,42,resnet50,resnet18,1,0,0.0096652213036797
sipakmed_B_cnn4_all5,sipakmed,B,primary_original,image,10,5,4,50,200,densenet121|efficientnet_b0|resnet18|resnet50,42|52|62|72|82,split_02,52,densenet121,resnet18,0,0,0.0017897693186211
sipakmed_B_cnn4_all5,sipakmed,B,primary_original,image,10,5,4,50,200,densenet121|efficientnet_b0|resnet18|resnet50,42|52|62|72|82,split_02,62,resnet50,resnet18,1,0,0.0018175595145514
sipakmed_B_cnn4_all5,sipakmed,B,primary_original,image,10,5,4,50,200,densenet121|efficientnet_b0|resnet18|resnet50,42|52|62|72|82,split_02,72,resnet50,resnet18,1,0,0.0016806722689075
sipakmed_B_cnn4_all5,sipakmed,B,primary_original,image,10,5,4,50,200,densenet121|efficientnet_b0|resnet18|resnet50,42|52|62|72|82,split_02,82,densenet121,resnet18,0,0,0.0132271840518332
sipakmed_B_cnn4_all5,sipakmed,B,primary_original,image,10,5,4,50,200,densenet121|efficientnet_b0|resnet18|resnet50,42|52|62|72|82,split_03,42,resnet18,resnet50,0,0,0.0033038603913274
sipakmed_B_cnn4_all5,sipakmed,B,primary_original,image,10,5,4,50,200,densenet121|efficientnet_b0|resnet18|resnet50,42|52|62|72|82,split_03,52,densenet121,resnet50,0,0,0.0032963162036139
sipakmed_B_cnn4_all5,sipakmed,B,primary_original,image,10,5,4,50,200,densenet121|efficientnet_b0|resnet18|resnet50,42|52|62|72|82,split_03,62,resnet18,resnet50,0,0,0.004743150438388
sipakmed_B_cnn4_all5,sipakmed,B,primary_original,image,10,5,4,50,200,densenet121|efficientnet_b0|resnet18|resnet50,42|52|62|72|82,split_03,72,resnet50,resnet50,1,1,0.0054005958252764
sipakmed_B_cnn4_all5,sipakmed,B,primary_original,image,10,5,4,50,200,densenet121|efficientnet_b0|resnet18|resnet50,42|52|62|72|82,split_03,82,resnet18,resnet50,0,0,0.0079696620646483
sipakmed_B_cnn4_all5,sipakmed,B,primary_original,image,10,5,4,50,200,densenet121|efficientnet_b0|resnet18|resnet50,42|52|62|72|82,split_04,42,densenet121,resnet50,0,0,0.0032767047802726
sipakmed_B_cnn4_all5,sipakmed,B,primary_original,image,10,5,4,50,200,densenet121|efficientnet_b0|resnet18|resnet50,42|52|62|72|82,split_04,52,resnet18,resnet50,0,0,0.0034555546174048
sipakmed_B_cnn4_all5,sipakmed,B,primary_original,image,10,5,4,50,200,densenet121|efficientnet_b0|resnet18|resnet50,42|52|62|72|82,split_04,62,resnet50,resnet50,1,1,0.0080380750925436
sipakmed_B_cnn4_all5,sipakmed,B,primary_original,image,10,5,4,50,200,densenet121|efficientnet_b0|resnet18|resnet50,42|52|62|72|82,split_04,72,resnet18,resnet50,0,0,0.0082786721500527
sipakmed_B_cnn4_all5,sipakmed,B,primary_original,image,10,5,4,50,200,densenet121|efficientnet_b0|resnet18|resnet50,42|52|62|72|82,split_04,82,resnet18,resnet50,0,0,0.006669807002653
sipakmed_B_cnn4_all5,sipakmed,B,primary_original,image,10,5,4,50,200,densenet121|efficientnet_b0|resnet18|resnet50,42|52|62|72|82,split_05,42,resnet50,resnet50,1,1,5.423123241887762e-05
sipakmed_B_cnn4_all5,sipakmed,B,primary_original,image,10,5,4,50,200,densenet121|efficientnet_b0|resnet18|resnet50,42|52|62|72|82,split_05,52,resnet18,resnet50,0,0,0.0048800376840318
sipakmed_B_cnn4_all5,sipakmed,B,primary_original,image,10,5,4,50,200,densenet121|efficientnet_b0|resnet18|resnet50,42|52|62|72|82,split_05,62,resnet50,resnet50,1,1,0.0064238932970672
sipakmed_B_cnn4_all5,sipakmed,B,primary_original,image,10,5,4,50,200,densenet121|efficientnet_b0|resnet18|resnet50,42|52|62|72|82,split_05,72,resnet18,resnet50,0,0,0.0032522474881017
sipakmed_B_cnn4_all5,sipakmed,B,primary_original,image,10,5,4,50,200,densenet121|efficientnet_b0|resnet18|resnet50,42|52|62|72|82,split_05,82,resnet50,resnet50,1,1,0.0081716294344283
sipakmed_B_cnn4_all5,sipakmed,B,primary_original,image,10,5,4,50,200,densenet121|efficientnet_b0|resnet18|resnet50,42|52|62|72|82,split_06,42,resnet18,resnet50,0,0,0.0149458420236759
sipakmed_B_cnn4_all5,sipakmed,B,primary_original,image,10,5,4,50,200,densenet121|efficientnet_b0|resnet18|resnet50,42|52|62|72|82,split_06,52,resnet18,resnet50,0,0,0.0079391829497531
sipakmed_B_cnn4_all5,sipakmed,B,primary_original,image,10,5,4,50,200,densenet121|efficientnet_b0|resnet18|resnet50,42|52|62|72|82,split_06,62,resnet18,resnet50,0,0,0.0116549648478452
sipakmed_B_cnn4_all5,sipakmed,B,primary_original,image,10,5,4,50,200,densenet121|efficientnet_b0|resnet18|resnet50,42|52|62|72|82,split_06,72,resnet18,resnet50,0,0,0.0002195338589504
sipakmed_B_cnn4_all5,sipakmed,B,primary_original,image,10,5,4,50,200,densenet121|efficientnet_b0|resnet18|resnet50,42|52|62|72|82,split_06,82,densenet121,resnet50,0,0,0.0032013491594415
sipakmed_B_cnn4_all5,sipakmed,B,primary_original,image,10,5,4,50,200,densenet121|efficientnet_b0|resnet18|resnet50,42|52|62|72|82,split_07,42,resnet18,resnet18,0,1,0.0129004662977149
sipakmed_B_cnn4_all5,sipakmed,B,primary_original,image,10,5,4,50,200,densenet121|efficientnet_b0|resnet18|resnet50,42|52|62|72|82,split_07,52,resnet18,resnet18,0,1,0.0061940133516502
sipakmed_B_cnn4_all5,sipakmed,B,primary_original,image,10,5,4,50,200,densenet121|efficientnet_b0|resnet18|resnet50,42|52|62|72|82,split_07,62,resnet50,resnet18,1,0,0.0033071838951679
sipakmed_B_cnn4_all5,sipakmed,B,primary_original,image,10,5,4,50,200,densenet121|efficientnet_b0|resnet18|resnet50,42|52|62|72|82,split_07,72,resnet50,resnet18,1,0,0.0167885734049644
sipakmed_B_cnn4_all5,sipakmed,B,primary_original,image,10,5,4,50,200,densenet121|efficientnet_b0|resnet18|resnet50,42|52|62|72|82,split_07,82,resnet50,resnet18,1,0,0.0114936297099484
sipakmed_B_cnn4_all5,sipakmed,B,primary_original,image,10,5,4,50,200,densenet121|efficientnet_b0|resnet18|resnet50,42|52|62|72|82,split_08,42,resnet50,resnet18,1,0,0.0115078726952783
sipakmed_B_cnn4_all5,sipakmed,B,primary_original,image,10,5,4,50,200,densenet121|efficientnet_b0|resnet18|resnet50,42|52|62|72|82,split_08,52,resnet50,resnet18,1,0,0.0111581691881369
sipakmed_B_cnn4_all5,sipakmed,B,primary_original,image,10,5,4,50,200,densenet121|efficientnet_b0|resnet18|resnet50,42|52|62|72|82,split_08,62,resnet50,resnet18,1,0,0.0065214268804977
sipakmed_B_cnn4_all5,sipakmed,B,primary_original,image,10,5,4,50,200,densenet121|efficientnet_b0|resnet18|resnet50,42|52|62|72|82,split_08,72,resnet50,resnet18,1,0,0.0052324819000729
sipakmed_B_cnn4_all5,sipakmed,B,primary_original,image,10,5,4,50,200,densenet121|efficientnet_b0|resnet18|resnet50,42|52|62|72|82,split_08,82,resnet50,resnet18,1,0,0.0178523722931076
sipakmed_B_cnn4_all5,sipakmed,B,primary_original,image,10,5,4,50,200,densenet121|efficientnet_b0|resnet18|resnet50,42|52|62|72|82,split_09,42,resnet18,resnet50,0,0,0.0028720742659834
sipakmed_B_cnn4_all5,sipakmed,B,primary_original,image,10,5,4,50,200,densenet121|efficientnet_b0|resnet18|resnet50,42|52|62|72|82,split_09,52,resnet50,resnet50,1,1,0.0082671886734598
sipakmed_B_cnn4_all5,sipakmed,B,primary_original,image,10,5,4,50,200,densenet121|efficientnet_b0|resnet18|resnet50,42|52|62|72|82,split_09,62,resnet50,resnet50,1,1,0.0031580374085118
sipakmed_B_cnn4_all5,sipakmed,B,primary_original,image,10,5,4,50,200,densenet121|efficientnet_b0|resnet18|resnet50,42|52|62|72|82,split_09,72,resnet18,resnet50,0,0,0.0048915917503965
sipakmed_B_cnn4_all5,sipakmed,B,primary_original,image,10,5,4,50,200,densenet121|efficientnet_b0|resnet18|resnet50,42|52|62|72|82,split_09,82,resnet18,resnet50,0,0,0.008273139906412
sipakmed_B_cnn4_all5,sipakmed,B,primary_original,image,10,5,4,50,200,densenet121|efficientnet_b0|resnet18|resnet50,42|52|62|72|82,split_10,42,resnet18,resnet18,0,1,0.0016806722689075
sipakmed_B_cnn4_all5,sipakmed,B,primary_original,image,10,5,4,50,200,densenet121|efficientnet_b0|resnet18|resnet50,42|52|62|72|82,split_10,52,resnet50,resnet18,1,0,0.0067376278356889
sipakmed_B_cnn4_all5,sipakmed,B,primary_original,image,10,5,4,50,200,densenet121|efficientnet_b0|resnet18|resnet50,42|52|62|72|82,split_10,62,densenet121,resnet18,0,0,0.0016671344582253
sipakmed_B_cnn4_all5,sipakmed,B,primary_original,image,10,5,4,50,200,densenet121|efficientnet_b0|resnet18|resnet50,42|52|62|72|82,split_10,72,resnet50,resnet18,1,0,0.0118596823264437
sipakmed_B_cnn4_all5,sipakmed,B,primary_original,image,10,5,4,50,200,densenet121|efficientnet_b0|resnet18|resnet50,42|52|62|72|82,split_10,82,resnet50,resnet18,1,0,0.0117775997082409
isic2019_A_cnn4_all3,isic2019,A,primary_extension,image,10,3,4,30,120,densenet121|efficientnet_b0|resnet18|resnet50,42|52|62,split_01,42,resnet50,resnet50,1,1,0.040225447571342
isic2019_A_cnn4_all3,isic2019,A,primary_extension,image,10,3,4,30,120,densenet121|efficientnet_b0|resnet18|resnet50,42|52|62,split_01,52,resnet50,resnet50,1,1,0.0558941639857605
isic2019_A_cnn4_all3,isic2019,A,primary_extension,image,10,3,4,30,120,densenet121|efficientnet_b0|resnet18|resnet50,42|52|62,split_01,62,resnet50,resnet50,1,1,0.0183360401012417
isic2019_A_cnn4_all3,isic2019,A,primary_extension,image,10,3,4,30,120,densenet121|efficientnet_b0|resnet18|resnet50,42|52|62,split_02,42,resnet50,resnet50,1,1,0.0541170619431069
isic2019_A_cnn4_all3,isic2019,A,primary_extension,image,10,3,4,30,120,densenet121|efficientnet_b0|resnet18|resnet50,42|52|62,split_02,52,resnet50,resnet50,1,1,0.0278651587006747
isic2019_A_cnn4_all3,isic2019,A,primary_extension,image,10,3,4,30,120,densenet121|efficientnet_b0|resnet18|resnet50,42|52|62,split_02,62,resnet50,resnet50,1,1,0.0288659118647462
isic2019_A_cnn4_all3,isic2019,A,primary_extension,image,10,3,4,30,120,densenet121|efficientnet_b0|resnet18|resnet50,42|52|62,split_03,42,resnet50,resnet50,1,1,0.0062396799806988
isic2019_A_cnn4_all3,isic2019,A,primary_extension,image,10,3,4,30,120,densenet121|efficientnet_b0|resnet18|resnet50,42|52|62,split_03,52,resnet50,resnet50,1,1,0.0328555004259528
isic2019_A_cnn4_all3,isic2019,A,primary_extension,image,10,3,4,30,120,densenet121|efficientnet_b0|resnet18|resnet50,42|52|62,split_03,62,resnet18,resnet50,0,0,0.0095213854798186
isic2019_A_cnn4_all3,isic2019,A,primary_extension,image,10,3,4,30,120,densenet121|efficientnet_b0|resnet18|resnet50,42|52|62,split_04,42,densenet121,resnet50,0,0,0.002056142112579
isic2019_A_cnn4_all3,isic2019,A,primary_extension,image,10,3,4,30,120,densenet121|efficientnet_b0|resnet18|resnet50,42|52|62,split_04,52,resnet50,resnet50,1,1,0.0531029726270517
isic2019_A_cnn4_all3,isic2019,A,primary_extension,image,10,3,4,30,120,densenet121|efficientnet_b0|resnet18|resnet50,42|52|62,split_04,62,resnet50,resnet50,1,1,0.0001911981401777
isic2019_A_cnn4_all3,isic2019,A,primary_extension,image,10,3,4,30,120,densenet121|efficientnet_b0|resnet18|resnet50,42|52|62,split_05,42,resnet50,resnet50,1,1,0.0202961912670177
isic2019_A_cnn4_all3,isic2019,A,primary_extension,image,10,3,4,30,120,densenet121|efficientnet_b0|resnet18|resnet50,42|52|62,split_05,52,resnet50,resnet50,1,1,0.0453150041244055
isic2019_A_cnn4_all3,isic2019,A,primary_extension,image,10,3,4,30,120,densenet121|efficientnet_b0|resnet18|resnet50,42|52|62,split_05,62,resnet50,resnet50,1,1,0.0300373938866418
isic2019_A_cnn4_all3,isic2019,A,primary_extension,image,10,3,4,30,120,densenet121|efficientnet_b0|resnet18|resnet50,42|52|62,split_06,42,resnet50,resnet50,1,1,0.0275341615198494
isic2019_A_cnn4_all3,isic2019,A,primary_extension,image,10,3,4,30,120,densenet121|efficientnet_b0|resnet18|resnet50,42|52|62,split_06,52,resnet50,resnet50,1,1,0.0405743578954459
isic2019_A_cnn4_all3,isic2019,A,primary_extension,image,10,3,4,30,120,densenet121|efficientnet_b0|resnet18|resnet50,42|52|62,split_06,62,resnet50,resnet50,1,1,0.0487545810861682
isic2019_A_cnn4_all3,isic2019,A,primary_extension,image,10,3,4,30,120,densenet121|efficientnet_b0|resnet18|resnet50,42|52|62,split_07,42,resnet50,resnet50,1,1,0.0117689033063357
isic2019_A_cnn4_all3,isic2019,A,primary_extension,image,10,3,4,30,120,densenet121|efficientnet_b0|resnet18|resnet50,42|52|62,split_07,52,resnet50,resnet50,1,1,0.0753948437112308
isic2019_A_cnn4_all3,isic2019,A,primary_extension,image,10,3,4,30,120,densenet121|efficientnet_b0|resnet18|resnet50,42|52|62,split_07,62,resnet50,resnet50,1,1,0.0516468945781651
isic2019_A_cnn4_all3,isic2019,A,primary_extension,image,10,3,4,30,120,densenet121|efficientnet_b0|resnet18|resnet50,42|52|62,split_08,42,resnet50,resnet50,1,1,0.0130959157107983
isic2019_A_cnn4_all3,isic2019,A,primary_extension,image,10,3,4,30,120,densenet121|efficientnet_b0|resnet18|resnet50,42|52|62,split_08,52,resnet50,resnet50,1,1,0.0270353224452052
isic2019_A_cnn4_all3,isic2019,A,primary_extension,image,10,3,4,30,120,densenet121|efficientnet_b0|resnet18|resnet50,42|52|62,split_08,62,resnet50,resnet50,1,1,0.077911021067354
isic2019_A_cnn4_all3,isic2019,A,primary_extension,image,10,3,4,30,120,densenet121|efficientnet_b0|resnet18|resnet50,42|52|62,split_09,42,densenet121,resnet50,0,0,0.0011857422938181
isic2019_A_cnn4_all3,isic2019,A,primary_extension,image,10,3,4,30,120,densenet121|efficientnet_b0|resnet18|resnet50,42|52|62,split_09,52,resnet50,resnet50,1,1,0.0716627088488818
isic2019_A_cnn4_all3,isic2019,A,primary_extension,image,10,3,4,30,120,densenet121|efficientnet_b0|resnet18|resnet50,42|52|62,split_09,62,resnet50,resnet50,1,1,0.0457563200338285
isic2019_A_cnn4_all3,isic2019,A,primary_extension,image,10,3,4,30,120,densenet121|efficientnet_b0|resnet18|resnet50,42|52|62,split_10,42,resnet50,resnet50,1,1,0.0173778033308961
isic2019_A_cnn4_all3,isic2019,A,primary_extension,image,10,3,4,30,120,densenet121|efficientnet_b0|resnet18|resnet50,42|52|62,split_10,52,resnet50,resnet50,1,1,0.0345132765727808
isic2019_A_cnn4_all3,isic2019,A,primary_extension,image,10,3,4,30,120,densenet121|efficientnet_b0|resnet18|resnet50,42|52|62,split_10,62,resnet50,resnet50,1,1,0.0087894090721738
mura_A_cnn4_all3,mura,A,primary_extension,study,10,3,4,30,120,densenet121|efficientnet_b0|resnet18|resnet50,42|52|62,split_01,42,resnet18,resnet50,0,0,0.0039179639169852
mura_A_cnn4_all3,mura,A,primary_extension,study,10,3,4,30,120,densenet121|efficientnet_b0|resnet18|resnet50,42|52|62,split_01,52,resnet50,resnet50,1,1,0.010749061575993
mura_A_cnn4_all3,mura,A,primary_extension,study,10,3,4,30,120,densenet121|efficientnet_b0|resnet18|resnet50,42|52|62,split_01,62,resnet50,resnet50,1,1,0.0261177206607063
mura_A_cnn4_all3,mura,A,primary_extension,study,10,3,4,30,120,densenet121|efficientnet_b0|resnet18|resnet50,42|52|62,split_02,42,densenet121,resnet50,0,0,0.0066363304791844
mura_A_cnn4_all3,mura,A,primary_extension,study,10,3,4,30,120,densenet121|efficientnet_b0|resnet18|resnet50,42|52|62,split_02,52,resnet50,resnet50,1,1,0.0013329975511053
mura_A_cnn4_all3,mura,A,primary_extension,study,10,3,4,30,120,densenet121|efficientnet_b0|resnet18|resnet50,42|52|62,split_02,62,densenet121,resnet50,0,0,0.0031197353109748
mura_A_cnn4_all3,mura,A,primary_extension,study,10,3,4,30,120,densenet121|efficientnet_b0|resnet18|resnet50,42|52|62,split_03,42,resnet50,resnet50,1,1,0.0104322023365647
mura_A_cnn4_all3,mura,A,primary_extension,study,10,3,4,30,120,densenet121|efficientnet_b0|resnet18|resnet50,42|52|62,split_03,52,resnet50,resnet50,1,1,0.0086028772060651
mura_A_cnn4_all3,mura,A,primary_extension,study,10,3,4,30,120,densenet121|efficientnet_b0|resnet18|resnet50,42|52|62,split_03,62,resnet50,resnet50,1,1,0.0103545239870742
mura_A_cnn4_all3,mura,A,primary_extension,study,10,3,4,30,120,densenet121|efficientnet_b0|resnet18|resnet50,42|52|62,split_04,42,resnet50,resnet50,1,1,0.0043969079385088
mura_A_cnn4_all3,mura,A,primary_extension,study,10,3,4,30,120,densenet121|efficientnet_b0|resnet18|resnet50,42|52|62,split_04,52,resnet18,resnet50,0,0,0.0026433974156949
mura_A_cnn4_all3,mura,A,primary_extension,study,10,3,4,30,120,densenet121|efficientnet_b0|resnet18|resnet50,42|52|62,split_04,62,densenet121,resnet50,0,0,0.0153456245403928
mura_A_cnn4_all3,mura,A,primary_extension,study,10,3,4,30,120,densenet121|efficientnet_b0|resnet18|resnet50,42|52|62,split_05,42,resnet50,resnet50,1,1,0.0056173669282684
mura_A_cnn4_all3,mura,A,primary_extension,study,10,3,4,30,120,densenet121|efficientnet_b0|resnet18|resnet50,42|52|62,split_05,52,resnet50,resnet50,1,1,0.0099326663733572
mura_A_cnn4_all3,mura,A,primary_extension,study,10,3,4,30,120,densenet121|efficientnet_b0|resnet18|resnet50,42|52|62,split_05,62,resnet50,resnet50,1,1,0.0287415637330514
mura_A_cnn4_all3,mura,A,primary_extension,study,10,3,4,30,120,densenet121|efficientnet_b0|resnet18|resnet50,42|52|62,split_06,42,efficientnet_b0,resnet50,0,0,0.004318152708909
mura_A_cnn4_all3,mura,A,primary_extension,study,10,3,4,30,120,densenet121|efficientnet_b0|resnet18|resnet50,42|52|62,split_06,52,resnet50,resnet50,1,1,0.0169606861645725
mura_A_cnn4_all3,mura,A,primary_extension,study,10,3,4,30,120,densenet121|efficientnet_b0|resnet18|resnet50,42|52|62,split_06,62,resnet50,resnet50,1,1,0.0049123779202639
mura_A_cnn4_all3,mura,A,primary_extension,study,10,3,4,30,120,densenet121|efficientnet_b0|resnet18|resnet50,42|52|62,split_07,42,densenet121,resnet50,0,0,0.0018542576859175
mura_A_cnn4_all3,mura,A,primary_extension,study,10,3,4,30,120,densenet121|efficientnet_b0|resnet18|resnet50,42|52|62,split_07,52,resnet50,resnet50,1,1,0.01348291040889
mura_A_cnn4_all3,mura,A,primary_extension,study,10,3,4,30,120,densenet121|efficientnet_b0|resnet18|resnet50,42|52|62,split_07,62,resnet50,resnet50,1,1,0.0026546348642044
mura_A_cnn4_all3,mura,A,primary_extension,study,10,3,4,30,120,densenet121|efficientnet_b0|resnet18|resnet50,42|52|62,split_08,42,densenet121,resnet50,0,0,0.0012658669270469
mura_A_cnn4_all3,mura,A,primary_extension,study,10,3,4,30,120,densenet121|efficientnet_b0|resnet18|resnet50,42|52|62,split_08,52,resnet50,resnet50,1,1,0.0041515553075742
mura_A_cnn4_all3,mura,A,primary_extension,study,10,3,4,30,120,densenet121|efficientnet_b0|resnet18|resnet50,42|52|62,split_08,62,densenet121,resnet50,0,0,0.0106779188171293
mura_A_cnn4_all3,mura,A,primary_extension,study,10,3,4,30,120,densenet121|efficientnet_b0|resnet18|resnet50,42|52|62,split_09,42,resnet50,resnet50,1,1,9.916385041341957e-05
mura_A_cnn4_all3,mura,A,primary_extension,study,10,3,4,30,120,densenet121|efficientnet_b0|resnet18|resnet50,42|52|62,split_09,52,densenet121,resnet50,0,0,0.0111658495565392
mura_A_cnn4_all3,mura,A,primary_extension,study,10,3,4,30,120,densenet121|efficientnet_b0|resnet18|resnet50,42|52|62,split_09,62,densenet121,resnet50,0,0,0.0114474748917131
mura_A_cnn4_all3,mura,A,primary_extension,study,10,3,4,30,120,densenet121|efficientnet_b0|resnet18|resnet50,42|52|62,split_10,42,densenet121,resnet50,0,0,0.0084430503923997
mura_A_cnn4_all3,mura,A,primary_extension,study,10,3,4,30,120,densenet121|efficientnet_b0|resnet18|resnet50,42|52|62,split_10,52,resnet50,resnet50,1,1,0.0065649524989674
mura_A_cnn4_all3,mura,A,primary_extension,study,10,3,4,30,120,densenet121|efficientnet_b0|resnet18|resnet50,42|52|62,split_10,62,resnet50,resnet50,1,1,0.0054497108632796
