Stage,Dataset,Model,Rule,Input,Runs,Seconds_mean_SD,Median_seconds
extension,ISIC2019,DenseNet-121,A,shared,30,652.26 (50.77),647.37
extension,ISIC2019,EfficientNet-B0,A,shared,30,1551.94 (203.14),1545.13
extension,ISIC2019,ResNet-18,A,shared,30,528.06 (56.00),525.84
extension,ISIC2019,ResNet-50,A,shared,30,535.04 (59.41),524.93
extension,ISIC2019,Swin-T,A,shared,15,588.97 (38.93),589.70
extension,ISIC2019,Swin-T,A,swin_weight_eval,15,701.35 (32.21),692.47
extension,MURA,DenseNet-121,A,shared,30,685.85 (89.55),675.38
extension,MURA,EfficientNet-B0,A,shared,30,1727.78 (267.85),1753.36
extension,MURA,ResNet-18,A,shared,30,568.52 (83.64),548.50
extension,MURA,ResNet-50,A,shared,30,588.35 (58.70),591.70
extension,MURA,Swin-T,A,shared,15,735.20 (89.26),735.46
extension,MURA,Swin-T,A,swin_weight_eval,15,780.60 (91.96),752.69
original,OrganAMNIST,DenseNet-121,A,submitted,50,1696.74 (292.70),1645.50
original,OrganAMNIST,DenseNet-121,B,submitted,50,2712.18 (12.98),2706.00
original,OrganAMNIST,EfficientNet-B0,A,submitted,50,1385.50 (116.02),1458.50
original,OrganAMNIST,EfficientNet-B0,B,submitted,50,1454.60 (44.04),1467.00
original,OrganAMNIST,ResNet-18,A,submitted,50,654.12 (102.54),647.00
original,OrganAMNIST,ResNet-18,B,submitted,50,1280.48 (15.75),1283.00
original,OrganAMNIST,ResNet-50,A,submitted,50,1200.30 (226.51),1171.50
original,OrganAMNIST,ResNet-50,B,submitted,50,2561.60 (10.54),2558.00
original,SIPaKMeD,DenseNet-121,A,submitted,50,375.14 (96.96),350.50
original,SIPaKMeD,DenseNet-121,B,submitted,50,1036.90 (59.80),1044.00
original,SIPaKMeD,EfficientNet-B0,A,submitted,50,692.16 (97.49),711.50
original,SIPaKMeD,EfficientNet-B0,B,submitted,50,767.02 (69.35),752.00
original,SIPaKMeD,ResNet-18,A,submitted,50,227.80 (72.37),209.50
original,SIPaKMeD,ResNet-18,B,submitted,50,747.82 (54.83),742.00
original,SIPaKMeD,ResNet-50,A,submitted,50,277.84 (76.68),279.00
original,SIPaKMeD,ResNet-50,B,submitted,50,1042.12 (60.55),1052.00
