epoch,train_loss_batch_mean,validation_loss,significant_improvement,patience_count
1,0.5398737077109456,0.47581174969673157,True,0
2,0.4725215662898067,0.45654192566871643,True,0
3,0.4386243655987485,0.4386577606201172,True,0
4,0.4064013239717429,0.45398783683776855,False,1
5,0.3764633572524902,0.4524172246456146,False,2
6,0.3445643095933285,0.48086920380592346,False,3
7,0.3121174153576329,0.5260260105133057,False,4
8,0.2806716615937966,0.47478029131889343,False,5
9,0.24816755565546905,0.5423358082771301,False,6
10,0.21760723941275617,0.5433430075645447,False,7
