stratum,dataset,checkpoint_policy,role,endpoint_unit,splits,seeds,models,contexts,runs,candidate_pool,seed_ids
organamnist_A_cnn4_all5,organamnist,A,primary_original,image,10,5,4,50,200,densenet121|efficientnet_b0|resnet18|resnet50,42|52|62|72|82
organamnist_A_cnn4_common3,organamnist,A,common_seed_sensitivity,image,10,3,4,30,120,densenet121|efficientnet_b0|resnet18|resnet50,42|52|62
organamnist_B_cnn4_all5,organamnist,B,primary_original,image,10,5,4,50,200,densenet121|efficientnet_b0|resnet18|resnet50,42|52|62|72|82
organamnist_B_cnn4_common3,organamnist,B,common_seed_sensitivity,image,10,3,4,30,120,densenet121|efficientnet_b0|resnet18|resnet50,42|52|62
sipakmed_A_cnn4_all5,sipakmed,A,primary_original,image,10,5,4,50,200,densenet121|efficientnet_b0|resnet18|resnet50,42|52|62|72|82
sipakmed_A_cnn4_common3,sipakmed,A,common_seed_sensitivity,image,10,3,4,30,120,densenet121|efficientnet_b0|resnet18|resnet50,42|52|62
sipakmed_B_cnn4_all5,sipakmed,B,primary_original,image,10,5,4,50,200,densenet121|efficientnet_b0|resnet18|resnet50,42|52|62|72|82
sipakmed_B_cnn4_common3,sipakmed,B,common_seed_sensitivity,image,10,3,4,30,120,densenet121|efficientnet_b0|resnet18|resnet50,42|52|62
isic2019_A_cnn4_all3,isic2019,A,primary_extension,image,10,3,4,30,120,densenet121|efficientnet_b0|resnet18|resnet50,42|52|62
isic2019_A_cnn4_pool_contexts,isic2019,A,candidate_pool_control,image,5,3,4,15,60,densenet121|efficientnet_b0|resnet18|resnet50,42|52|62
isic2019_A_pool5_shared,isic2019,A,candidate_pool_sensitivity,image,5,3,5,15,75,densenet121|efficientnet_b0|resnet18|resnet50|swin_t,42|52|62
isic2019_A_pool5_swin_weight_eval,isic2019,A,candidate_pool_sensitivity,image,5,3,5,15,75,densenet121|efficientnet_b0|resnet18|resnet50|swin_t,42|52|62
mura_A_cnn4_all3,mura,A,primary_extension,study,10,3,4,30,120,densenet121|efficientnet_b0|resnet18|resnet50,42|52|62
mura_A_cnn4_pool_contexts,mura,A,candidate_pool_control,study,5,3,4,15,60,densenet121|efficientnet_b0|resnet18|resnet50,42|52|62
mura_A_pool5_shared,mura,A,candidate_pool_sensitivity,study,5,3,5,15,75,densenet121|efficientnet_b0|resnet18|resnet50|swin_t,42|52|62
mura_A_pool5_swin_weight_eval,mura,A,candidate_pool_sensitivity,study,5,3,5,15,75,densenet121|efficientnet_b0|resnet18|resnet50|swin_t,42|52|62
