stratum,dataset,checkpoint_policy,role,endpoint_unit,splits,seeds,models,contexts,runs,candidate_pool,seed_ids,resampling,model,mean_BA_CI_low,mean_BA_CI_high,observed_frequency_CI_low,observed_frequency_CI_high,paired_bootstrap_selection_frequency,LSO_CI_low,LSO_CI_high
organamnist_A_cnn4_all5,organamnist,A,primary_original,image,10,5,4,50,200,densenet121|efficientnet_b0|resnet18|resnet50,42|52|62|72|82,split_only,densenet121,0.98991418802619413,0.99097290587248732,0,0,0,0.40000000000000002,0.76000000000000001
organamnist_A_cnn4_all5,organamnist,A,primary_original,image,10,5,4,50,200,densenet121|efficientnet_b0|resnet18|resnet50,42|52|62|72|82,split_only,efficientnet_b0,0.96070948618395102,0.96334764925014493,0,0,0,0.40000000000000002,0.76000000000000001
organamnist_A_cnn4_all5,organamnist,A,primary_original,image,10,5,4,50,200,densenet121|efficientnet_b0|resnet18|resnet50,42|52|62|72|82,split_only,resnet18,0.99424187010491327,0.99527252158339707,0.47999999999999998,0.76000000000000001,0.99119999999999997,0.40000000000000002,0.76000000000000001
organamnist_A_cnn4_all5,organamnist,A,primary_original,image,10,5,4,50,200,densenet121|efficientnet_b0|resnet18|resnet50,42|52|62|72|82,split_only,resnet50,0.9937560802825488,0.99468263509335819,0.23999999999999999,0.52000000000000002,0.0088000000000000005,0.40000000000000002,0.76000000000000001
organamnist_A_cnn4_all5,organamnist,A,primary_original,image,10,5,4,50,200,densenet121|efficientnet_b0|resnet18|resnet50,42|52|62|72|82,crossed,densenet121,0.98954526953964916,0.99125214044904775,0,0,0,0.22,0.83999999999999997
organamnist_A_cnn4_all5,organamnist,A,primary_original,image,10,5,4,50,200,densenet121|efficientnet_b0|resnet18|resnet50,42|52|62|72|82,crossed,efficientnet_b0,0.9605565284659856,0.96346883476809109,0,0,0,0.22,0.83999999999999997
organamnist_A_cnn4_all5,organamnist,A,primary_original,image,10,5,4,50,200,densenet121|efficientnet_b0|resnet18|resnet50,42|52|62|72|82,crossed,resnet18,0.99404505028859647,0.99542308221222908,0.38,0.83999999999999997,0.90880000000000005,0.22,0.83999999999999997
organamnist_A_cnn4_all5,organamnist,A,primary_original,image,10,5,4,50,200,densenet121|efficientnet_b0|resnet18|resnet50,42|52|62|72|82,crossed,resnet50,0.99352526902254013,0.99489100850173895,0.16,0.62,0.091200000000000003,0.22,0.83999999999999997
organamnist_A_cnn4_common3,organamnist,A,common_seed_sensitivity,image,10,3,4,30,120,densenet121|efficientnet_b0|resnet18|resnet50,42|52|62,split_only,densenet121,0.98944663646037567,0.99074393950809325,0,0,0,0.20000000000000001,0.73333333333333328
organamnist_A_cnn4_common3,organamnist,A,common_seed_sensitivity,image,10,3,4,30,120,densenet121|efficientnet_b0|resnet18|resnet50,42|52|62,split_only,efficientnet_b0,0.96078565163697083,0.96350884808274384,0,0,0,0.20000000000000001,0.73333333333333328
organamnist_A_cnn4_common3,organamnist,A,common_seed_sensitivity,image,10,3,4,30,120,densenet121|efficientnet_b0|resnet18|resnet50,42|52|62,split_only,resnet18,0.99407258384741559,0.99532598973005637,0.33333333333333331,0.73333333333333328,0.75700000000000001,0.20000000000000001,0.73333333333333328
organamnist_A_cnn4_common3,organamnist,A,common_seed_sensitivity,image,10,3,4,30,120,densenet121|efficientnet_b0|resnet18|resnet50,42|52|62,split_only,resnet50,0.99393803423189941,0.99514472202755566,0.26666666666666666,0.66666666666666663,0.24299999999999999,0.20000000000000001,0.73333333333333328
organamnist_A_cnn4_common3,organamnist,A,common_seed_sensitivity,image,10,3,4,30,120,densenet121|efficientnet_b0|resnet18|resnet50,42|52|62,crossed,densenet121,0.98906251381346155,0.99114173708418174,0,0,0,0.10000000000000001,0.80000000000000004
organamnist_A_cnn4_common3,organamnist,A,common_seed_sensitivity,image,10,3,4,30,120,densenet121|efficientnet_b0|resnet18|resnet50,42|52|62,crossed,efficientnet_b0,0.96051581290982579,0.96369144092720926,0,0,0,0.10000000000000001,0.80000000000000004
organamnist_A_cnn4_common3,organamnist,A,common_seed_sensitivity,image,10,3,4,30,120,densenet121|efficientnet_b0|resnet18|resnet50,42|52|62,crossed,resnet18,0.99384821740050955,0.99545721852700764,0.29999999999999999,0.80000000000000004,0.7087,0.10000000000000001,0.80000000000000004
organamnist_A_cnn4_common3,organamnist,A,common_seed_sensitivity,image,10,3,4,30,120,densenet121|efficientnet_b0|resnet18|resnet50,42|52|62,crossed,resnet50,0.99378250955070913,0.99521175533103856,0.20000000000000001,0.69999999999999996,0.2913,0.10000000000000001,0.80000000000000004
organamnist_B_cnn4_all5,organamnist,B,primary_original,image,10,5,4,50,200,densenet121|efficientnet_b0|resnet18|resnet50,42|52|62|72|82,split_only,densenet121,0.9914981070915615,0.99262684881312635,0,0,0,0.34000000000000002,0.71999999999999997
organamnist_B_cnn4_all5,organamnist,B,primary_original,image,10,5,4,50,200,densenet121|efficientnet_b0|resnet18|resnet50,42|52|62|72|82,split_only,efficientnet_b0,0.96177792939226103,0.96387530739989236,0,0,0,0.34000000000000002,0.71999999999999997
organamnist_B_cnn4_all5,organamnist,B,primary_original,image,10,5,4,50,200,densenet121|efficientnet_b0|resnet18|resnet50,42|52|62|72|82,split_only,resnet18,0.99566925277810081,0.99641826180982918,0.28000000000000003,0.52000000000000002,0.1368,0.34000000000000002,0.71999999999999997
organamnist_B_cnn4_all5,organamnist,B,primary_original,image,10,5,4,50,200,densenet121|efficientnet_b0|resnet18|resnet50,42|52|62|72|82,split_only,resnet50,0.99571834513718638,0.99669635454001915,0.47999999999999998,0.71999999999999997,0.86319999999999997,0.34000000000000002,0.71999999999999997
organamnist_B_cnn4_all5,organamnist,B,primary_original,image,10,5,4,50,200,densenet121|efficientnet_b0|resnet18|resnet50,42|52|62|72|82,crossed,densenet121,0.99133380005573846,0.99276732850584537,0,0,0,0.17999999999999999,0.80000000000000004
organamnist_B_cnn4_all5,organamnist,B,primary_original,image,10,5,4,50,200,densenet121|efficientnet_b0|resnet18|resnet50,42|52|62|72|82,crossed,efficientnet_b0,0.96158957239874077,0.9640128565408892,0,0,0,0.17999999999999999,0.80000000000000004
organamnist_B_cnn4_all5,organamnist,B,primary_original,image,10,5,4,50,200,densenet121|efficientnet_b0|resnet18|resnet50,42|52|62|72|82,crossed,resnet18,0.99561525684570173,0.99647292705517432,0.20000000000000001,0.59999999999999998,0.2175,0.17999999999999999,0.80000000000000004
organamnist_B_cnn4_all5,organamnist,B,primary_original,image,10,5,4,50,200,densenet121|efficientnet_b0|resnet18|resnet50,42|52|62|72|82,crossed,resnet50,0.99563477222358543,0.99675245084235142,0.40000000000000002,0.80000000000000004,0.78249999999999997,0.17999999999999999,0.80000000000000004
organamnist_B_cnn4_common3,organamnist,B,common_seed_sensitivity,image,10,3,4,30,120,densenet121|efficientnet_b0|resnet18|resnet50,42|52|62,split_only,densenet121,0.99147192524271532,0.99268244224982882,0,0,0,0.16666666666666666,0.83333333333333337
organamnist_B_cnn4_common3,organamnist,B,common_seed_sensitivity,image,10,3,4,30,120,densenet121|efficientnet_b0|resnet18|resnet50,42|52|62,split_only,efficientnet_b0,0.96174018422288632,0.96403465892510298,0,0,0,0.16666666666666666,0.83333333333333337
organamnist_B_cnn4_common3,organamnist,B,common_seed_sensitivity,image,10,3,4,30,120,densenet121|efficientnet_b0|resnet18|resnet50,42|52|62,split_only,resnet18,0.99564450511301084,0.99638179892159495,0.16666666666666666,0.53333333333333333,0.17760000000000001,0.16666666666666666,0.83333333333333337
organamnist_B_cnn4_common3,organamnist,B,common_seed_sensitivity,image,10,3,4,30,120,densenet121|efficientnet_b0|resnet18|resnet50,42|52|62,split_only,resnet50,0.99568444895379371,0.99682119698168381,0.46666666666666667,0.83333333333333337,0.82240000000000002,0.16666666666666666,0.83333333333333337
organamnist_B_cnn4_common3,organamnist,B,common_seed_sensitivity,image,10,3,4,30,120,densenet121|efficientnet_b0|resnet18|resnet50,42|52|62,crossed,densenet121,0.99121769276320315,0.99288863678097117,0,0,0,0.10000000000000001,0.90000000000000002
organamnist_B_cnn4_common3,organamnist,B,common_seed_sensitivity,image,10,3,4,30,120,densenet121|efficientnet_b0|resnet18|resnet50,42|52|62,crossed,efficientnet_b0,0.9614621589938831,0.96419770510988045,0,0,0,0.10000000000000001,0.90000000000000002
organamnist_B_cnn4_common3,organamnist,B,common_seed_sensitivity,image,10,3,4,30,120,densenet121|efficientnet_b0|resnet18|resnet50,42|52|62,crossed,resnet18,0.99555790693127333,0.99641576458467285,0.10000000000000001,0.56666666666666665,0.21260000000000001,0.10000000000000001,0.90000000000000002
organamnist_B_cnn4_common3,organamnist,B,common_seed_sensitivity,image,10,3,4,30,120,densenet121|efficientnet_b0|resnet18|resnet50,42|52|62,crossed,resnet50,0.99561042257925336,0.99689949016094859,0.43333333333333335,0.90000000000000002,0.78739999999999999,0.10000000000000001,0.90000000000000002
sipakmed_A_cnn4_all5,sipakmed,A,primary_original,image,10,5,4,50,200,densenet121|efficientnet_b0|resnet18|resnet50,42|52|62|72|82,split_only,densenet121,0.9530182277595709,0.96149610661988472,0.02,0.17999999999999999,0,0.16,0.71999999999999997
sipakmed_A_cnn4_all5,sipakmed,A,primary_original,image,10,5,4,50,200,densenet121|efficientnet_b0|resnet18|resnet50,42|52|62|72|82,split_only,efficientnet_b0,0.94254114890263108,0.95049117931873328,0,0,0,0.16,0.71999999999999997
sipakmed_A_cnn4_all5,sipakmed,A,primary_original,image,10,5,4,50,200,densenet121|efficientnet_b0|resnet18|resnet50,42|52|62|72|82,split_only,resnet18,0.96305519388726624,0.96856829500458352,0.32000000000000001,0.71999999999999997,0.89759999999999995,0.16,0.71999999999999997
sipakmed_A_cnn4_all5,sipakmed,A,primary_original,image,10,5,4,50,200,densenet121|efficientnet_b0|resnet18|resnet50,42|52|62|72|82,split_only,resnet50,0.96045549337128744,0.96637848864058296,0.22,0.56000000000000005,0.1024,0.16,0.71999999999999997
sipakmed_A_cnn4_all5,sipakmed,A,primary_original,image,10,5,4,50,200,densenet121|efficientnet_b0|resnet18|resnet50,42|52|62|72|82,crossed,densenet121,0.95230934845390547,0.96211999558563832,0,0.23999999999999999,0.00050000000000000001,0.10000000000000001,0.76000000000000001
sipakmed_A_cnn4_all5,sipakmed,A,primary_original,image,10,5,4,50,200,densenet121|efficientnet_b0|resnet18|resnet50,42|52|62|72|82,crossed,efficientnet_b0,0.94210522514988781,0.95069190305125983,0,0,0,0.10000000000000001,0.76000000000000001
sipakmed_A_cnn4_all5,sipakmed,A,primary_original,image,10,5,4,50,200,densenet121|efficientnet_b0|resnet18|resnet50,42|52|62|72|82,crossed,resnet18,0.96277768455101631,0.96900252381747243,0.28000000000000003,0.76000000000000001,0.84940000000000004,0.10000000000000001,0.76000000000000001
sipakmed_A_cnn4_all5,sipakmed,A,primary_original,image,10,5,4,50,200,densenet121|efficientnet_b0|resnet18|resnet50,42|52|62|72|82,crossed,resnet50,0.95984084815525439,0.96752930760740397,0.17950000000000044,0.59999999999999998,0.15010000000000001,0.10000000000000001,0.76000000000000001
sipakmed_A_cnn4_common3,sipakmed,A,common_seed_sensitivity,image,10,3,4,30,120,densenet121|efficientnet_b0|resnet18|resnet50,42|52|62,split_only,densenet121,0.9530006452694747,0.9624863215363354,0,0.26666666666666666,0,0.13333333333333333,0.66666666666666663
sipakmed_A_cnn4_common3,sipakmed,A,common_seed_sensitivity,image,10,3,4,30,120,densenet121|efficientnet_b0|resnet18|resnet50,42|52|62,split_only,efficientnet_b0,0.94268406005325178,0.9505072616955611,0,0,0,0.13333333333333333,0.66666666666666663
sipakmed_A_cnn4_common3,sipakmed,A,common_seed_sensitivity,image,10,3,4,30,120,densenet121|efficientnet_b0|resnet18|resnet50,42|52|62,split_only,resnet18,0.96246211077341881,0.96825842048353195,0.26666666666666666,0.66666666666666663,0.83179999999999998,0.13333333333333333,0.66666666666666663
sipakmed_A_cnn4_common3,sipakmed,A,common_seed_sensitivity,image,10,3,4,30,120,densenet121|efficientnet_b0|resnet18|resnet50,42|52|62,split_only,resnet50,0.96083677402269785,0.96665109325339194,0.23333333333333334,0.59999999999999998,0.16819999999999999,0.13333333333333333,0.66666666666666663
sipakmed_A_cnn4_common3,sipakmed,A,common_seed_sensitivity,image,10,3,4,30,120,densenet121|efficientnet_b0|resnet18|resnet50,42|52|62,crossed,densenet121,0.9514238864653054,0.96317570131166774,0,0.33333333333333331,0.0035999999999999999,0.033333333333333333,0.76666666666666672
sipakmed_A_cnn4_common3,sipakmed,A,common_seed_sensitivity,image,10,3,4,30,120,densenet121|efficientnet_b0|resnet18|resnet50,42|52|62,crossed,efficientnet_b0,0.94188080458355494,0.95108923949432966,0,0,0,0.033333333333333333,0.76666666666666672
sipakmed_A_cnn4_common3,sipakmed,A,common_seed_sensitivity,image,10,3,4,30,120,densenet121|efficientnet_b0|resnet18|resnet50,42|52|62,crossed,resnet18,0.96203300021147331,0.96876829509341555,0.20000000000000001,0.73333333333333328,0.73950000000000005,0.033333333333333333,0.76666666666666672
sipakmed_A_cnn4_common3,sipakmed,A,common_seed_sensitivity,image,10,3,4,30,120,densenet121|efficientnet_b0|resnet18|resnet50,42|52|62,crossed,resnet50,0.95986799405028356,0.96894863340240411,0.16666666666666666,0.6333333333333333,0.25690000000000002,0.033333333333333333,0.76666666666666672
sipakmed_B_cnn4_all5,sipakmed,B,primary_original,image,10,5,4,50,200,densenet121|efficientnet_b0|resnet18|resnet50,42|52|62|72|82,split_only,densenet121,0.95688937078207092,0.96527432047224648,0.040000000000000001,0.20000000000000001,0,0.14000000000000001,0.64000000000000001
sipakmed_B_cnn4_all5,sipakmed,B,primary_original,image,10,5,4,50,200,densenet121|efficientnet_b0|resnet18|resnet50,42|52|62|72|82,split_only,efficientnet_b0,0.94400335432566085,0.95150093191434237,0,0,0,0.14000000000000001,0.64000000000000001
sipakmed_B_cnn4_all5,sipakmed,B,primary_original,image,10,5,4,50,200,densenet121|efficientnet_b0|resnet18|resnet50,42|52|62|72|82,split_only,resnet18,0.9656985394904507,0.97117520727973994,0.26000000000000001,0.59999999999999998,0.45490000000000003,0.14000000000000001,0.64000000000000001
sipakmed_B_cnn4_all5,sipakmed,B,primary_original,image,10,5,4,50,200,densenet121|efficientnet_b0|resnet18|resnet50,42|52|62|72|82,split_only,resnet50,0.96610734867177561,0.97140281127773276,0.28000000000000003,0.62,0.54510000000000003,0.14000000000000001,0.64000000000000001
sipakmed_B_cnn4_all5,sipakmed,B,primary_original,image,10,5,4,50,200,densenet121|efficientnet_b0|resnet18|resnet50,42|52|62|72|82,crossed,densenet121,0.95631056304388917,0.96568279454048511,0,0.28000000000000003,0,0.10000000000000001,0.69999999999999996
sipakmed_B_cnn4_all5,sipakmed,B,primary_original,image,10,5,4,50,200,densenet121|efficientnet_b0|resnet18|resnet50,42|52|62|72|82,crossed,efficientnet_b0,0.94361801196480022,0.95173922381624476,0,0,0,0.10000000000000001,0.69999999999999996
sipakmed_B_cnn4_all5,sipakmed,B,primary_original,image,10,5,4,50,200,densenet121|efficientnet_b0|resnet18|resnet50,42|52|62|72|82,crossed,resnet18,0.96535146643320002,0.97163390606494338,0.22,0.68000000000000005,0.46229999999999999,0.10000000000000001,0.69999999999999996
sipakmed_B_cnn4_all5,sipakmed,B,primary_original,image,10,5,4,50,200,densenet121|efficientnet_b0|resnet18|resnet50,42|52|62|72|82,crossed,resnet50,0.96522515312455048,0.97215966762236516,0.22,0.68000000000000005,0.53769999999999996,0.10000000000000001,0.69999999999999996
sipakmed_B_cnn4_common3,sipakmed,B,common_seed_sensitivity,image,10,3,4,30,120,densenet121|efficientnet_b0|resnet18|resnet50,42|52|62,split_only,densenet121,0.95568732706564163,0.96566691398911475,0.033333333333333333,0.23333333333333334,0,0.10000000000000001,0.66666666666666663
sipakmed_B_cnn4_common3,sipakmed,B,common_seed_sensitivity,image,10,3,4,30,120,densenet121|efficientnet_b0|resnet18|resnet50,42|52|62,split_only,efficientnet_b0,0.94319689635598258,0.95144999092880267,0,0,0,0.10000000000000001,0.66666666666666663
sipakmed_B_cnn4_common3,sipakmed,B,common_seed_sensitivity,image,10,3,4,30,120,densenet121|efficientnet_b0|resnet18|resnet50,42|52|62,split_only,resnet18,0.96643671667511122,0.97079690068609614,0.26666666666666666,0.66666666666666663,0.70189999999999997,0.10000000000000001,0.66666666666666663
sipakmed_B_cnn4_common3,sipakmed,B,common_seed_sensitivity,image,10,3,4,30,120,densenet121|efficientnet_b0|resnet18|resnet50,42|52|62,split_only,resnet50,0.96453010099258252,0.97036454391161586,0.20000000000000001,0.59999999999999998,0.29809999999999998,0.10000000000000001,0.66666666666666663
sipakmed_B_cnn4_common3,sipakmed,B,common_seed_sensitivity,image,10,3,4,30,120,densenet121|efficientnet_b0|resnet18|resnet50,42|52|62,crossed,densenet121,0.95531246748791898,0.96580738732589722,0,0.29999999999999999,0,0.033333333333333333,0.76666666666666672
sipakmed_B_cnn4_common3,sipakmed,B,common_seed_sensitivity,image,10,3,4,30,120,densenet121|efficientnet_b0|resnet18|resnet50,42|52|62,crossed,efficientnet_b0,0.94282107882250832,0.95173826251393656,0,0,0,0.033333333333333333,0.76666666666666672
sipakmed_B_cnn4_common3,sipakmed,B,common_seed_sensitivity,image,10,3,4,30,120,densenet121|efficientnet_b0|resnet18|resnet50,42|52|62,crossed,resnet18,0.9660643722143234,0.9712243484237425,0.20000000000000001,0.73333333333333328,0.66149999999999998,0.033333333333333333,0.76666666666666672
sipakmed_B_cnn4_common3,sipakmed,B,common_seed_sensitivity,image,10,3,4,30,120,densenet121|efficientnet_b0|resnet18|resnet50,42|52|62,crossed,resnet50,0.96353557182952398,0.97121127074275637,0.13333333333333333,0.69999999999999996,0.33850000000000002,0.033333333333333333,0.76666666666666672
isic2019_A_cnn4_all3,isic2019,A,primary_extension,image,10,3,4,30,120,densenet121|efficientnet_b0|resnet18|resnet50,42|52|62,split_only,densenet121,0.45285511674553414,0.47040821358198404,0,0.16666666666666666,0,0.80000000000000004,1
isic2019_A_cnn4_all3,isic2019,A,primary_extension,image,10,3,4,30,120,densenet121|efficientnet_b0|resnet18|resnet50,42|52|62,split_only,efficientnet_b0,0.43791055668021689,0.46137693539785418,0,0,0,0.80000000000000004,1
isic2019_A_cnn4_all3,isic2019,A,primary_extension,image,10,3,4,30,120,densenet121|efficientnet_b0|resnet18|resnet50,42|52|62,split_only,resnet18,0.45348876744465028,0.47595997995595885,0,0.10000000000000001,0,0.80000000000000004,1
isic2019_A_cnn4_all3,isic2019,A,primary_extension,image,10,3,4,30,120,densenet121|efficientnet_b0|resnet18|resnet50,42|52|62,split_only,resnet50,0.49962244234757097,0.51498677778067981,0.80000000000000004,1,1,0.80000000000000004,1
isic2019_A_cnn4_all3,isic2019,A,primary_extension,image,10,3,4,30,120,densenet121|efficientnet_b0|resnet18|resnet50,42|52|62,crossed,densenet121,0.45137905574011905,0.47319725654750344,0,0.26666666666666666,0,0.69999999999999996,1
isic2019_A_cnn4_all3,isic2019,A,primary_extension,image,10,3,4,30,120,densenet121|efficientnet_b0|resnet18|resnet50,42|52|62,crossed,efficientnet_b0,0.43771170751320027,0.46142695866933003,0,0,0,0.69999999999999996,1
isic2019_A_cnn4_all3,isic2019,A,primary_extension,image,10,3,4,30,120,densenet121|efficientnet_b0|resnet18|resnet50,42|52|62,crossed,resnet18,0.44979467509930826,0.48282128713654338,0,0.20000000000000001,0,0.69999999999999996,1
isic2019_A_cnn4_all3,isic2019,A,primary_extension,image,10,3,4,30,120,densenet121|efficientnet_b0|resnet18|resnet50,42|52|62,crossed,resnet50,0.4908218854820684,0.52499942337963124,0.69999999999999996,1,1,0.69999999999999996,1
isic2019_A_cnn4_pool_contexts,isic2019,A,candidate_pool_control,image,5,3,4,15,60,densenet121|efficientnet_b0|resnet18|resnet50,42|52|62,split_only,densenet121,0.44866679235563817,0.47238280688418233,0,0.20000000000000001,0,0.73333333333333328,1
isic2019_A_cnn4_pool_contexts,isic2019,A,candidate_pool_control,image,5,3,4,15,60,densenet121|efficientnet_b0|resnet18|resnet50,42|52|62,split_only,efficientnet_b0,0.43647613161081977,0.47488028614652689,0,0,0,0.73333333333333328,1
isic2019_A_cnn4_pool_contexts,isic2019,A,candidate_pool_control,image,5,3,4,15,60,densenet121|efficientnet_b0|resnet18|resnet50,42|52|62,split_only,resnet18,0.44722067977380991,0.47816081324512949,0,0.20000000000000001,0,0.73333333333333328,1
isic2019_A_cnn4_pool_contexts,isic2019,A,candidate_pool_control,image,5,3,4,15,60,densenet121|efficientnet_b0|resnet18|resnet50,42|52|62,split_only,resnet50,0.49328517727189602,0.50835350976697502,0.73333333333333328,1,1,0.73333333333333328,1
isic2019_A_cnn4_pool_contexts,isic2019,A,candidate_pool_control,image,5,3,4,15,60,densenet121|efficientnet_b0|resnet18|resnet50,42|52|62,crossed,densenet121,0.44652279975111187,0.47907822578627252,0,0.26666666666666666,0.00029999999999999997,0.33333333333333331,1
isic2019_A_cnn4_pool_contexts,isic2019,A,candidate_pool_control,image,5,3,4,15,60,densenet121|efficientnet_b0|resnet18|resnet50,42|52|62,crossed,efficientnet_b0,0.43629241264676577,0.47593876117846295,0,0,0.00040000000000000002,0.33333333333333331,1
isic2019_A_cnn4_pool_contexts,isic2019,A,candidate_pool_control,image,5,3,4,15,60,densenet121|efficientnet_b0|resnet18|resnet50,42|52|62,crossed,resnet18,0.44654436099496581,0.47932377199863491,0,0.26666666666666666,0.00020000000000000001,0.33333333333333331,1
isic2019_A_cnn4_pool_contexts,isic2019,A,candidate_pool_control,image,5,3,4,15,60,densenet121|efficientnet_b0|resnet18|resnet50,42|52|62,crossed,resnet50,0.48666688333264746,0.5199659621209497,0.59999999999999998,1,0.99909999999999999,0.33333333333333331,1
isic2019_A_pool5_shared,isic2019,A,candidate_pool_sensitivity,image,5,3,5,15,75,densenet121|efficientnet_b0|resnet18|resnet50|swin_t,42|52|62,split_only,densenet121,0.44939277214940088,0.47299101357785112,0,0,0,0.066666666666666666,0.80000000000000004
isic2019_A_pool5_shared,isic2019,A,candidate_pool_sensitivity,image,5,3,5,15,75,densenet121|efficientnet_b0|resnet18|resnet50|swin_t,42|52|62,split_only,efficientnet_b0,0.43647613161081977,0.474880286146527,0,0,0,0.066666666666666666,0.80000000000000004
isic2019_A_pool5_shared,isic2019,A,candidate_pool_sensitivity,image,5,3,5,15,75,densenet121|efficientnet_b0|resnet18|resnet50|swin_t,42|52|62,split_only,resnet18,0.44817414756060459,0.47932377199863496,0,0,0,0.066666666666666666,0.80000000000000004
isic2019_A_pool5_shared,isic2019,A,candidate_pool_sensitivity,image,5,3,5,15,75,densenet121|efficientnet_b0|resnet18|resnet50|swin_t,42|52|62,split_only,resnet50,0.49328517727189597,0.50833783395793886,0.26666666666666666,0.8666666666666667,0.46439999999999998,0.066666666666666666,0.80000000000000004
isic2019_A_pool5_shared,isic2019,A,candidate_pool_sensitivity,image,5,3,5,15,75,densenet121|efficientnet_b0|resnet18|resnet50|swin_t,42|52|62,split_only,swin_t,0.48371708344631809,0.53246684762345464,0.13333333333333333,0.73333333333333328,0.53559999999999997,0.066666666666666666,0.80000000000000004
isic2019_A_pool5_shared,isic2019,A,candidate_pool_sensitivity,image,5,3,5,15,75,densenet121|efficientnet_b0|resnet18|resnet50|swin_t,42|52|62,crossed,densenet121,0.44672896209823854,0.47907822578627257,0,0,0,0,1
isic2019_A_pool5_shared,isic2019,A,candidate_pool_sensitivity,image,5,3,5,15,75,densenet121|efficientnet_b0|resnet18|resnet50|swin_t,42|52|62,crossed,efficientnet_b0,0.43574551278062124,0.47593876117846295,0,0,0,0,1
isic2019_A_pool5_shared,isic2019,A,candidate_pool_sensitivity,image,5,3,5,15,75,densenet121|efficientnet_b0|resnet18|resnet50|swin_t,42|52|62,crossed,resnet18,0.44654436099496581,0.4795226441344777,0,0,0,0,1
isic2019_A_pool5_shared,isic2019,A,candidate_pool_sensitivity,image,5,3,5,15,75,densenet121|efficientnet_b0|resnet18|resnet50|swin_t,42|52|62,crossed,resnet50,0.48688304083035561,0.51919739207531712,0.20000000000000001,1,0.5151,0,1
isic2019_A_pool5_shared,isic2019,A,candidate_pool_sensitivity,image,5,3,5,15,75,densenet121|efficientnet_b0|resnet18|resnet50|swin_t,42|52|62,crossed,swin_t,0.48092380084825215,0.53254142904834412,0,0.80000000000000004,0.4849,0,1
isic2019_A_pool5_swin_weight_eval,isic2019,A,candidate_pool_sensitivity,image,5,3,5,15,75,densenet121|efficientnet_b0|resnet18|resnet50|swin_t,42|52|62,split_only,densenet121,0.44866679235563817,0.47299101357785112,0,0,0,0.26666666666666666,0.8666666666666667
isic2019_A_pool5_swin_weight_eval,isic2019,A,candidate_pool_sensitivity,image,5,3,5,15,75,densenet121|efficientnet_b0|resnet18|resnet50|swin_t,42|52|62,split_only,efficientnet_b0,0.43647613161081977,0.474880286146527,0,0,0,0.26666666666666666,0.8666666666666667
isic2019_A_pool5_swin_weight_eval,isic2019,A,candidate_pool_sensitivity,image,5,3,5,15,75,densenet121|efficientnet_b0|resnet18|resnet50|swin_t,42|52|62,split_only,resnet18,0.44722067977380991,0.47816081324512949,0,0,0,0.26666666666666666,0.8666666666666667
isic2019_A_pool5_swin_weight_eval,isic2019,A,candidate_pool_sensitivity,image,5,3,5,15,75,densenet121|efficientnet_b0|resnet18|resnet50|swin_t,42|52|62,split_only,resnet50,0.49328517727189597,0.50835350976697502,0.13333333333333333,0.53333333333333333,0.022100000000000002,0.26666666666666666,0.8666666666666667
isic2019_A_pool5_swin_weight_eval,isic2019,A,candidate_pool_sensitivity,image,5,3,5,15,75,densenet121|efficientnet_b0|resnet18|resnet50|swin_t,42|52|62,split_only,swin_t,0.50356587730682023,0.55080519051893861,0.46666666666666667,0.8666666666666667,0.97789999999999999,0.26666666666666666,0.8666666666666667
isic2019_A_pool5_swin_weight_eval,isic2019,A,candidate_pool_sensitivity,image,5,3,5,15,75,densenet121|efficientnet_b0|resnet18|resnet50|swin_t,42|52|62,crossed,densenet121,0.44688928253225785,0.47917737585676046,0,0,0,0,1
isic2019_A_pool5_swin_weight_eval,isic2019,A,candidate_pool_sensitivity,image,5,3,5,15,75,densenet121|efficientnet_b0|resnet18|resnet50|swin_t,42|52|62,crossed,efficientnet_b0,0.43647613161081972,0.47488028614652694,0,0,0,0,1
isic2019_A_pool5_swin_weight_eval,isic2019,A,candidate_pool_sensitivity,image,5,3,5,15,75,densenet121|efficientnet_b0|resnet18|resnet50|swin_t,42|52|62,crossed,resnet18,0.4464218187379248,0.47982479023039676,0,0,0,0,1
isic2019_A_pool5_swin_weight_eval,isic2019,A,candidate_pool_sensitivity,image,5,3,5,15,75,densenet121|efficientnet_b0|resnet18|resnet50|swin_t,42|52|62,crossed,resnet50,0.48718333469930997,0.51915173946944049,0,0.73333333333333328,0.041700000000000001,0,1
isic2019_A_pool5_swin_weight_eval,isic2019,A,candidate_pool_sensitivity,image,5,3,5,15,75,densenet121|efficientnet_b0|resnet18|resnet50|swin_t,42|52|62,crossed,swin_t,0.5010975483957274,0.55080519051893861,0.26666666666666666,1,0.95830000000000004,0,1
mura_A_cnn4_all3,mura,A,primary_extension,study,10,3,4,30,120,densenet121|efficientnet_b0|resnet18|resnet50,42|52|62,split_only,densenet121,0.78181546075492869,0.79209649985110364,0.13333333333333333,0.46666666666666667,0.18609999999999999,0.20000000000000001,0.76666666666666672
mura_A_cnn4_all3,mura,A,primary_extension,study,10,3,4,30,120,densenet121|efficientnet_b0|resnet18|resnet50,42|52|62,split_only,efficientnet_b0,0.76739754666466142,0.77510224396241734,0,0.10000000000000001,0,0.20000000000000001,0.76666666666666672
mura_A_cnn4_all3,mura,A,primary_extension,study,10,3,4,30,120,densenet121|efficientnet_b0|resnet18|resnet50,42|52|62,split_only,resnet18,0.7693962531541052,0.78234758428028961,0,0.16666666666666666,0,0.20000000000000001,0.76666666666666672
mura_A_cnn4_all3,mura,A,primary_extension,study,10,3,4,30,120,densenet121|efficientnet_b0|resnet18|resnet50,42|52|62,split_only,resnet50,0.78013306637587931,0.79809114499232281,0.46666666666666667,0.76666666666666672,0.81389999999999996,0.20000000000000001,0.76666666666666672
mura_A_cnn4_all3,mura,A,primary_extension,study,10,3,4,30,120,densenet121|efficientnet_b0|resnet18|resnet50,42|52|62,crossed,densenet121,0.78051449489898828,0.79283417481759677,0.066666666666666666,0.59999999999999998,0.23130000000000001,0.066666666666666666,0.90000000000000002
mura_A_cnn4_all3,mura,A,primary_extension,study,10,3,4,30,120,densenet121|efficientnet_b0|resnet18|resnet50,42|52|62,crossed,efficientnet_b0,0.76697104220213241,0.77551018879872824,0,0.20000000000000001,0,0.066666666666666666,0.90000000000000002
mura_A_cnn4_all3,mura,A,primary_extension,study,10,3,4,30,120,densenet121|efficientnet_b0|resnet18|resnet50,42|52|62,crossed,resnet18,0.76781023951363059,0.78345052669484072,0,0.20000000000000001,0,0.066666666666666666,0.90000000000000002
mura_A_cnn4_all3,mura,A,primary_extension,study,10,3,4,30,120,densenet121|efficientnet_b0|resnet18|resnet50,42|52|62,crossed,resnet50,0.778988326551322,0.79990832655786326,0.29999999999999999,0.90000000000000002,0.76870000000000005,0.066666666666666666,0.90000000000000002
mura_A_cnn4_pool_contexts,mura,A,candidate_pool_control,study,5,3,4,15,60,densenet121|efficientnet_b0|resnet18|resnet50,42|52|62,split_only,densenet121,0.7832320360346291,0.79498379868244906,0,0.46666666666666667,0.077799999999999994,0.13333333333333333,0.93333333333333335
mura_A_cnn4_pool_contexts,mura,A,candidate_pool_control,study,5,3,4,15,60,densenet121|efficientnet_b0|resnet18|resnet50,42|52|62,split_only,efficientnet_b0,0.76566561258178745,0.77767881479974355,0,0,0,0.13333333333333333,0.93333333333333335
mura_A_cnn4_pool_contexts,mura,A,candidate_pool_control,study,5,3,4,15,60,densenet121|efficientnet_b0|resnet18|resnet50,42|52|62,split_only,resnet18,0.77386289243035999,0.78811461521883286,0,0.26666666666666666,0,0.13333333333333333,0.93333333333333335
mura_A_cnn4_pool_contexts,mura,A,candidate_pool_control,study,5,3,4,15,60,densenet121|efficientnet_b0|resnet18|resnet50,42|52|62,split_only,resnet50,0.78175041818837221,0.80522079273500713,0.40000000000000002,0.93333333333333335,0.92220000000000002,0.13333333333333333,0.93333333333333335
mura_A_cnn4_pool_contexts,mura,A,candidate_pool_control,study,5,3,4,15,60,densenet121|efficientnet_b0|resnet18|resnet50,42|52|62,crossed,densenet121,0.78206539949820553,0.79571622544568543,0,0.59999999999999998,0.1036,0,1
mura_A_cnn4_pool_contexts,mura,A,candidate_pool_control,study,5,3,4,15,60,densenet121|efficientnet_b0|resnet18|resnet50,42|52|62,crossed,efficientnet_b0,0.76536085529393361,0.77856865512737805,0,0,0,0,1
mura_A_cnn4_pool_contexts,mura,A,candidate_pool_control,study,5,3,4,15,60,densenet121|efficientnet_b0|resnet18|resnet50,42|52|62,crossed,resnet18,0.77204092700217586,0.79064064292357494,0,0.40000000000000002,0.0016999999999999999,0,1
mura_A_cnn4_pool_contexts,mura,A,candidate_pool_control,study,5,3,4,15,60,densenet121|efficientnet_b0|resnet18|resnet50,42|52|62,crossed,resnet50,0.78157665052944236,0.80706505350903102,0.26666666666666666,1,0.89470000000000005,0,1
mura_A_pool5_shared,mura,A,candidate_pool_sensitivity,study,5,3,5,15,75,densenet121|efficientnet_b0|resnet18|resnet50|swin_t,42|52|62,split_only,densenet121,0.7832320360346291,0.79498379868244906,0,0,0,0.66666666666666663,0.93333333333333335
mura_A_pool5_shared,mura,A,candidate_pool_sensitivity,study,5,3,5,15,75,densenet121|efficientnet_b0|resnet18|resnet50|swin_t,42|52|62,split_only,efficientnet_b0,0.76548659849547485,0.77767881479974355,0,0,0,0.66666666666666663,0.93333333333333335
mura_A_pool5_shared,mura,A,candidate_pool_sensitivity,study,5,3,5,15,75,densenet121|efficientnet_b0|resnet18|resnet50|swin_t,42|52|62,split_only,resnet18,0.77386289243035999,0.78811461521883286,0,0,0,0.66666666666666663,0.93333333333333335
mura_A_pool5_shared,mura,A,candidate_pool_sensitivity,study,5,3,5,15,75,densenet121|efficientnet_b0|resnet18|resnet50|swin_t,42|52|62,split_only,resnet50,0.7817504181883721,0.80522079273500724,0.066666666666666666,0.33333333333333331,0,0.66666666666666663,0.93333333333333335
mura_A_pool5_shared,mura,A,candidate_pool_sensitivity,study,5,3,5,15,75,densenet121|efficientnet_b0|resnet18|resnet50|swin_t,42|52|62,split_only,swin_t,0.80138467393960966,0.81152164307462626,0.66666666666666663,0.93333333333333335,1,0.66666666666666663,0.93333333333333335
mura_A_pool5_shared,mura,A,candidate_pool_sensitivity,study,5,3,5,15,75,densenet121|efficientnet_b0|resnet18|resnet50|swin_t,42|52|62,crossed,densenet121,0.78114407586502466,0.79581917136411173,0,0,0,0.20000000000000001,1
mura_A_pool5_shared,mura,A,candidate_pool_sensitivity,study,5,3,5,15,75,densenet121|efficientnet_b0|resnet18|resnet50|swin_t,42|52|62,crossed,efficientnet_b0,0.76477048757777033,0.77850630512937902,0,0,0,0.20000000000000001,1
mura_A_pool5_shared,mura,A,candidate_pool_sensitivity,study,5,3,5,15,75,densenet121|efficientnet_b0|resnet18|resnet50|swin_t,42|52|62,crossed,resnet18,0.77166010570751431,0.7906346734700952,0,0,0,0.20000000000000001,1
mura_A_pool5_shared,mura,A,candidate_pool_sensitivity,study,5,3,5,15,75,densenet121|efficientnet_b0|resnet18|resnet50|swin_t,42|52|62,crossed,resnet50,0.78157665052944236,0.80706505350903102,0,0.53333333333333333,0.0109,0.20000000000000001,1
mura_A_pool5_shared,mura,A,candidate_pool_sensitivity,study,5,3,5,15,75,densenet121|efficientnet_b0|resnet18|resnet50|swin_t,42|52|62,crossed,swin_t,0.80060183721247435,0.81302113664709308,0.46666666666666667,1,0.98909999999999998,0.20000000000000001,1
mura_A_pool5_swin_weight_eval,mura,A,candidate_pool_sensitivity,study,5,3,5,15,75,densenet121|efficientnet_b0|resnet18|resnet50|swin_t,42|52|62,split_only,densenet121,0.7832320360346291,0.79498379868244906,0,0,0,0.40000000000000002,1
mura_A_pool5_swin_weight_eval,mura,A,candidate_pool_sensitivity,study,5,3,5,15,75,densenet121|efficientnet_b0|resnet18|resnet50|swin_t,42|52|62,split_only,efficientnet_b0,0.76566561258178745,0.77767881479974355,0,0,0,0.40000000000000002,1
mura_A_pool5_swin_weight_eval,mura,A,candidate_pool_sensitivity,study,5,3,5,15,75,densenet121|efficientnet_b0|resnet18|resnet50|swin_t,42|52|62,split_only,resnet18,0.77386289243035999,0.78811461521883286,0,0,0,0.40000000000000002,1
mura_A_pool5_swin_weight_eval,mura,A,candidate_pool_sensitivity,study,5,3,5,15,75,densenet121|efficientnet_b0|resnet18|resnet50|swin_t,42|52|62,split_only,resnet50,0.78175041818837221,0.80522079273500713,0,0.26666666666666666,0.00050000000000000001,0.40000000000000002,1
mura_A_pool5_swin_weight_eval,mura,A,candidate_pool_sensitivity,study,5,3,5,15,75,densenet121|efficientnet_b0|resnet18|resnet50|swin_t,42|52|62,split_only,swin_t,0.80232548786948077,0.81059821771166185,0.73333333333333328,1,0.99950000000000006,0.40000000000000002,1
mura_A_pool5_swin_weight_eval,mura,A,candidate_pool_sensitivity,study,5,3,5,15,75,densenet121|efficientnet_b0|resnet18|resnet50|swin_t,42|52|62,crossed,densenet121,0.78153972453617748,0.79571646704171106,0,0,0,0.13333333333333333,1
mura_A_pool5_swin_weight_eval,mura,A,candidate_pool_sensitivity,study,5,3,5,15,75,densenet121|efficientnet_b0|resnet18|resnet50|swin_t,42|52|62,crossed,efficientnet_b0,0.76494674936761387,0.7786174588544974,0,0,0,0.13333333333333333,1
mura_A_pool5_swin_weight_eval,mura,A,candidate_pool_sensitivity,study,5,3,5,15,75,densenet121|efficientnet_b0|resnet18|resnet50|swin_t,42|52|62,crossed,resnet18,0.77192272717104282,0.79074013836533075,0,0,0,0.13333333333333333,1
mura_A_pool5_swin_weight_eval,mura,A,candidate_pool_sensitivity,study,5,3,5,15,75,densenet121|efficientnet_b0|resnet18|resnet50|swin_t,42|52|62,crossed,resnet50,0.78157665052944247,0.80706505350903102,0,0.40000000000000002,0.039399999999999998,0.13333333333333333,1
mura_A_pool5_swin_weight_eval,mura,A,candidate_pool_sensitivity,study,5,3,5,15,75,densenet121|efficientnet_b0|resnet18|resnet50|swin_t,42|52|62,crossed,swin_t,0.80192705337517323,0.81083905104833986,0.59999999999999998,1,0.96060000000000001,0.13333333333333333,1
