stratum,dataset,checkpoint_policy,role,endpoint_unit,splits,seeds,models,contexts,runs,candidate_pool,seed_ids,budget_splits,budget_seeds,contexts_per_model,all_models_training_runs_per_budget,oriented_partitions,finite_subset_scores,aggregate_selection_agreement,partition_min,partition_max,partition_q025,partition_q975,complete_ranking_agreement,mean_Kendall_tau_a_tie_resolved,mean_rank_reference_agreement,bootstrap_reference_expected_agreement,partition_spread_type,independent_new_samples,disjoint_split_ids,reference_scope
organamnist_A_cnn4_all5,organamnist,A,primary_original,image,10,5,4,50,200,densenet121|efficientnet_b0|resnet18|resnet50,42|52|62|72|82,1,1,1,4,252,6300,0.60936507936507933,0.20000000000000001,0.80000000000000004,0.44,0.76000000000000001,0.57063492063492072,0.84312169312169305,0.58317460317460312,0.57422523809523818,exact finite-grid descriptive distribution; not population CI,0,True,five held-out split IDs and all stratum seeds; image datasets may overlap between split realizations
organamnist_A_cnn4_all5,organamnist,A,primary_original,image,10,5,4,50,200,densenet121|efficientnet_b0|resnet18|resnet50,42|52|62|72|82,1,2,2,8,252,12600,0.64603174603174607,0.14000000000000001,0.85999999999999999,0.46000000000000002,0.78000000000000003,0.64603174603174607,0.88201058201058191,0.61746031746031749,0.59751682539682538,exact finite-grid descriptive distribution; not population CI,0,True,five held-out split IDs and all stratum seeds; image datasets may overlap between split realizations
organamnist_A_cnn4_all5,organamnist,A,primary_original,image,10,5,4,50,200,densenet121|efficientnet_b0|resnet18|resnet50,42|52|62|72|82,1,3,3,12,252,12600,0.67412698412698413,0.080000000000000002,0.88,0.47999999999999998,0.81999999999999995,0.67412698412698413,0.89137566137566138,0.64380952380952383,0.61586428571428575,exact finite-grid descriptive distribution; not population CI,0,True,five held-out split IDs and all stratum seeds; image datasets may overlap between split realizations
organamnist_A_cnn4_all5,organamnist,A,primary_original,image,10,5,4,50,200,densenet121|efficientnet_b0|resnet18|resnet50,42|52|62|72|82,1,4,4,16,252,6300,0.68365079365079351,0.040000000000000001,0.88,0.47999999999999998,0.88,0.68365079365079351,0.89455026455026454,0.65555555555555556,0.62085380952380953,exact finite-grid descriptive distribution; not population CI,0,True,five held-out split IDs and all stratum seeds; image datasets may overlap between split realizations
organamnist_A_cnn4_all5,organamnist,A,primary_original,image,10,5,4,50,200,densenet121|efficientnet_b0|resnet18|resnet50,42|52|62|72|82,1,5,5,20,252,1260,0.68333333333333324,0,1,0.40000000000000002,1,0.68333333333333324,0.89444444444444449,0.65555555555555556,0.61617460317460315,exact finite-grid descriptive distribution; not population CI,0,True,five held-out split IDs and all stratum seeds; image datasets may overlap between split realizations
organamnist_A_cnn4_all5,organamnist,A,primary_original,image,10,5,4,50,200,densenet121|efficientnet_b0|resnet18|resnet50,42|52|62|72|82,2,1,2,8,252,12600,0.6582539682539682,0.16,0.81999999999999995,0.46550000000000002,0.79449999999999987,0.64579365079365081,0.88164021164021156,0.63269841269841265,0.60651095238095232,exact finite-grid descriptive distribution; not population CI,0,True,five held-out split IDs and all stratum seeds; image datasets may overlap between split realizations
organamnist_A_cnn4_all5,organamnist,A,primary_original,image,10,5,4,50,200,densenet121|efficientnet_b0|resnet18|resnet50,42|52|62|72|82,2,2,4,16,252,25200,0.73539682539682538,0.029999999999999999,0.91000000000000003,0.48999999999999999,0.89000000000000001,0.73539682539682538,0.91179894179894172,0.69920634920634916,0.65930210317460325,exact finite-grid descriptive distribution; not population CI,0,True,five held-out split IDs and all stratum seeds; image datasets may overlap between split realizations
organamnist_A_cnn4_all5,organamnist,A,primary_original,image,10,5,4,50,200,densenet121|efficientnet_b0|resnet18|resnet50,42|52|62|72|82,2,3,6,24,252,25200,0.76960317460317462,0,0.96999999999999997,0.45275000000000004,0.94999999999999996,0.76960317460317462,0.92320105820105813,0.72952380952380946,0.68182242063492071,exact finite-grid descriptive distribution; not population CI,0,True,five held-out split IDs and all stratum seeds; image datasets may overlap between split realizations
organamnist_A_cnn4_all5,organamnist,A,primary_original,image,10,5,4,50,200,densenet121|efficientnet_b0|resnet18|resnet50,42|52|62|72|82,2,4,8,32,252,12600,0.79793650793650794,0,1,0.42549999999999999,0.97999999999999998,0.79793650793650794,0.9326455026455025,0.75301587301587303,0.70095642857142859,exact finite-grid descriptive distribution; not population CI,0,True,five held-out split IDs and all stratum seeds; image datasets may overlap between split realizations
organamnist_A_cnn4_all5,organamnist,A,primary_original,image,10,5,4,50,200,densenet121|efficientnet_b0|resnet18|resnet50,42|52|62|72|82,2,5,10,40,252,2520,0.75793650793650791,0,1,0.29999999999999999,1,0.75793650793650791,0.91931216931216941,0.71507936507936498,0.66537619047619045,exact finite-grid descriptive distribution; not population CI,0,True,five held-out split IDs and all stratum seeds; image datasets may overlap between split realizations
organamnist_A_cnn4_all5,organamnist,A,primary_original,image,10,5,4,50,200,densenet121|efficientnet_b0|resnet18|resnet50,42|52|62|72|82,3,1,3,12,252,12600,0.69047619047619047,0.059999999999999998,0.90000000000000002,0.44,0.85999999999999999,0.68761904761904757,0.89571428571428569,0.66063492063492057,0.6277018253968254,exact finite-grid descriptive distribution; not population CI,0,True,five held-out split IDs and all stratum seeds; image datasets may overlap between split realizations
organamnist_A_cnn4_all5,organamnist,A,primary_original,image,10,5,4,50,200,densenet121|efficientnet_b0|resnet18|resnet50,42|52|62|72|82,3,2,6,24,252,25200,0.77214285714285713,0,0.98999999999999999,0.46999999999999997,0.95999999999999996,0.77214285714285713,0.92404761904761901,0.73222222222222211,0.68342075396825408,exact finite-grid descriptive distribution; not population CI,0,True,five held-out split IDs and all stratum seeds; image datasets may overlap between split realizations
organamnist_A_cnn4_all5,organamnist,A,primary_original,image,10,5,4,50,200,densenet121|efficientnet_b0|resnet18|resnet50,42|52|62|72|82,3,3,9,36,252,25200,0.81349206349206349,0,1,0.44824999999999998,0.98999999999999999,0.81349206349206349,0.93783068783068779,0.76841269841269833,0.71254384920634917,exact finite-grid descriptive distribution; not population CI,0,True,five held-out split IDs and all stratum seeds; image datasets may overlap between split realizations
organamnist_A_cnn4_all5,organamnist,A,primary_original,image,10,5,4,50,200,densenet121|efficientnet_b0|resnet18|resnet50,42|52|62|72|82,3,4,12,48,252,12600,0.87349206349206354,0,1,0.4365,1,0.87349206349206354,0.95783068783068781,0.82365079365079352,0.75939785714285712,exact finite-grid descriptive distribution; not population CI,0,True,five held-out split IDs and all stratum seeds; image datasets may overlap between split realizations
organamnist_A_cnn4_all5,organamnist,A,primary_original,image,10,5,4,50,200,densenet121|efficientnet_b0|resnet18|resnet50,42|52|62|72|82,3,5,15,60,252,2520,0.86349206349206353,0,1,0.29999999999999999,1,0.86349206349206353,0.95449735449735462,0.81190476190476202,0.74788849206349206,exact finite-grid descriptive distribution; not population CI,0,True,five held-out split IDs and all stratum seeds; image datasets may overlap between split realizations
organamnist_A_cnn4_all5,organamnist,A,primary_original,image,10,5,4,50,200,densenet121|efficientnet_b0|resnet18|resnet50,42|52|62|72|82,4,1,4,16,252,6300,0.71317460317460313,0,1,0.41100000000000003,0.92000000000000004,0.71238095238095234,0.90407407407407403,0.68285714285714283,0.64112825396825401,exact finite-grid descriptive distribution; not population CI,0,True,five held-out split IDs and all stratum seeds; image datasets may overlap between split realizations
organamnist_A_cnn4_all5,organamnist,A,primary_original,image,10,5,4,50,200,densenet121|efficientnet_b0|resnet18|resnet50,42|52|62|72|82,4,2,8,32,252,12600,0.8006349206349207,0,1,0.46550000000000002,1,0.8006349206349207,0.93354497354497357,0.75650793650793646,0.70208563492063492,exact finite-grid descriptive distribution; not population CI,0,True,five held-out split IDs and all stratum seeds; image datasets may overlap between split realizations
organamnist_A_cnn4_all5,organamnist,A,primary_original,image,10,5,4,50,200,densenet121|efficientnet_b0|resnet18|resnet50,42|52|62|72|82,4,3,12,48,252,12600,0.85349206349206341,0,1,0.39650000000000002,1,0.85349206349206341,0.9511640211640211,0.8031746031746031,0.74146539682539692,exact finite-grid descriptive distribution; not population CI,0,True,five held-out split IDs and all stratum seeds; image datasets may overlap between split realizations
organamnist_A_cnn4_all5,organamnist,A,primary_original,image,10,5,4,50,200,densenet121|efficientnet_b0|resnet18|resnet50,42|52|62|72|82,4,4,16,64,252,6300,0.90873015873015872,0,1,0.41100000000000003,1,0.90873015873015872,0.96957671957671954,0.8571428571428571,0.78773412698412704,exact finite-grid descriptive distribution; not population CI,0,True,five held-out split IDs and all stratum seeds; image datasets may overlap between split realizations
organamnist_A_cnn4_all5,organamnist,A,primary_original,image,10,5,4,50,200,densenet121|efficientnet_b0|resnet18|resnet50,42|52|62|72|82,4,5,20,80,252,1260,0.92777777777777781,0,1,0.20000000000000001,1,0.92777777777777781,0.97592592592592597,0.87619047619047619,0.8035039682539683,exact finite-grid descriptive distribution; not population CI,0,True,five held-out split IDs and all stratum seeds; image datasets may overlap between split realizations
organamnist_A_cnn4_all5,organamnist,A,primary_original,image,10,5,4,50,200,densenet121|efficientnet_b0|resnet18|resnet50,42|52|62|72|82,5,1,5,20,252,1260,0.7404761904761904,0,1,0.40000000000000002,1,0.7404761904761904,0.91349206349206347,0.70952380952380956,0.66068253968253965,exact finite-grid descriptive distribution; not population CI,0,True,five held-out split IDs and all stratum seeds; image datasets may overlap between split realizations
organamnist_A_cnn4_all5,organamnist,A,primary_original,image,10,5,4,50,200,densenet121|efficientnet_b0|resnet18|resnet50,42|52|62|72|82,5,2,10,40,252,2520,0.82103174603174589,0,1,0.5,1,0.82103174603174589,0.94034391534391548,0.77341269841269833,0.71506269841269854,exact finite-grid descriptive distribution; not population CI,0,True,five held-out split IDs and all stratum seeds; image datasets may overlap between split realizations
organamnist_A_cnn4_all5,organamnist,A,primary_original,image,10,5,4,50,200,densenet121|efficientnet_b0|resnet18|resnet50,42|52|62|72|82,5,3,15,60,252,2520,0.89007936507936514,0,1,0.42750000000000005,1,0.89007936507936514,0.96335978835978842,0.83849206349206351,0.77035753968253973,exact finite-grid descriptive distribution; not population CI,0,True,five held-out split IDs and all stratum seeds; image datasets may overlap between split realizations
organamnist_A_cnn4_all5,organamnist,A,primary_original,image,10,5,4,50,200,densenet121|efficientnet_b0|resnet18|resnet50,42|52|62|72|82,5,4,20,80,252,1260,0.93015873015873018,0,1,0.40000000000000002,1,0.93015873015873018,0.97671957671957665,0.87857142857142856,0.80580396825396827,exact finite-grid descriptive distribution; not population CI,0,True,five held-out split IDs and all stratum seeds; image datasets may overlap between split realizations
organamnist_A_cnn4_all5,organamnist,A,primary_original,image,10,5,4,50,200,densenet121|efficientnet_b0|resnet18|resnet50,42|52|62|72|82,5,5,25,100,252,252,0.96031746031746035,0,1,0,1,0.96031746031746035,0.98677248677248663,0.90873015873015872,0.83412301587301596,exact finite-grid descriptive distribution; not population CI,0,True,five held-out split IDs and all stratum seeds; image datasets may overlap between split realizations
organamnist_A_cnn4_common3,organamnist,A,common_seed_sensitivity,image,10,3,4,30,120,densenet121|efficientnet_b0|resnet18|resnet50,42|52|62,1,1,1,4,252,3780,0.45978835978835975,0.20000000000000001,0.66666666666666663,0.26666666666666666,0.66666666666666663,0.44682539682539679,0.79770723104056418,0.4238095238095238,0.47883082010582012,exact finite-grid descriptive distribution; not population CI,0,True,five held-out split IDs and all stratum seeds; image datasets may overlap between split realizations
organamnist_A_cnn4_common3,organamnist,A,common_seed_sensitivity,image,10,3,4,30,120,densenet121|efficientnet_b0|resnet18|resnet50,42|52|62,1,2,2,8,252,3780,0.49100529100529094,0.13333333333333333,0.80000000000000004,0.20000000000000001,0.73333333333333328,0.49100529100529094,0.83033509700176367,0.43650793650793646,0.49641521164021163,exact finite-grid descriptive distribution; not population CI,0,True,five held-out split IDs and all stratum seeds; image datasets may overlap between split realizations
organamnist_A_cnn4_common3,organamnist,A,common_seed_sensitivity,image,10,3,4,30,120,densenet121|efficientnet_b0|resnet18|resnet50,42|52|62,1,3,3,12,252,1260,0.40476190476190477,0,0.80000000000000004,0.20000000000000001,0.59999999999999998,0.40476190476190477,0.80158730158730163,0.37777777777777777,0.4469892857142857,exact finite-grid descriptive distribution; not population CI,0,True,five held-out split IDs and all stratum seeds; image datasets may overlap between split realizations
organamnist_A_cnn4_common3,organamnist,A,common_seed_sensitivity,image,10,3,4,30,120,densenet121|efficientnet_b0|resnet18|resnet50,42|52|62,2,1,2,8,252,7560,0.47089947089947087,0.20000000000000001,0.69999999999999996,0.23333333333333334,0.66666666666666663,0.47089947089947087,0.82363315696649042,0.45476190476190476,0.48462010582010584,exact finite-grid descriptive distribution; not population CI,0,True,five held-out split IDs and all stratum seeds; image datasets may overlap between split realizations
organamnist_A_cnn4_common3,organamnist,A,common_seed_sensitivity,image,10,3,4,30,120,densenet121|efficientnet_b0|resnet18|resnet50,42|52|62,2,2,4,16,252,7560,0.48730158730158735,0.066666666666666666,0.80000000000000004,0.13333333333333333,0.76666666666666672,0.48730158730158735,0.82910052910052934,0.43835978835978839,0.49266243386243386,exact finite-grid descriptive distribution; not population CI,0,True,five held-out split IDs and all stratum seeds; image datasets may overlap between split realizations
organamnist_A_cnn4_common3,organamnist,A,common_seed_sensitivity,image,10,3,4,30,120,densenet121|efficientnet_b0|resnet18|resnet50,42|52|62,2,3,6,24,252,2520,0.43809523809523809,0,0.90000000000000002,0,0.80000000000000004,0.43809523809523809,0.8126984126984127,0.3968253968253968,0.46088253968253973,exact finite-grid descriptive distribution; not population CI,0,True,five held-out split IDs and all stratum seeds; image datasets may overlap between split realizations
organamnist_A_cnn4_common3,organamnist,A,common_seed_sensitivity,image,10,3,4,30,120,densenet121|efficientnet_b0|resnet18|resnet50,42|52|62,3,1,3,12,252,7560,0.46706349206349201,0.10000000000000001,0.73333333333333328,0.16666666666666666,0.69083333333333308,0.46706349206349201,0.82235449735449762,0.4329365079365079,0.48331534391534392,exact finite-grid descriptive distribution; not population CI,0,True,five held-out split IDs and all stratum seeds; image datasets may overlap between split realizations
organamnist_A_cnn4_common3,organamnist,A,common_seed_sensitivity,image,10,3,4,30,120,densenet121|efficientnet_b0|resnet18|resnet50,42|52|62,3,2,6,24,252,7560,0.46917989417989414,0,0.90000000000000002,0.033333333333333333,0.82416666666666649,0.46917989417989414,0.82305996472663157,0.42499999999999999,0.48133875661375664,exact finite-grid descriptive distribution; not population CI,0,True,five held-out split IDs and all stratum seeds; image datasets may overlap between split realizations
organamnist_A_cnn4_common3,organamnist,A,common_seed_sensitivity,image,10,3,4,30,120,densenet121|efficientnet_b0|resnet18|resnet50,42|52|62,3,3,9,36,252,2520,0.43888888888888888,0,1,0,0.90000000000000002,0.43888888888888888,0.812962962962963,0.38492063492063494,0.45730277777777772,exact finite-grid descriptive distribution; not population CI,0,True,five held-out split IDs and all stratum seeds; image datasets may overlap between split realizations
organamnist_A_cnn4_common3,organamnist,A,common_seed_sensitivity,image,10,3,4,30,120,densenet121|efficientnet_b0|resnet18|resnet50,42|52|62,4,1,4,16,252,3780,0.45661375661375658,0,0.8666666666666667,0.066666666666666666,0.73333333333333328,0.45661375661375658,0.81887125220458556,0.42857142857142855,0.47661706349206345,exact finite-grid descriptive distribution; not population CI,0,True,five held-out split IDs and all stratum seeds; image datasets may overlap between split realizations
organamnist_A_cnn4_common3,organamnist,A,common_seed_sensitivity,image,10,3,4,30,120,densenet121|efficientnet_b0|resnet18|resnet50,42|52|62,4,2,8,32,252,3780,0.44338624338624338,0,0.93333333333333335,0,0.8666666666666667,0.44338624338624338,0.81446208112874763,0.40052910052910057,0.4665980158730158,exact finite-grid descriptive distribution; not population CI,0,True,five held-out split IDs and all stratum seeds; image datasets may overlap between split realizations
organamnist_A_cnn4_common3,organamnist,A,common_seed_sensitivity,image,10,3,4,30,120,densenet121|efficientnet_b0|resnet18|resnet50,42|52|62,4,3,12,48,252,1260,0.42539682539682538,0,1,0,1,0.42539682539682538,0.80846560846560844,0.33809523809523812,0.4469710317460317,exact finite-grid descriptive distribution; not population CI,0,True,five held-out split IDs and all stratum seeds; image datasets may overlap between split realizations
organamnist_A_cnn4_common3,organamnist,A,common_seed_sensitivity,image,10,3,4,30,120,densenet121|efficientnet_b0|resnet18|resnet50,42|52|62,5,1,5,20,252,756,0.44444444444444442,0,1,0,1,0.44444444444444442,0.81481481481481477,0.41005291005291011,0.47353637566137563,exact finite-grid descriptive distribution; not population CI,0,True,five held-out split IDs and all stratum seeds; image datasets may overlap between split realizations
organamnist_A_cnn4_common3,organamnist,A,common_seed_sensitivity,image,10,3,4,30,120,densenet121|efficientnet_b0|resnet18|resnet50,42|52|62,5,2,10,40,252,756,0.43121693121693117,0,1,0,1,0.43121693121693117,0.81040564373897694,0.3756613756613757,0.45622949735449736,exact finite-grid descriptive distribution; not population CI,0,True,five held-out split IDs and all stratum seeds; image datasets may overlap between split realizations
organamnist_A_cnn4_common3,organamnist,A,common_seed_sensitivity,image,10,3,4,30,120,densenet121|efficientnet_b0|resnet18|resnet50,42|52|62,5,3,15,60,252,252,0.46031746031746029,0,1,0,1,0.46031746031746029,0.82010582010582012,0.29365079365079366,0.44113690476190476,exact finite-grid descriptive distribution; not population CI,0,True,five held-out split IDs and all stratum seeds; image datasets may overlap between split realizations
organamnist_B_cnn4_all5,organamnist,B,primary_original,image,10,5,4,50,200,densenet121|efficientnet_b0|resnet18|resnet50,42|52|62|72|82,1,1,1,4,252,6300,0.54126984126984135,0.23999999999999999,0.71999999999999997,0.28000000000000003,0.70899999999999974,0.54126984126984135,0.84708994708994712,0.56936507936507941,0.51990031746031751,exact finite-grid descriptive distribution; not population CI,0,True,five held-out split IDs and all stratum seeds; image datasets may overlap between split realizations
organamnist_B_cnn4_all5,organamnist,B,primary_original,image,10,5,4,50,200,densenet121|efficientnet_b0|resnet18|resnet50,42|52|62|72|82,1,2,2,8,252,12600,0.53936507936507927,0.23999999999999999,0.69999999999999996,0.26000000000000001,0.68000000000000005,0.53936507936507927,0.84645502645502635,0.58507936507936509,0.51879611111111112,exact finite-grid descriptive distribution; not population CI,0,True,five held-out split IDs and all stratum seeds; image datasets may overlap between split realizations
organamnist_B_cnn4_all5,organamnist,B,primary_original,image,10,5,4,50,200,densenet121|efficientnet_b0|resnet18|resnet50,42|52|62|72|82,1,3,3,12,252,12600,0.51968253968253975,0.16,0.73999999999999999,0.22,0.69999999999999996,0.51968253968253975,0.8398941798941798,0.57380952380952388,0.50747960317460317,exact finite-grid descriptive distribution; not population CI,0,True,five held-out split IDs and all stratum seeds; image datasets may overlap between split realizations
organamnist_B_cnn4_all5,organamnist,B,primary_original,image,10,5,4,50,200,densenet121|efficientnet_b0|resnet18|resnet50,42|52|62|72|82,1,4,4,16,252,6300,0.50253968253968251,0.16,0.76000000000000001,0.23999999999999999,0.70899999999999974,0.50253968253968251,0.83417989417989413,0.55190476190476201,0.49729015873015875,exact finite-grid descriptive distribution; not population CI,0,True,five held-out split IDs and all stratum seeds; image datasets may overlap between split realizations
organamnist_B_cnn4_all5,organamnist,B,primary_original,image,10,5,4,50,200,densenet121|efficientnet_b0|resnet18|resnet50,42|52|62|72|82,1,5,5,20,252,1260,0.50476190476190474,0,1,0.20000000000000001,0.80000000000000004,0.50476190476190474,0.83492063492063484,0.56746031746031744,0.49730634920634925,exact finite-grid descriptive distribution; not population CI,0,True,five held-out split IDs and all stratum seeds; image datasets may overlap between split realizations
organamnist_B_cnn4_all5,organamnist,B,primary_original,image,10,5,4,50,200,densenet121|efficientnet_b0|resnet18|resnet50,42|52|62|72|82,2,1,2,8,252,12600,0.54904761904761912,0.16,0.81999999999999995,0.22550000000000001,0.76000000000000001,0.54904761904761912,0.84968253968253948,0.58507936507936509,0.52150269841269836,exact finite-grid descriptive distribution; not population CI,0,True,five held-out split IDs and all stratum seeds; image datasets may overlap between split realizations
organamnist_B_cnn4_all5,organamnist,B,primary_original,image,10,5,4,50,200,densenet121|efficientnet_b0|resnet18|resnet50,42|52|62|72|82,2,2,4,16,252,25200,0.5191269841269841,0.19,0.73999999999999999,0.22,0.71724999999999994,0.5191269841269841,0.83970899470899474,0.57420634920634928,0.50455761904761898,exact finite-grid descriptive distribution; not population CI,0,True,five held-out split IDs and all stratum seeds; image datasets may overlap between split realizations
organamnist_B_cnn4_all5,organamnist,B,primary_original,image,10,5,4,50,200,densenet121|efficientnet_b0|resnet18|resnet50,42|52|62|72|82,2,3,6,24,252,25200,0.52103174603174607,0.070000000000000007,0.83999999999999997,0.13550000000000001,0.76000000000000001,0.52103174603174607,0.8403439153439155,0.58801587301587299,0.50362710317460313,exact finite-grid descriptive distribution; not population CI,0,True,five held-out split IDs and all stratum seeds; image datasets may overlap between split realizations
organamnist_B_cnn4_all5,organamnist,B,primary_original,image,10,5,4,50,200,densenet121|efficientnet_b0|resnet18|resnet50,42|52|62|72|82,2,4,8,32,252,12600,0.50984126984126987,0.02,0.90000000000000002,0.065500000000000003,0.78000000000000003,0.50984126984126987,0.83661375661375659,0.58158730158730154,0.49617706349206347,exact finite-grid descriptive distribution; not population CI,0,True,five held-out split IDs and all stratum seeds; image datasets may overlap between split realizations
organamnist_B_cnn4_all5,organamnist,B,primary_original,image,10,5,4,50,200,densenet121|efficientnet_b0|resnet18|resnet50,42|52|62|72|82,2,5,10,40,252,2520,0.52063492063492056,0,1,0,1,0.52063492063492056,0.8402116402116403,0.61587301587301579,0.50185714285714278,exact finite-grid descriptive distribution; not population CI,0,True,five held-out split IDs and all stratum seeds; image datasets may overlap between split realizations
organamnist_B_cnn4_all5,organamnist,B,primary_original,image,10,5,4,50,200,densenet121|efficientnet_b0|resnet18|resnet50,42|52|62|72|82,3,1,3,12,252,12600,0.52888888888888885,0.14000000000000001,0.78000000000000003,0.1855,0.76000000000000001,0.52888888888888885,0.84296296296296291,0.57539682539682535,0.50797087301587307,exact finite-grid descriptive distribution; not population CI,0,True,five held-out split IDs and all stratum seeds; image datasets may overlap between split realizations
organamnist_B_cnn4_all5,organamnist,B,primary_original,image,10,5,4,50,200,densenet121|efficientnet_b0|resnet18|resnet50,42|52|62|72|82,3,2,6,24,252,25200,0.53345238095238101,0.089999999999999997,0.81999999999999995,0.14000000000000001,0.79725000000000001,0.53345238095238101,0.844484126984127,0.59765873015873017,0.50839960317460309,exact finite-grid descriptive distribution; not population CI,0,True,five held-out split IDs and all stratum seeds; image datasets may overlap between split realizations
organamnist_B_cnn4_all5,organamnist,B,primary_original,image,10,5,4,50,200,densenet121|efficientnet_b0|resnet18|resnet50,42|52|62|72|82,3,3,9,36,252,25200,0.5301190476190476,0.050000000000000003,0.85999999999999999,0.082750000000000004,0.82999999999999996,0.5301190476190476,0.84337301587301594,0.60892857142857137,0.50282436507936512,exact finite-grid descriptive distribution; not population CI,0,True,five held-out split IDs and all stratum seeds; image datasets may overlap between split realizations
organamnist_B_cnn4_all5,organamnist,B,primary_original,image,10,5,4,50,200,densenet121|efficientnet_b0|resnet18|resnet50,42|52|62|72|82,3,4,12,48,252,12600,0.53166666666666662,0,0.93999999999999995,0.040000000000000001,0.85999999999999999,0.53166666666666662,0.8438888888888888,0.62134920634920632,0.50238547619047624,exact finite-grid descriptive distribution; not population CI,0,True,five held-out split IDs and all stratum seeds; image datasets may overlap between split realizations
organamnist_B_cnn4_all5,organamnist,B,primary_original,image,10,5,4,50,200,densenet121|efficientnet_b0|resnet18|resnet50,42|52|62|72|82,3,5,15,60,252,2520,0.54166666666666652,0,1,0,1,0.54166666666666652,0.84722222222222221,0.64960317460317452,0.50527579365079367,exact finite-grid descriptive distribution; not population CI,0,True,five held-out split IDs and all stratum seeds; image datasets may overlap between split realizations
organamnist_B_cnn4_all5,organamnist,B,primary_original,image,10,5,4,50,200,densenet121|efficientnet_b0|resnet18|resnet50,42|52|62|72|82,4,1,4,16,252,6300,0.52793650793650793,0.040000000000000001,0.83999999999999997,0.12,0.80000000000000004,0.52793650793650793,0.84264550264550264,0.57761904761904759,0.50556619047619045,exact finite-grid descriptive distribution; not population CI,0,True,five held-out split IDs and all stratum seeds; image datasets may overlap between split realizations
organamnist_B_cnn4_all5,organamnist,B,primary_original,image,10,5,4,50,200,densenet121|efficientnet_b0|resnet18|resnet50,42|52|62|72|82,4,2,8,32,252,12600,0.54873015873015873,0.040000000000000001,0.92000000000000004,0.065500000000000003,0.88,0.54873015873015873,0.84957671957671943,0.61825396825396828,0.51092841269841272,exact finite-grid descriptive distribution; not population CI,0,True,five held-out split IDs and all stratum seeds; image datasets may overlap between split realizations
organamnist_B_cnn4_all5,organamnist,B,primary_original,image,10,5,4,50,200,densenet121|efficientnet_b0|resnet18|resnet50,42|52|62|72|82,4,3,12,48,252,12600,0.55952380952380953,0,0.97999999999999998,0.025500000000000009,0.92000000000000004,0.55952380952380953,0.85317460317460314,0.64984126984126978,0.51335626984126992,exact finite-grid descriptive distribution; not population CI,0,True,five held-out split IDs and all stratum seeds; image datasets may overlap between split realizations
organamnist_B_cnn4_all5,organamnist,B,primary_original,image,10,5,4,50,200,densenet121|efficientnet_b0|resnet18|resnet50,42|52|62|72|82,4,4,16,64,252,6300,0.56793650793650796,0,1,0,0.95999999999999996,0.56793650793650796,0.85597883597883606,0.67000000000000015,0.51500269841269852,exact finite-grid descriptive distribution; not population CI,0,True,five held-out split IDs and all stratum seeds; image datasets may overlap between split realizations
organamnist_B_cnn4_all5,organamnist,B,primary_original,image,10,5,4,50,200,densenet121|efficientnet_b0|resnet18|resnet50,42|52|62|72|82,4,5,20,80,252,1260,0.59682539682539681,0,1,0,1,0.59682539682539681,0.8656084656084656,0.70396825396825391,0.52373095238095246,exact finite-grid descriptive distribution; not population CI,0,True,five held-out split IDs and all stratum seeds; image datasets may overlap between split realizations
organamnist_B_cnn4_all5,organamnist,B,primary_original,image,10,5,4,50,200,densenet121|efficientnet_b0|resnet18|resnet50,42|52|62|72|82,5,1,5,20,252,1260,0.52380952380952384,0,1,0,1,0.52380952380952384,0.84126984126984128,0.58492063492063484,0.50134206349206345,exact finite-grid descriptive distribution; not population CI,0,True,five held-out split IDs and all stratum seeds; image datasets may overlap between split realizations
organamnist_B_cnn4_all5,organamnist,B,primary_original,image,10,5,4,50,200,densenet121|efficientnet_b0|resnet18|resnet50,42|52|62|72|82,5,2,10,40,252,2520,0.57142857142857129,0,1,0,1,0.57142857142857129,0.8571428571428571,0.64841269841269833,0.51767063492063492,exact finite-grid descriptive distribution; not population CI,0,True,five held-out split IDs and all stratum seeds; image datasets may overlap between split realizations
organamnist_B_cnn4_all5,organamnist,B,primary_original,image,10,5,4,50,200,densenet121|efficientnet_b0|resnet18|resnet50,42|52|62|72|82,5,3,15,60,252,2520,0.58730158730158732,0,1,0,1,0.58730158730158732,0.86243386243386244,0.68412698412698414,0.52086587301587295,exact finite-grid descriptive distribution; not population CI,0,True,five held-out split IDs and all stratum seeds; image datasets may overlap between split realizations
organamnist_B_cnn4_all5,organamnist,B,primary_original,image,10,5,4,50,200,densenet121|efficientnet_b0|resnet18|resnet50,42|52|62|72|82,5,4,20,80,252,1260,0.61904761904761907,0,1,0,1,0.61904761904761907,0.87301587301587302,0.72619047619047616,0.53331507936507938,exact finite-grid descriptive distribution; not population CI,0,True,five held-out split IDs and all stratum seeds; image datasets may overlap between split realizations
organamnist_B_cnn4_all5,organamnist,B,primary_original,image,10,5,4,50,200,densenet121|efficientnet_b0|resnet18|resnet50,42|52|62|72|82,5,5,25,100,252,252,0.65079365079365081,0,1,0,1,0.65079365079365081,0.88359788359788349,0.75793650793650791,0.54243650793650799,exact finite-grid descriptive distribution; not population CI,0,True,five held-out split IDs and all stratum seeds; image datasets may overlap between split realizations
organamnist_B_cnn4_common3,organamnist,B,common_seed_sensitivity,image,10,3,4,30,120,densenet121|efficientnet_b0|resnet18|resnet50,42|52|62,1,1,1,4,252,3780,0.553968253968254,0.13333333333333333,0.8666666666666667,0.13333333333333333,0.80000000000000004,0.553968253968254,0.85132275132275137,0.63756613756613756,0.52974074074074073,exact finite-grid descriptive distribution; not population CI,0,True,five held-out split IDs and all stratum seeds; image datasets may overlap between split realizations
organamnist_B_cnn4_common3,organamnist,B,common_seed_sensitivity,image,10,3,4,30,120,densenet121|efficientnet_b0|resnet18|resnet50,42|52|62,1,2,2,8,252,3780,0.54814814814814816,0,0.93333333333333335,0.066666666666666666,0.80000000000000004,0.54814814814814816,0.84938271604938265,0.66666666666666663,0.52281349206349204,exact finite-grid descriptive distribution; not population CI,0,True,five held-out split IDs and all stratum seeds; image datasets may overlap between split realizations
organamnist_B_cnn4_common3,organamnist,B,common_seed_sensitivity,image,10,3,4,30,120,densenet121|efficientnet_b0|resnet18|resnet50,42|52|62,1,3,3,12,252,1260,0.5444444444444444,0,1,0,0.80000000000000004,0.5444444444444444,0.8481481481481481,0.66666666666666663,0.51970714285714281,exact finite-grid descriptive distribution; not population CI,0,True,five held-out split IDs and all stratum seeds; image datasets may overlap between split realizations
organamnist_B_cnn4_common3,organamnist,B,common_seed_sensitivity,image,10,3,4,30,120,densenet121|efficientnet_b0|resnet18|resnet50,42|52|62,2,1,2,8,252,7560,0.51931216931216939,0.033333333333333333,0.8666666666666667,0.13333333333333333,0.80000000000000004,0.51931216931216939,0.83977072310405665,0.6074074074074074,0.5052752645502645,exact finite-grid descriptive distribution; not population CI,0,True,five held-out split IDs and all stratum seeds; image datasets may overlap between split realizations
organamnist_B_cnn4_common3,organamnist,B,common_seed_sensitivity,image,10,3,4,30,120,densenet121|efficientnet_b0|resnet18|resnet50,42|52|62,2,2,4,16,252,7560,0.48624338624338626,0,0.96666666666666667,0,0.83333333333333337,0.48624338624338626,0.82874779541446231,0.61031746031746037,0.482492328042328,exact finite-grid descriptive distribution; not population CI,0,True,five held-out split IDs and all stratum seeds; image datasets may overlap between split realizations
organamnist_B_cnn4_common3,organamnist,B,common_seed_sensitivity,image,10,3,4,30,120,densenet121|efficientnet_b0|resnet18|resnet50,42|52|62,2,3,6,24,252,2520,0.49444444444444441,0,1,0,0.90000000000000002,0.49444444444444441,0.83148148148148149,0.63095238095238093,0.48691865079365076,exact finite-grid descriptive distribution; not population CI,0,True,five held-out split IDs and all stratum seeds; image datasets may overlap between split realizations
organamnist_B_cnn4_common3,organamnist,B,common_seed_sensitivity,image,10,3,4,30,120,densenet121|efficientnet_b0|resnet18|resnet50,42|52|62,3,1,3,12,252,7560,0.50634920634920633,0.033333333333333333,0.8666666666666667,0.07583333333333335,0.80000000000000004,0.50634920634920633,0.83544973544973555,0.61746031746031749,0.49347619047619051,exact finite-grid descriptive distribution; not population CI,0,True,five held-out split IDs and all stratum seeds; image datasets may overlap between split realizations
organamnist_B_cnn4_common3,organamnist,B,common_seed_sensitivity,image,10,3,4,30,120,densenet121|efficientnet_b0|resnet18|resnet50,42|52|62,3,2,6,24,252,7560,0.4996031746031746,0,1,0,0.90000000000000002,0.4996031746031746,0.83320105820105828,0.64907407407407403,0.48780634920634924,exact finite-grid descriptive distribution; not population CI,0,True,five held-out split IDs and all stratum seeds; image datasets may overlap between split realizations
organamnist_B_cnn4_common3,organamnist,B,common_seed_sensitivity,image,10,3,4,30,120,densenet121|efficientnet_b0|resnet18|resnet50,42|52|62,3,3,9,36,252,2520,0.50238095238095237,0,1,0,1,0.50238095238095237,0.83412698412698405,0.66111111111111109,0.48466111111111115,exact finite-grid descriptive distribution; not population CI,0,True,five held-out split IDs and all stratum seeds; image datasets may overlap between split realizations
organamnist_B_cnn4_common3,organamnist,B,common_seed_sensitivity,image,10,3,4,30,120,densenet121|efficientnet_b0|resnet18|resnet50,42|52|62,4,1,4,16,252,3780,0.50052910052910049,0,1,0,0.93333333333333335,0.50052910052910049,0.83350970017636672,0.62645502645502649,0.4836515873015873,exact finite-grid descriptive distribution; not population CI,0,True,five held-out split IDs and all stratum seeds; image datasets may overlap between split realizations
organamnist_B_cnn4_common3,organamnist,B,common_seed_sensitivity,image,10,3,4,30,120,densenet121|efficientnet_b0|resnet18|resnet50,42|52|62,4,2,8,32,252,3780,0.5365079365079366,0,1,0,1,0.5365079365079366,0.84550264550264542,0.70211640211640214,0.4981484126984127,exact finite-grid descriptive distribution; not population CI,0,True,five held-out split IDs and all stratum seeds; image datasets may overlap between split realizations
organamnist_B_cnn4_common3,organamnist,B,common_seed_sensitivity,image,10,3,4,30,120,densenet121|efficientnet_b0|resnet18|resnet50,42|52|62,4,3,12,48,252,1260,0.54603174603174609,0,1,0,1,0.54603174603174609,0.8486772486772487,0.71269841269841283,0.49453888888888892,exact finite-grid descriptive distribution; not population CI,0,True,five held-out split IDs and all stratum seeds; image datasets may overlap between split realizations
organamnist_B_cnn4_common3,organamnist,B,common_seed_sensitivity,image,10,3,4,30,120,densenet121|efficientnet_b0|resnet18|resnet50,42|52|62,5,1,5,20,252,756,0.51455026455026454,0,1,0,1,0.51455026455026454,0.83818342151675485,0.64947089947089942,0.48545767195767192,exact finite-grid descriptive distribution; not population CI,0,True,five held-out split IDs and all stratum seeds; image datasets may overlap between split realizations
organamnist_B_cnn4_common3,organamnist,B,common_seed_sensitivity,image,10,3,4,30,120,densenet121|efficientnet_b0|resnet18|resnet50,42|52|62,5,2,10,40,252,756,0.56216931216931221,0,1,0,1,0.56216931216931221,0.85405643738977066,0.72883597883597895,0.49555687830687822,exact finite-grid descriptive distribution; not population CI,0,True,five held-out split IDs and all stratum seeds; image datasets may overlap between split realizations
organamnist_B_cnn4_common3,organamnist,B,common_seed_sensitivity,image,10,3,4,30,120,densenet121|efficientnet_b0|resnet18|resnet50,42|52|62,5,3,15,60,252,252,0.58730158730158732,0,1,0,1,0.58730158730158732,0.86243386243386233,0.75396825396825395,0.5074603174603175,exact finite-grid descriptive distribution; not population CI,0,True,five held-out split IDs and all stratum seeds; image datasets may overlap between split realizations
sipakmed_A_cnn4_all5,sipakmed,A,primary_original,image,10,5,4,50,200,densenet121|efficientnet_b0|resnet18|resnet50,42|52|62|72|82,1,1,1,4,252,6300,0.46269841269841266,0.16,0.71999999999999997,0.20000000000000001,0.64000000000000001,0.27857142857142858,0.59576719576719572,0.40587301587301594,0.44917333333333337,exact finite-grid descriptive distribution; not population CI,0,True,five held-out split IDs and all stratum seeds; image datasets may overlap between split realizations
sipakmed_A_cnn4_all5,sipakmed,A,primary_original,image,10,5,4,50,200,densenet121|efficientnet_b0|resnet18|resnet50,42|52|62|72|82,1,2,2,8,252,12600,0.50198412698412698,0.059999999999999998,0.76000000000000001,0.12,0.73449999999999982,0.37968253968253973,0.67068783068783067,0.42428571428571427,0.47771011904761901,exact finite-grid descriptive distribution; not population CI,0,True,five held-out split IDs and all stratum seeds; image datasets may overlap between split realizations
sipakmed_A_cnn4_all5,sipakmed,A,primary_original,image,10,5,4,50,200,densenet121|efficientnet_b0|resnet18|resnet50,42|52|62|72|82,1,3,3,12,252,12600,0.50492063492063488,0,0.80000000000000004,0.059999999999999998,0.78000000000000003,0.4420634920634921,0.69354497354497358,0.42357142857142854,0.47812297619047617,exact finite-grid descriptive distribution; not population CI,0,True,five held-out split IDs and all stratum seeds; image datasets may overlap between split realizations
sipakmed_A_cnn4_all5,sipakmed,A,primary_original,image,10,5,4,50,200,densenet121|efficientnet_b0|resnet18|resnet50,42|52|62|72|82,1,4,4,16,252,6300,0.5012698412698412,0,0.80000000000000004,0.040000000000000001,0.80000000000000004,0.47174603174603175,0.70328042328042328,0.41761904761904767,0.47365531746031747,exact finite-grid descriptive distribution; not population CI,0,True,five held-out split IDs and all stratum seeds; image datasets may overlap between split realizations
sipakmed_A_cnn4_all5,sipakmed,A,primary_original,image,10,5,4,50,200,densenet121|efficientnet_b0|resnet18|resnet50,42|52|62|72|82,1,5,5,20,252,1260,0.49841269841269836,0,0.80000000000000004,0,0.80000000000000004,0.48492063492063486,0.69470899470899472,0.41111111111111115,0.46847500000000003,exact finite-grid descriptive distribution; not population CI,0,True,five held-out split IDs and all stratum seeds; image datasets may overlap between split realizations
sipakmed_A_cnn4_all5,sipakmed,A,primary_original,image,10,5,4,50,200,densenet121|efficientnet_b0|resnet18|resnet50,42|52|62|72|82,2,1,2,8,252,12600,0.51468253968253963,0.080000000000000002,0.80000000000000004,0.12,0.76000000000000001,0.39198412698412699,0.72322751322751322,0.44801587301587298,0.48816964285714287,exact finite-grid descriptive distribution; not population CI,0,True,five held-out split IDs and all stratum seeds; image datasets may overlap between split realizations
sipakmed_A_cnn4_all5,sipakmed,A,primary_original,image,10,5,4,50,200,densenet121|efficientnet_b0|resnet18|resnet50,42|52|62|72|82,2,2,4,16,252,25200,0.53499999999999992,0.029999999999999999,0.83999999999999997,0.070000000000000007,0.79000000000000004,0.46218253968253969,0.77116402116402116,0.45178571428571429,0.50293869047619044,exact finite-grid descriptive distribution; not population CI,0,True,five held-out split IDs and all stratum seeds; image datasets may overlap between split realizations
sipakmed_A_cnn4_all5,sipakmed,A,primary_original,image,10,5,4,50,200,densenet121|efficientnet_b0|resnet18|resnet50,42|52|62|72|82,2,3,6,24,252,25200,0.5556349206349207,0.01,0.93999999999999995,0.02,0.82999999999999996,0.48972222222222223,0.78846560846560843,0.45305555555555554,0.51745295634920629,exact finite-grid descriptive distribution; not population CI,0,True,five held-out split IDs and all stratum seeds; image datasets may overlap between split realizations
sipakmed_A_cnn4_all5,sipakmed,A,primary_original,image,10,5,4,50,200,densenet121|efficientnet_b0|resnet18|resnet50,42|52|62|72|82,2,4,8,32,252,12600,0.55888888888888888,0,1,0,0.83999999999999997,0.50785714285714278,0.80412698412698402,0.45515873015873015,0.52047714285714286,exact finite-grid descriptive distribution; not population CI,0,True,five held-out split IDs and all stratum seeds; image datasets may overlap between split realizations
sipakmed_A_cnn4_all5,sipakmed,A,primary_original,image,10,5,4,50,200,densenet121|efficientnet_b0|resnet18|resnet50,42|52|62|72|82,2,5,10,40,252,2520,0.52222222222222225,0,1,0,0.90000000000000002,0.48809523809523808,0.80370370370370359,0.4238095238095238,0.49331904761904755,exact finite-grid descriptive distribution; not population CI,0,True,five held-out split IDs and all stratum seeds; image datasets may overlap between split realizations
sipakmed_A_cnn4_all5,sipakmed,A,primary_original,image,10,5,4,50,200,densenet121|efficientnet_b0|resnet18|resnet50,42|52|62|72|82,3,1,3,12,252,12600,0.53468253968253976,0.02,0.85999999999999999,0.080000000000000002,0.81999999999999995,0.45341269841269843,0.77746031746031741,0.44611111111111107,0.500234880952381,exact finite-grid descriptive distribution; not population CI,0,True,five held-out split IDs and all stratum seeds; image datasets may overlap between split realizations
sipakmed_A_cnn4_all5,sipakmed,A,primary_original,image,10,5,4,50,200,densenet121|efficientnet_b0|resnet18|resnet50,42|52|62|72|82,3,2,6,24,252,25200,0.58059523809523805,0,0.93999999999999995,0.029999999999999999,0.90000000000000002,0.5343253968253967,0.82821428571428579,0.46285714285714291,0.53228144841269842,exact finite-grid descriptive distribution; not population CI,0,True,five held-out split IDs and all stratum seeds; image datasets may overlap between split realizations
sipakmed_A_cnn4_all5,sipakmed,A,primary_original,image,10,5,4,50,200,densenet121|efficientnet_b0|resnet18|resnet50,42|52|62|72|82,3,3,9,36,252,25200,0.60361111111111121,0,0.98999999999999999,0,0.96999999999999997,0.5752380952380951,0.84787037037037039,0.46726190476190477,0.54438617063492067,exact finite-grid descriptive distribution; not population CI,0,True,five held-out split IDs and all stratum seeds; image datasets may overlap between split realizations
sipakmed_A_cnn4_all5,sipakmed,A,primary_original,image,10,5,4,50,200,densenet121|efficientnet_b0|resnet18|resnet50,42|52|62|72|82,3,4,12,48,252,12600,0.63357142857142845,0,1,0,0.97999999999999998,0.61198412698412685,0.865079365079365,0.48531746031746037,0.5641126984126984,exact finite-grid descriptive distribution; not population CI,0,True,five held-out split IDs and all stratum seeds; image datasets may overlap between split realizations
sipakmed_A_cnn4_all5,sipakmed,A,primary_original,image,10,5,4,50,200,densenet121|efficientnet_b0|resnet18|resnet50,42|52|62|72|82,3,5,15,60,252,2520,0.64880952380952384,0,1,0,1,0.64047619047619053,0.87738095238095237,0.50357142857142856,0.5724259920634921,exact finite-grid descriptive distribution; not population CI,0,True,five held-out split IDs and all stratum seeds; image datasets may overlap between split realizations
sipakmed_A_cnn4_all5,sipakmed,A,primary_original,image,10,5,4,50,200,densenet121|efficientnet_b0|resnet18|resnet50,42|52|62|72|82,4,1,4,16,252,6300,0.56285714285714283,0,0.95999999999999996,0.040000000000000001,0.92000000000000004,0.50047619047619052,0.81354497354497346,0.45158730158730165,0.51897039682539681,exact finite-grid descriptive distribution; not population CI,0,True,five held-out split IDs and all stratum seeds; image datasets may overlap between split realizations
sipakmed_A_cnn4_all5,sipakmed,A,primary_original,image,10,5,4,50,200,densenet121|efficientnet_b0|resnet18|resnet50,42|52|62|72|82,4,2,8,32,252,12600,0.61809523809523803,0,1,0,0.97999999999999998,0.59325396825396826,0.86063492063492064,0.47809523809523818,0.55390968253968254,exact finite-grid descriptive distribution; not population CI,0,True,five held-out split IDs and all stratum seeds; image datasets may overlap between split realizations
sipakmed_A_cnn4_all5,sipakmed,A,primary_original,image,10,5,4,50,200,densenet121|efficientnet_b0|resnet18|resnet50,42|52|62|72|82,4,3,12,48,252,12600,0.64968253968253964,0,1,0,1,0.64380952380952383,0.88068783068783074,0.49031746031746037,0.57180313492063484,exact finite-grid descriptive distribution; not population CI,0,True,five held-out split IDs and all stratum seeds; image datasets may overlap between split realizations
sipakmed_A_cnn4_all5,sipakmed,A,primary_original,image,10,5,4,50,200,densenet121|efficientnet_b0|resnet18|resnet50,42|52|62|72|82,4,4,16,64,252,6300,0.66666666666666663,0,1,0,1,0.66666666666666663,0.88888888888888884,0.49444444444444441,0.57875198412698403,exact finite-grid descriptive distribution; not population CI,0,True,five held-out split IDs and all stratum seeds; image datasets may overlap between split realizations
sipakmed_A_cnn4_all5,sipakmed,A,primary_original,image,10,5,4,50,200,densenet121|efficientnet_b0|resnet18|resnet50,42|52|62|72|82,4,5,20,80,252,1260,0.68571428571428572,0,1,0,1,0.68571428571428572,0.89523809523809528,0.50079365079365079,0.59105992063492063,exact finite-grid descriptive distribution; not population CI,0,True,five held-out split IDs and all stratum seeds; image datasets may overlap between split realizations
sipakmed_A_cnn4_all5,sipakmed,A,primary_original,image,10,5,4,50,200,densenet121|efficientnet_b0|resnet18|resnet50,42|52|62|72|82,5,1,5,20,252,1260,0.59603174603174602,0,1,0,1,0.55238095238095231,0.84259259259259256,0.47539682539682532,0.54282182539682544,exact finite-grid descriptive distribution; not population CI,0,True,five held-out split IDs and all stratum seeds; image datasets may overlap between split realizations
sipakmed_A_cnn4_all5,sipakmed,A,primary_original,image,10,5,4,50,200,densenet121|efficientnet_b0|resnet18|resnet50,42|52|62|72|82,5,2,10,40,252,2520,0.65436507936507926,0,1,0,1,0.64563492063492056,0.88082010582010595,0.4996031746031746,0.57694047619047628,exact finite-grid descriptive distribution; not population CI,0,True,five held-out split IDs and all stratum seeds; image datasets may overlap between split realizations
sipakmed_A_cnn4_all5,sipakmed,A,primary_original,image,10,5,4,50,200,densenet121|efficientnet_b0|resnet18|resnet50,42|52|62|72|82,5,3,15,60,252,2520,0.69404761904761902,0,1,0,1,0.69285714285714295,0.89748677248677255,0.52103174603174607,0.59823115079365075,exact finite-grid descriptive distribution; not population CI,0,True,five held-out split IDs and all stratum seeds; image datasets may overlap between split realizations
sipakmed_A_cnn4_all5,sipakmed,A,primary_original,image,10,5,4,50,200,densenet121|efficientnet_b0|resnet18|resnet50,42|52|62|72|82,5,4,20,80,252,1260,0.7142857142857143,0,1,0,1,0.7142857142857143,0.90476190476190477,0.52936507936507937,0.60941190476190477,exact finite-grid descriptive distribution; not population CI,0,True,five held-out split IDs and all stratum seeds; image datasets may overlap between split realizations
sipakmed_A_cnn4_all5,sipakmed,A,primary_original,image,10,5,4,50,200,densenet121|efficientnet_b0|resnet18|resnet50,42|52|62|72|82,5,5,25,100,252,252,0.7142857142857143,0,1,0,1,0.7142857142857143,0.90476190476190477,0.52777777777777779,0.60554960317460316,exact finite-grid descriptive distribution; not population CI,0,True,five held-out split IDs and all stratum seeds; image datasets may overlap between split realizations
sipakmed_A_cnn4_common3,sipakmed,A,common_seed_sensitivity,image,10,3,4,30,120,densenet121|efficientnet_b0|resnet18|resnet50,42|52|62,1,1,1,4,252,3780,0.40634920634920635,0.20000000000000001,0.59999999999999998,0.20000000000000001,0.59999999999999998,0.22116402116402117,0.54761904761904767,0.36031746031746026,0.39802539682539684,exact finite-grid descriptive distribution; not population CI,0,True,five held-out split IDs and all stratum seeds; image datasets may overlap between split realizations
sipakmed_A_cnn4_common3,sipakmed,A,common_seed_sensitivity,image,10,3,4,30,120,densenet121|efficientnet_b0|resnet18|resnet50,42|52|62,1,2,2,8,252,3780,0.47407407407407409,0.066666666666666666,0.73333333333333328,0.13333333333333333,0.71499999999999952,0.29682539682539683,0.61675485008818343,0.38968253968253963,0.43871917989417986,exact finite-grid descriptive distribution; not population CI,0,True,five held-out split IDs and all stratum seeds; image datasets may overlap between split realizations
sipakmed_A_cnn4_common3,sipakmed,A,common_seed_sensitivity,image,10,3,4,30,120,densenet121|efficientnet_b0|resnet18|resnet50,42|52|62,1,3,3,12,252,1260,0.41269841269841268,0,0.80000000000000004,0.055000000000000077,0.59999999999999998,0.38650793650793652,0.64074074074074061,0.37222222222222223,0.40182023809523809,exact finite-grid descriptive distribution; not population CI,0,True,five held-out split IDs and all stratum seeds; image datasets may overlap between split realizations
sipakmed_A_cnn4_common3,sipakmed,A,common_seed_sensitivity,image,10,3,4,30,120,densenet121|efficientnet_b0|resnet18|resnet50,42|52|62,2,1,2,8,252,7560,0.45899470899470896,0.10000000000000001,0.76666666666666672,0.14250000000000002,0.69999999999999996,0.3392857142857143,0.69206349206349194,0.39087301587301587,0.43207757936507929,exact finite-grid descriptive distribution; not population CI,0,True,five held-out split IDs and all stratum seeds; image datasets may overlap between split realizations
sipakmed_A_cnn4_common3,sipakmed,A,common_seed_sensitivity,image,10,3,4,30,120,densenet121|efficientnet_b0|resnet18|resnet50,42|52|62,2,2,4,16,252,7560,0.42526455026455029,0.033333333333333333,0.76666666666666672,0.10000000000000001,0.69999999999999996,0.36732804232804239,0.73694885361552032,0.35886243386243388,0.41449629629629625,exact finite-grid descriptive distribution; not population CI,0,True,five held-out split IDs and all stratum seeds; image datasets may overlap between split realizations
sipakmed_A_cnn4_common3,sipakmed,A,common_seed_sensitivity,image,10,3,4,30,120,densenet121|efficientnet_b0|resnet18|resnet50,42|52|62,2,3,6,24,252,2520,0.53095238095238095,0,0.90000000000000002,0,0.90000000000000002,0.49484126984126986,0.77116402116402105,0.3666666666666667,0.4646190476190476,exact finite-grid descriptive distribution; not population CI,0,True,five held-out split IDs and all stratum seeds; image datasets may overlap between split realizations
sipakmed_A_cnn4_common3,sipakmed,A,common_seed_sensitivity,image,10,3,4,30,120,densenet121|efficientnet_b0|resnet18|resnet50,42|52|62,3,1,3,12,252,7560,0.46216931216931217,0.033333333333333333,0.83333333333333337,0.10916666666666669,0.73333333333333328,0.37698412698412698,0.73875661375661383,0.38002645502645505,0.43588035714285711,exact finite-grid descriptive distribution; not population CI,0,True,five held-out split IDs and all stratum seeds; image datasets may overlap between split realizations
sipakmed_A_cnn4_common3,sipakmed,A,common_seed_sensitivity,image,10,3,4,30,120,densenet121|efficientnet_b0|resnet18|resnet50,42|52|62,3,2,6,24,252,7560,0.50701058201058202,0,0.93333333333333335,0.033333333333333333,0.83333333333333337,0.45304232804232802,0.79201940035273377,0.38280423280423281,0.46280529100529105,exact finite-grid descriptive distribution; not population CI,0,True,five held-out split IDs and all stratum seeds; image datasets may overlap between split realizations
sipakmed_A_cnn4_common3,sipakmed,A,common_seed_sensitivity,image,10,3,4,30,120,densenet121|efficientnet_b0|resnet18|resnet50,42|52|62,3,3,9,36,252,2520,0.54047619047619044,0,1,0,1,0.53214285714285714,0.82738095238095233,0.36388888888888882,0.47458511904761902,exact finite-grid descriptive distribution; not population CI,0,True,five held-out split IDs and all stratum seeds; image datasets may overlap between split realizations
sipakmed_A_cnn4_common3,sipakmed,A,common_seed_sensitivity,image,10,3,4,30,120,densenet121|efficientnet_b0|resnet18|resnet50,42|52|62,4,1,4,16,252,3780,0.48148148148148145,0,0.93333333333333335,0.066666666666666666,0.80000000000000004,0.40211640211640215,0.77266313932980601,0.38042328042328044,0.45235092592592591,exact finite-grid descriptive distribution; not population CI,0,True,five held-out split IDs and all stratum seeds; image datasets may overlap between split realizations
sipakmed_A_cnn4_common3,sipakmed,A,common_seed_sensitivity,image,10,3,4,30,120,densenet121|efficientnet_b0|resnet18|resnet50,42|52|62,4,2,8,32,252,3780,0.52539682539682531,0,1,0,0.93333333333333335,0.49021164021164021,0.82486772486772464,0.3753968253968254,0.46778730158730153,exact finite-grid descriptive distribution; not population CI,0,True,five held-out split IDs and all stratum seeds; image datasets may overlap between split realizations
sipakmed_A_cnn4_common3,sipakmed,A,common_seed_sensitivity,image,10,3,4,30,120,densenet121|efficientnet_b0|resnet18|resnet50,42|52|62,4,3,12,48,252,1260,0.5888888888888888,0,1,0,1,0.5888888888888888,0.86296296296296293,0.37301587301587302,0.48855595238095234,exact finite-grid descriptive distribution; not population CI,0,True,five held-out split IDs and all stratum seeds; image datasets may overlap between split realizations
sipakmed_A_cnn4_common3,sipakmed,A,common_seed_sensitivity,image,10,3,4,30,120,densenet121|efficientnet_b0|resnet18|resnet50,42|52|62,5,1,5,20,252,756,0.51851851851851849,0,1,0,1,0.45370370370370366,0.80599647266313923,0.39550264550264547,0.47589285714285706,exact finite-grid descriptive distribution; not population CI,0,True,five held-out split IDs and all stratum seeds; image datasets may overlap between split realizations
sipakmed_A_cnn4_common3,sipakmed,A,common_seed_sensitivity,image,10,3,4,30,120,densenet121|efficientnet_b0|resnet18|resnet50,42|52|62,5,2,10,40,252,756,0.55158730158730163,0,1,0,1,0.5357142857142857,0.84435626102292771,0.36904761904761901,0.477114417989418,exact finite-grid descriptive distribution; not population CI,0,True,five held-out split IDs and all stratum seeds; image datasets may overlap between split realizations
sipakmed_A_cnn4_common3,sipakmed,A,common_seed_sensitivity,image,10,3,4,30,120,densenet121|efficientnet_b0|resnet18|resnet50,42|52|62,5,3,15,60,252,252,0.63492063492063489,0,1,0,1,0.63492063492063489,0.87830687830687826,0.3888888888888889,0.50323611111111111,exact finite-grid descriptive distribution; not population CI,0,True,five held-out split IDs and all stratum seeds; image datasets may overlap between split realizations
sipakmed_B_cnn4_all5,sipakmed,B,primary_original,image,10,5,4,50,200,densenet121|efficientnet_b0|resnet18|resnet50,42|52|62|72|82,1,1,1,4,252,6300,0.36968253968253972,0.20000000000000001,0.47999999999999998,0.23999999999999999,0.47999999999999998,0.22761904761904764,0.61735449735449732,0.37015873015873019,0.3985838888888889,exact finite-grid descriptive distribution; not population CI,0,True,five held-out split IDs and all stratum seeds; image datasets may overlap between split realizations
sipakmed_B_cnn4_all5,sipakmed,B,primary_original,image,10,5,4,50,200,densenet121|efficientnet_b0|resnet18|resnet50,42|52|62|72|82,1,2,2,8,252,12600,0.38730158730158726,0.14000000000000001,0.54000000000000004,0.22,0.5,0.26150793650793652,0.6628571428571427,0.38571428571428573,0.42259900793650795,exact finite-grid descriptive distribution; not population CI,0,True,five held-out split IDs and all stratum seeds; image datasets may overlap between split realizations
sipakmed_B_cnn4_all5,sipakmed,B,primary_original,image,10,5,4,50,200,densenet121|efficientnet_b0|resnet18|resnet50,42|52|62|72|82,1,3,3,12,252,12600,0.38111111111111107,0.080000000000000002,0.59999999999999998,0.20000000000000001,0.54000000000000004,0.25539682539682546,0.67126984126984113,0.37555555555555548,0.42299682539682543,exact finite-grid descriptive distribution; not population CI,0,True,five held-out split IDs and all stratum seeds; image datasets may overlap between split realizations
sipakmed_B_cnn4_all5,sipakmed,B,primary_original,image,10,5,4,50,200,densenet121|efficientnet_b0|resnet18|resnet50,42|52|62|72|82,1,4,4,16,252,6300,0.37841269841269837,0.040000000000000001,0.59999999999999998,0.20000000000000001,0.56000000000000005,0.26682539682539685,0.68931216931216921,0.37238095238095231,0.42392174603174604,exact finite-grid descriptive distribution; not population CI,0,True,five held-out split IDs and all stratum seeds; image datasets may overlap between split realizations
sipakmed_B_cnn4_all5,sipakmed,B,primary_original,image,10,5,4,50,200,densenet121|efficientnet_b0|resnet18|resnet50,42|52|62|72|82,1,5,5,20,252,1260,0.38412698412698409,0,0.59999999999999998,0.20000000000000001,0.59999999999999998,0.2722222222222222,0.69470899470899472,0.37142857142857139,0.43077261904761904,exact finite-grid descriptive distribution; not population CI,0,True,five held-out split IDs and all stratum seeds; image datasets may overlap between split realizations
sipakmed_B_cnn4_all5,sipakmed,B,primary_original,image,10,5,4,50,200,densenet121|efficientnet_b0|resnet18|resnet50,42|52|62|72|82,2,1,2,8,252,12600,0.38325396825396824,0.14000000000000001,0.57999999999999996,0.17999999999999999,0.54000000000000004,0.30579365079365078,0.70809523809523811,0.39626984126984133,0.42306027777777777,exact finite-grid descriptive distribution; not population CI,0,True,five held-out split IDs and all stratum seeds; image datasets may overlap between split realizations
sipakmed_B_cnn4_all5,sipakmed,B,primary_original,image,10,5,4,50,200,densenet121|efficientnet_b0|resnet18|resnet50,42|52|62|72|82,2,2,4,16,252,25200,0.36634920634920637,0.070000000000000007,0.57999999999999996,0.16,0.54000000000000004,0.33154761904761904,0.74410052910052915,0.3746031746031746,0.41764702380952384,exact finite-grid descriptive distribution; not population CI,0,True,five held-out split IDs and all stratum seeds; image datasets may overlap between split realizations
sipakmed_B_cnn4_all5,sipakmed,B,primary_original,image,10,5,4,50,200,densenet121|efficientnet_b0|resnet18|resnet50,42|52|62|72|82,2,3,6,24,252,25200,0.34865079365079371,0.01,0.54000000000000004,0.092749999999999999,0.5,0.33249999999999996,0.75920634920634933,0.35952380952380958,0.41032426587301585,exact finite-grid descriptive distribution; not population CI,0,True,five held-out split IDs and all stratum seeds; image datasets may overlap between split realizations
sipakmed_B_cnn4_all5,sipakmed,B,primary_original,image,10,5,4,50,200,densenet121|efficientnet_b0|resnet18|resnet50,42|52|62|72|82,2,4,8,32,252,12600,0.34428571428571431,0,0.62,0.051000000000000018,0.52000000000000002,0.33063492063492061,0.76365079365079369,0.35825396825396827,0.40802269841269839,exact finite-grid descriptive distribution; not population CI,0,True,five held-out split IDs and all stratum seeds; image datasets may overlap between split realizations
sipakmed_B_cnn4_all5,sipakmed,B,primary_original,image,10,5,4,50,200,densenet121|efficientnet_b0|resnet18|resnet50,42|52|62|72|82,2,5,10,40,252,2520,0.33571428571428569,0,0.69999999999999996,0,0.5,0.33095238095238094,0.77116402116402116,0.35238095238095241,0.40195079365079361,exact finite-grid descriptive distribution; not population CI,0,True,five held-out split IDs and all stratum seeds; image datasets may overlap between split realizations
sipakmed_B_cnn4_all5,sipakmed,B,primary_original,image,10,5,4,50,200,densenet121|efficientnet_b0|resnet18|resnet50,42|52|62|72|82,3,1,3,12,252,12600,0.36571428571428577,0.080000000000000002,0.59999999999999998,0.14000000000000001,0.54000000000000004,0.3278571428571429,0.73661375661375661,0.37841269841269842,0.41607702380952383,exact finite-grid descriptive distribution; not population CI,0,True,five held-out split IDs and all stratum seeds; image datasets may overlap between split realizations
sipakmed_B_cnn4_all5,sipakmed,B,primary_original,image,10,5,4,50,200,densenet121|efficientnet_b0|resnet18|resnet50,42|52|62|72|82,3,2,6,24,252,25200,0.33523809523809528,0.01,0.58999999999999997,0.080000000000000002,0.56000000000000005,0.32686507936507936,0.76563492063492078,0.34595238095238096,0.40255109126984129,exact finite-grid descriptive distribution; not population CI,0,True,five held-out split IDs and all stratum seeds; image datasets may overlap between split realizations
sipakmed_B_cnn4_all5,sipakmed,B,primary_original,image,10,5,4,50,200,densenet121|efficientnet_b0|resnet18|resnet50,42|52|62|72|82,3,3,9,36,252,25200,0.31055555555555553,0,0.57999999999999996,0.022750000000000003,0.54725000000000001,0.30857142857142855,0.76640211640211642,0.32607142857142857,0.3893355158730159,exact finite-grid descriptive distribution; not population CI,0,True,five held-out split IDs and all stratum seeds; image datasets may overlap between split realizations
sipakmed_B_cnn4_all5,sipakmed,B,primary_original,image,10,5,4,50,200,densenet121|efficientnet_b0|resnet18|resnet50,42|52|62|72|82,3,4,12,48,252,12600,0.29642857142857143,0,0.57999999999999996,0,0.56000000000000005,0.29634920634920631,0.76492063492063478,0.30960317460317466,0.38113448412698414,exact finite-grid descriptive distribution; not population CI,0,True,five held-out split IDs and all stratum seeds; image datasets may overlap between split realizations
sipakmed_B_cnn4_all5,sipakmed,B,primary_original,image,10,5,4,50,200,densenet121|efficientnet_b0|resnet18|resnet50,42|52|62|72|82,3,5,15,60,252,2520,0.2857142857142857,0,0.69999999999999996,0,0.59999999999999998,0.2857142857142857,0.76190476190476186,0.29603174603174603,0.37414484126984127,exact finite-grid descriptive distribution; not population CI,0,True,five held-out split IDs and all stratum seeds; image datasets may overlap between split realizations
sipakmed_B_cnn4_all5,sipakmed,B,primary_original,image,10,5,4,50,200,densenet121|efficientnet_b0|resnet18|resnet50,42|52|62|72|82,4,1,4,16,252,6300,0.35174603174603175,0,0.68000000000000005,0.080000000000000002,0.56000000000000005,0.32873015873015876,0.75576719576719575,0.36269841269841274,0.41004642857142864,exact finite-grid descriptive distribution; not population CI,0,True,five held-out split IDs and all stratum seeds; image datasets may overlap between split realizations
sipakmed_B_cnn4_all5,sipakmed,B,primary_original,image,10,5,4,50,200,densenet121|efficientnet_b0|resnet18|resnet50,42|52|62|72|82,4,2,8,32,252,12600,0.30023809523809525,0,0.62,0.02,0.56000000000000005,0.29896825396825394,0.76396825396825385,0.31484126984126987,0.38477130952380961,exact finite-grid descriptive distribution; not population CI,0,True,five held-out split IDs and all stratum seeds; image datasets may overlap between split realizations
sipakmed_B_cnn4_all5,sipakmed,B,primary_original,image,10,5,4,50,200,densenet121|efficientnet_b0|resnet18|resnet50,42|52|62|72|82,4,3,12,48,252,12600,0.26380952380952383,0,0.64000000000000001,0,0.5744999999999999,0.26380952380952383,0.75444444444444425,0.28206349206349213,0.36526051587301583,exact finite-grid descriptive distribution; not population CI,0,True,five held-out split IDs and all stratum seeds; image datasets may overlap between split realizations
sipakmed_B_cnn4_all5,sipakmed,B,primary_original,image,10,5,4,50,200,densenet121|efficientnet_b0|resnet18|resnet50,42|52|62|72|82,4,4,16,64,252,6300,0.24000000000000002,0,0.68000000000000005,0,0.59999999999999998,0.24000000000000002,0.7466666666666667,0.2580952380952381,0.35292682539682535,exact finite-grid descriptive distribution; not population CI,0,True,five held-out split IDs and all stratum seeds; image datasets may overlap between split realizations
sipakmed_B_cnn4_all5,sipakmed,B,primary_original,image,10,5,4,50,200,densenet121|efficientnet_b0|resnet18|resnet50,42|52|62|72|82,4,5,20,80,252,1260,0.21587301587301588,0,0.80000000000000004,0,0.59999999999999998,0.21587301587301588,0.73862433862433852,0.24761904761904766,0.341965873015873,exact finite-grid descriptive distribution; not population CI,0,True,five held-out split IDs and all stratum seeds; image datasets may overlap between split realizations
sipakmed_B_cnn4_all5,sipakmed,B,primary_original,image,10,5,4,50,200,densenet121|efficientnet_b0|resnet18|resnet50,42|52|62|72|82,5,1,5,20,252,1260,0.34365079365079365,0,0.80000000000000004,0,0.59999999999999998,0.32539682539682541,0.76269841269841265,0.35952380952380958,0.40567261904761903,exact finite-grid descriptive distribution; not population CI,0,True,five held-out split IDs and all stratum seeds; image datasets may overlap between split realizations
sipakmed_B_cnn4_all5,sipakmed,B,primary_original,image,10,5,4,50,200,densenet121|efficientnet_b0|resnet18|resnet50,42|52|62|72|82,5,2,10,40,252,2520,0.25873015873015875,0,0.69999999999999996,0,0.59999999999999998,0.25873015873015875,0.75291005291005297,0.27936507936507937,0.36511706349206352,exact finite-grid descriptive distribution; not population CI,0,True,five held-out split IDs and all stratum seeds; image datasets may overlap between split realizations
sipakmed_B_cnn4_all5,sipakmed,B,primary_original,image,10,5,4,50,200,densenet121|efficientnet_b0|resnet18|resnet50,42|52|62|72|82,5,3,15,60,252,2520,0.20357142857142857,0,0.80000000000000004,0,0.59999999999999998,0.20357142857142857,0.73452380952380958,0.22976190476190478,0.33886646825396827,exact finite-grid descriptive distribution; not population CI,0,True,five held-out split IDs and all stratum seeds; image datasets may overlap between split realizations
sipakmed_B_cnn4_all5,sipakmed,B,primary_original,image,10,5,4,50,200,densenet121|efficientnet_b0|resnet18|resnet50,42|52|62|72|82,5,4,20,80,252,1260,0.14761904761904762,0,0.80000000000000004,0,0.59999999999999998,0.14761904761904762,0.71587301587301577,0.18253968253968253,0.31923253968253962,exact finite-grid descriptive distribution; not population CI,0,True,five held-out split IDs and all stratum seeds; image datasets may overlap between split realizations
sipakmed_B_cnn4_all5,sipakmed,B,primary_original,image,10,5,4,50,200,densenet121|efficientnet_b0|resnet18|resnet50,42|52|62|72|82,5,5,25,100,252,252,0.095238095238095233,0,1,0,1,0.095238095238095233,0.69841269841269837,0.14285714285714285,0.30274206349206351,exact finite-grid descriptive distribution; not population CI,0,True,five held-out split IDs and all stratum seeds; image datasets may overlap between split realizations
sipakmed_B_cnn4_common3,sipakmed,B,common_seed_sensitivity,image,10,3,4,30,120,densenet121|efficientnet_b0|resnet18|resnet50,42|52|62,1,1,1,4,252,3780,0.37380952380952381,0.13333333333333333,0.59999999999999998,0.20000000000000001,0.53333333333333333,0.24047619047619045,0.61746031746031749,0.36455026455026457,0.39091785714285709,exact finite-grid descriptive distribution; not population CI,0,True,five held-out split IDs and all stratum seeds; image datasets may overlap between split realizations
sipakmed_B_cnn4_common3,sipakmed,B,common_seed_sensitivity,image,10,3,4,30,120,densenet121|efficientnet_b0|resnet18|resnet50,42|52|62,1,2,2,8,252,3780,0.37380952380952376,0.066666666666666666,0.66666666666666663,0.13333333333333333,0.59999999999999998,0.22089947089947093,0.63456790123456785,0.36402116402116402,0.4010097883597884,exact finite-grid descriptive distribution; not population CI,0,True,five held-out split IDs and all stratum seeds; image datasets may overlap between split realizations
sipakmed_B_cnn4_common3,sipakmed,B,common_seed_sensitivity,image,10,3,4,30,120,densenet121|efficientnet_b0|resnet18|resnet50,42|52|62,1,3,3,12,252,1260,0.33253968253968258,0,0.59999999999999998,0.055000000000000077,0.59999999999999998,0.21031746031746032,0.60052910052910047,0.32698412698412699,0.37027341269841269,exact finite-grid descriptive distribution; not population CI,0,True,five held-out split IDs and all stratum seeds; image datasets may overlap between split realizations
sipakmed_B_cnn4_common3,sipakmed,B,common_seed_sensitivity,image,10,3,4,30,120,densenet121|efficientnet_b0|resnet18|resnet50,42|52|62,2,1,2,8,252,7560,0.39457671957671958,0.066666666666666666,0.69999999999999996,0.13333333333333333,0.62416666666666643,0.30912698412698414,0.72054673721340401,0.3925925925925926,0.42230615079365086,exact finite-grid descriptive distribution; not population CI,0,True,five held-out split IDs and all stratum seeds; image datasets may overlap between split realizations
sipakmed_B_cnn4_common3,sipakmed,B,common_seed_sensitivity,image,10,3,4,30,120,densenet121|efficientnet_b0|resnet18|resnet50,42|52|62,2,2,4,16,252,7560,0.40052910052910057,0,0.80000000000000004,0.066666666666666666,0.69999999999999996,0.35039682539682537,0.75185185185185199,0.38690476190476192,0.42390178571428572,exact finite-grid descriptive distribution; not population CI,0,True,five held-out split IDs and all stratum seeds; image datasets may overlap between split realizations
sipakmed_B_cnn4_common3,sipakmed,B,common_seed_sensitivity,image,10,3,4,30,120,densenet121|efficientnet_b0|resnet18|resnet50,42|52|62,2,3,6,24,252,2520,0.39325396825396824,0,0.80000000000000004,0,0.77249999999999941,0.37777777777777771,0.76031746031746028,0.37698412698412698,0.41199047619047613,exact finite-grid descriptive distribution; not population CI,0,True,five held-out split IDs and all stratum seeds; image datasets may overlap between split realizations
sipakmed_B_cnn4_common3,sipakmed,B,common_seed_sensitivity,image,10,3,4,30,120,densenet121|efficientnet_b0|resnet18|resnet50,42|52|62,3,1,3,12,252,7560,0.38584656084656077,0.033333333333333333,0.73333333333333328,0.066666666666666666,0.69083333333333308,0.33478835978835975,0.75511463844797189,0.37962962962962959,0.41832876984126982,exact finite-grid descriptive distribution; not population CI,0,True,five held-out split IDs and all stratum seeds; image datasets may overlap between split realizations
sipakmed_B_cnn4_common3,sipakmed,B,common_seed_sensitivity,image,10,3,4,30,120,densenet121|efficientnet_b0|resnet18|resnet50,42|52|62,3,2,6,24,252,7560,0.37592592592592589,0,0.83333333333333337,0.033333333333333333,0.73333333333333328,0.36322751322751323,0.77901234567901256,0.35661375661375666,0.40852791005291,exact finite-grid descriptive distribution; not population CI,0,True,five held-out split IDs and all stratum seeds; image datasets may overlap between split realizations
sipakmed_B_cnn4_common3,sipakmed,B,common_seed_sensitivity,image,10,3,4,30,120,densenet121|efficientnet_b0|resnet18|resnet50,42|52|62,3,3,9,36,252,2520,0.37182539682539678,0,0.90000000000000002,0,0.80000000000000004,0.37182539682539678,0.78716931216931219,0.34880952380952385,0.40182718253968253,exact finite-grid descriptive distribution; not population CI,0,True,five held-out split IDs and all stratum seeds; image datasets may overlap between split realizations
sipakmed_B_cnn4_common3,sipakmed,B,common_seed_sensitivity,image,10,3,4,30,120,densenet121|efficientnet_b0|resnet18|resnet50,42|52|62,4,1,4,16,252,3780,0.38148148148148148,0,0.8666666666666667,0,0.80000000000000004,0.36375661375661372,0.77901234567901223,0.35793650793650789,0.41294431216931216,exact finite-grid descriptive distribution; not population CI,0,True,five held-out split IDs and all stratum seeds; image datasets may overlap between split realizations
sipakmed_B_cnn4_common3,sipakmed,B,common_seed_sensitivity,image,10,3,4,30,120,densenet121|efficientnet_b0|resnet18|resnet50,42|52|62,4,2,8,32,252,3780,0.35714285714285715,0,0.8666666666666667,0,0.8666666666666667,0.35132275132275131,0.78042328042328024,0.33201058201058198,0.39278425925925919,exact finite-grid descriptive distribution; not population CI,0,True,five held-out split IDs and all stratum seeds; image datasets may overlap between split realizations
sipakmed_B_cnn4_common3,sipakmed,B,common_seed_sensitivity,image,10,3,4,30,120,densenet121|efficientnet_b0|resnet18|resnet50,42|52|62,4,3,12,48,252,1260,0.35238095238095235,0,1,0,1,0.35238095238095235,0.78412698412698401,0.32222222222222224,0.38664603174603174,exact finite-grid descriptive distribution; not population CI,0,True,five held-out split IDs and all stratum seeds; image datasets may overlap between split realizations
sipakmed_B_cnn4_common3,sipakmed,B,common_seed_sensitivity,image,10,3,4,30,120,densenet121|efficientnet_b0|resnet18|resnet50,42|52|62,5,1,5,20,252,756,0.36507936507936506,0,1,0,1,0.3531746031746032,0.78086419753086422,0.35449735449735442,0.40577380952380948,exact finite-grid descriptive distribution; not population CI,0,True,five held-out split IDs and all stratum seeds; image datasets may overlap between split realizations
sipakmed_B_cnn4_common3,sipakmed,B,common_seed_sensitivity,image,10,3,4,30,120,densenet121|efficientnet_b0|resnet18|resnet50,42|52|62,5,2,10,40,252,756,0.35449735449735453,0,1,0,1,0.35449735449735453,0.78483245149911807,0.31216931216931215,0.38098148148148142,exact finite-grid descriptive distribution; not population CI,0,True,five held-out split IDs and all stratum seeds; image datasets may overlap between split realizations
sipakmed_B_cnn4_common3,sipakmed,B,common_seed_sensitivity,image,10,3,4,30,120,densenet121|efficientnet_b0|resnet18|resnet50,42|52|62,5,3,15,60,252,252,0.38095238095238093,0,1,0,1,0.38095238095238093,0.79365079365079361,0.31746031746031744,0.37611904761904763,exact finite-grid descriptive distribution; not population CI,0,True,five held-out split IDs and all stratum seeds; image datasets may overlap between split realizations
isic2019_A_cnn4_all3,isic2019,A,primary_extension,image,10,3,4,30,120,densenet121|efficientnet_b0|resnet18|resnet50,42|52|62,1,1,1,4,252,3780,0.90000000000000013,0.80000000000000004,1,0.80000000000000004,1,0.28835978835978832,0.56613756613756605,0.90000000000000013,0.89999603174603193,exact finite-grid descriptive distribution; not population CI,0,True,five held-out split IDs and all stratum seeds; image datasets may overlap between split realizations
isic2019_A_cnn4_all3,isic2019,A,primary_extension,image,10,3,4,30,120,densenet121|efficientnet_b0|resnet18|resnet50,42|52|62,1,2,2,8,252,3780,0.96666666666666679,0.93333333333333335,1,0.93333333333333335,1,0.31957671957671957,0.60423280423280412,0.96666666666666679,0.96666269841269847,exact finite-grid descriptive distribution; not population CI,0,True,five held-out split IDs and all stratum seeds; image datasets may overlap between split realizations
isic2019_A_cnn4_all3,isic2019,A,primary_extension,image,10,3,4,30,120,densenet121|efficientnet_b0|resnet18|resnet50,42|52|62,1,3,3,12,252,1260,1,1,1,1,1,0.40634920634920635,0.66349206349206347,1,0.99999603174603169,exact finite-grid descriptive distribution; not population CI,0,True,five held-out split IDs and all stratum seeds; image datasets may overlap between split realizations
isic2019_A_cnn4_all3,isic2019,A,primary_extension,image,10,3,4,30,120,densenet121|efficientnet_b0|resnet18|resnet50,42|52|62,2,1,2,8,252,7560,0.97777777777777775,0.90000000000000002,1,0.93333333333333335,1,0.31812169312169308,0.66596119929453257,0.97777777777777775,0.97777380952380955,exact finite-grid descriptive distribution; not population CI,0,True,five held-out split IDs and all stratum seeds; image datasets may overlap between split realizations
isic2019_A_cnn4_all3,isic2019,A,primary_extension,image,10,3,4,30,120,densenet121|efficientnet_b0|resnet18|resnet50,42|52|62,2,2,4,16,252,7560,1,1,1,1,1,0.41759259259259257,0.73033509700176369,1,0.99999603174603169,exact finite-grid descriptive distribution; not population CI,0,True,five held-out split IDs and all stratum seeds; image datasets may overlap between split realizations
isic2019_A_cnn4_all3,isic2019,A,primary_extension,image,10,3,4,30,120,densenet121|efficientnet_b0|resnet18|resnet50,42|52|62,2,3,6,24,252,2520,1,1,1,1,1,0.46825396825396826,0.76666666666666661,1,0.99999603174603169,exact finite-grid descriptive distribution; not population CI,0,True,five held-out split IDs and all stratum seeds; image datasets may overlap between split realizations
isic2019_A_cnn4_all3,isic2019,A,primary_extension,image,10,3,4,30,120,densenet121|efficientnet_b0|resnet18|resnet50,42|52|62,3,1,3,12,252,7560,0.99722222222222223,0.96666666666666667,1,0.96666666666666667,1,0.37777777777777777,0.73112874779541448,0.99722222222222223,0.99721825396825403,exact finite-grid descriptive distribution; not population CI,0,True,five held-out split IDs and all stratum seeds; image datasets may overlap between split realizations
isic2019_A_cnn4_all3,isic2019,A,primary_extension,image,10,3,4,30,120,densenet121|efficientnet_b0|resnet18|resnet50,42|52|62,3,2,6,24,252,7560,1,1,1,1,1,0.42936507936507939,0.7651234567901235,1,0.99999603174603169,exact finite-grid descriptive distribution; not population CI,0,True,five held-out split IDs and all stratum seeds; image datasets may overlap between split realizations
isic2019_A_cnn4_all3,isic2019,A,primary_extension,image,10,3,4,30,120,densenet121|efficientnet_b0|resnet18|resnet50,42|52|62,3,3,9,36,252,2520,1,1,1,1,1,0.54682539682539688,0.812962962962963,1,0.99999603174603169,exact finite-grid descriptive distribution; not population CI,0,True,five held-out split IDs and all stratum seeds; image datasets may overlap between split realizations
isic2019_A_cnn4_all3,isic2019,A,primary_extension,image,10,3,4,30,120,densenet121|efficientnet_b0|resnet18|resnet50,42|52|62,4,1,4,16,252,3780,1,1,1,1,1,0.40423280423280422,0.75590828924162257,1,0.99999603174603169,exact finite-grid descriptive distribution; not population CI,0,True,five held-out split IDs and all stratum seeds; image datasets may overlap between split realizations
isic2019_A_cnn4_all3,isic2019,A,primary_extension,image,10,3,4,30,120,densenet121|efficientnet_b0|resnet18|resnet50,42|52|62,4,2,8,32,252,3780,1,1,1,1,1,0.48412698412698418,0.80335097001763667,1,0.99999603174603169,exact finite-grid descriptive distribution; not population CI,0,True,five held-out split IDs and all stratum seeds; image datasets may overlap between split realizations
isic2019_A_cnn4_all3,isic2019,A,primary_extension,image,10,3,4,30,120,densenet121|efficientnet_b0|resnet18|resnet50,42|52|62,4,3,12,48,252,1260,1,1,1,1,1,0.58015873015873021,0.84444444444444433,1,0.99999603174603169,exact finite-grid descriptive distribution; not population CI,0,True,five held-out split IDs and all stratum seeds; image datasets may overlap between split realizations
isic2019_A_cnn4_all3,isic2019,A,primary_extension,image,10,3,4,30,120,densenet121|efficientnet_b0|resnet18|resnet50,42|52|62,5,1,5,20,252,756,1,1,1,1,1,0.4417989417989418,0.77689594356261016,1,0.99999603174603169,exact finite-grid descriptive distribution; not population CI,0,True,five held-out split IDs and all stratum seeds; image datasets may overlap between split realizations
isic2019_A_cnn4_all3,isic2019,A,primary_extension,image,10,3,4,30,120,densenet121|efficientnet_b0|resnet18|resnet50,42|52|62,5,2,10,40,252,756,1,1,1,1,1,0.49206349206349204,0.82098765432098753,1,0.99999603174603169,exact finite-grid descriptive distribution; not population CI,0,True,five held-out split IDs and all stratum seeds; image datasets may overlap between split realizations
isic2019_A_cnn4_all3,isic2019,A,primary_extension,image,10,3,4,30,120,densenet121|efficientnet_b0|resnet18|resnet50,42|52|62,5,3,15,60,252,252,1,1,1,1,1,0.67460317460317465,0.88888888888888873,1,0.99999603174603169,exact finite-grid descriptive distribution; not population CI,0,True,five held-out split IDs and all stratum seeds; image datasets may overlap between split realizations
mura_A_cnn4_all3,mura,A,primary_extension,study,10,3,4,30,120,densenet121|efficientnet_b0|resnet18|resnet50,42|52|62,1,1,1,4,252,3780,0.4907407407407407,0.066666666666666666,0.73333333333333328,0.13333333333333333,0.66666666666666663,0.31878306878306883,0.60396825396825382,0.41851851851851851,0.47086124338624336,exact finite-grid descriptive distribution; not population CI,0,True,five held-out split IDs and all stratum seeds; image datasets may overlap between split realizations
mura_A_cnn4_all3,mura,A,primary_extension,study,10,3,4,30,120,densenet121|efficientnet_b0|resnet18|resnet50,42|52|62,1,2,2,8,252,3780,0.4417989417989418,0.066666666666666666,0.73333333333333328,0.20000000000000001,0.66666666666666663,0.28015873015873016,0.62425044091710757,0.41851851851851851,0.45547433862433861,exact finite-grid descriptive distribution; not population CI,0,True,five held-out split IDs and all stratum seeds; image datasets may overlap between split realizations
mura_A_cnn4_all3,mura,A,primary_extension,study,10,3,4,30,120,densenet121|efficientnet_b0|resnet18|resnet50,42|52|62,1,3,3,12,252,1260,0.47619047619047616,0,0.80000000000000004,0.20000000000000001,0.80000000000000004,0.28650793650793649,0.61349206349206331,0.42063492063492064,0.47534285714285712,exact finite-grid descriptive distribution; not population CI,0,True,five held-out split IDs and all stratum seeds; image datasets may overlap between split realizations
mura_A_cnn4_all3,mura,A,primary_extension,study,10,3,4,30,120,densenet121|efficientnet_b0|resnet18|resnet50,42|52|62,2,1,2,8,252,7560,0.44470899470899472,0.13333333333333333,0.76666666666666672,0.16666666666666666,0.66666666666666663,0.29867724867724865,0.65855379188712504,0.39867724867724869,0.45444596560846562,exact finite-grid descriptive distribution; not population CI,0,True,five held-out split IDs and all stratum seeds; image datasets may overlap between split realizations
mura_A_cnn4_all3,mura,A,primary_extension,study,10,3,4,30,120,densenet121|efficientnet_b0|resnet18|resnet50,42|52|62,2,2,4,16,252,7560,0.47460317460317458,0.033333333333333333,0.83333333333333337,0.04250000000000001,0.76666666666666672,0.37552910052910049,0.73668430335097002,0.3968253968253968,0.47102810846560844,exact finite-grid descriptive distribution; not population CI,0,True,five held-out split IDs and all stratum seeds; image datasets may overlap between split realizations
mura_A_cnn4_all3,mura,A,primary_extension,study,10,3,4,30,120,densenet121|efficientnet_b0|resnet18|resnet50,42|52|62,2,3,6,24,252,2520,0.51190476190476186,0,0.90000000000000002,0,0.90000000000000002,0.401984126984127,0.75608465608465614,0.41507936507936505,0.49222341269841269,exact finite-grid descriptive distribution; not population CI,0,True,five held-out split IDs and all stratum seeds; image datasets may overlap between split realizations
mura_A_cnn4_all3,mura,A,primary_extension,study,10,3,4,30,120,densenet121|efficientnet_b0|resnet18|resnet50,42|52|62,3,1,3,12,252,7560,0.47261904761904761,0.033333333333333333,0.8666666666666667,0.10000000000000001,0.80000000000000004,0.32671957671957674,0.71022927689594362,0.39007936507936503,0.46797592592592596,exact finite-grid descriptive distribution; not population CI,0,True,five held-out split IDs and all stratum seeds; image datasets may overlap between split realizations
mura_A_cnn4_all3,mura,A,primary_extension,study,10,3,4,30,120,densenet121|efficientnet_b0|resnet18|resnet50,42|52|62,3,2,6,24,252,7560,0.51798941798941811,0,0.96666666666666667,0,0.93333333333333335,0.42724867724867721,0.76644620811287489,0.38941798941798939,0.49094305555555551,exact finite-grid descriptive distribution; not population CI,0,True,five held-out split IDs and all stratum seeds; image datasets may overlap between split realizations
mura_A_cnn4_all3,mura,A,primary_extension,study,10,3,4,30,120,densenet121|efficientnet_b0|resnet18|resnet50,42|52|62,3,3,9,36,252,2520,0.51349206349206356,0,1,0,0.90000000000000002,0.43333333333333335,0.78439153439153442,0.37619047619047619,0.48449980158730155,exact finite-grid descriptive distribution; not population CI,0,True,five held-out split IDs and all stratum seeds; image datasets may overlap between split realizations
mura_A_cnn4_all3,mura,A,primary_extension,study,10,3,4,30,120,densenet121|efficientnet_b0|resnet18|resnet50,42|52|62,4,1,4,16,252,3780,0.50185185185185188,0,0.93333333333333335,0.018333333333333358,0.91499999999999959,0.35846560846560838,0.74047619047619029,0.38597883597883598,0.47873544973544974,exact finite-grid descriptive distribution; not population CI,0,True,five held-out split IDs and all stratum seeds; image datasets may overlap between split realizations
mura_A_cnn4_all3,mura,A,primary_extension,study,10,3,4,30,120,densenet121|efficientnet_b0|resnet18|resnet50,42|52|62,4,2,8,32,252,3780,0.51693121693121702,0,1,0,1,0.43042328042328043,0.78104056437389757,0.35502645502645502,0.47756084656084646,exact finite-grid descriptive distribution; not population CI,0,True,five held-out split IDs and all stratum seeds; image datasets may overlap between split realizations
mura_A_cnn4_all3,mura,A,primary_extension,study,10,3,4,30,120,densenet121|efficientnet_b0|resnet18|resnet50,42|52|62,4,3,12,48,252,1260,0.53333333333333321,0,1,0,1,0.46984126984126984,0.8044973544973546,0.36031746031746031,0.48206468253968254,exact finite-grid descriptive distribution; not population CI,0,True,five held-out split IDs and all stratum seeds; image datasets may overlap between split realizations
mura_A_cnn4_all3,mura,A,primary_extension,study,10,3,4,30,120,densenet121|efficientnet_b0|resnet18|resnet50,42|52|62,5,1,5,20,252,756,0.51587301587301593,0,1,0,1,0.37566137566137564,0.76058201058201058,0.37301587301587302,0.47856084656084652,exact finite-grid descriptive distribution; not population CI,0,True,five held-out split IDs and all stratum seeds; image datasets may overlap between split realizations
mura_A_cnn4_all3,mura,A,primary_extension,study,10,3,4,30,120,densenet121|efficientnet_b0|resnet18|resnet50,42|52|62,5,2,10,40,252,756,0.53439153439153431,0,1,0,1,0.45105820105820105,0.7993827160493826,0.34126984126984128,0.47396362433862432,exact finite-grid descriptive distribution; not population CI,0,True,five held-out split IDs and all stratum seeds; image datasets may overlap between split realizations
mura_A_cnn4_all3,mura,A,primary_extension,study,10,3,4,30,120,densenet121|efficientnet_b0|resnet18|resnet50,42|52|62,5,3,15,60,252,252,0.5714285714285714,0,1,0,1,0.50793650793650791,0.82804232804232791,0.37301587301587302,0.49047817460317467,exact finite-grid descriptive distribution; not population CI,0,True,five held-out split IDs and all stratum seeds; image datasets may overlap between split realizations
