metric,stratum,abstract,results_section,table_id,csv_source,source_value,match_yes_no,action
single-context agreement rate,OrganAMNIST / A,0.44-0.62 range stated,"0.62 [0.48, 0.74]",Results 3.2 table,workflow_stability_interval_summary.csv,count=31/50; estimate=0.62; ci_method=wilson_95,yes,Retain; values match source table after rounding.
single-context top-model discordance rate,OrganAMNIST / A,0.38-0.56 range stated,"0.38 [0.26, 0.52]",Results 3.2 table,workflow_stability_interval_summary.csv,count=19/50; estimate=0.38; ci_method=wilson_95,yes,Retain; values match source table after rounding.
observed selection frequency of full-reference top model,OrganAMNIST / A,"0.62, 0.60, 0.52, 0.44 stated","0.62 [0.48, 0.74]",Results 3.2 text and Figure 1,workflow_stability_interval_summary.csv,model=resnet18; count=31/50; ci_method=existing_bootstrap_95,yes,"Retain; Figure 1 uses bootstrap CI from selection_probability_summary.csv, while the text reports the same point estimates."
paired bootstrap selection frequency of full-reference top model,OrganAMNIST / A,"0.99, 0.83, 0.96, 0.57 stated",0.99,Results 3.2 text; Supplementary Table S10,paired_context_bootstrap_selection_probability.csv,model=resnet18; probability=0.9875; CI=0.9851276180946895-0.9894979834939008; interval_type=monte_carlo_wilson_95,yes,Retain; Monte Carlo Wilson 95% CIs have been added to the v0.3 manuscript text.
full-reference top-two margin,OrganAMNIST / A,0.0002-0.0023 full-reference range stated,0.0006,Results 3.1 model-level table; Figure 2 diamond,model_level_performance_table.csv,0.0005885546925471496,yes,Retain; this is the full repeated-evaluation reference margin.
single-context mean top-two margin,OrganAMNIST / A,Not used for the abstract range,0.0015,Results 3.3 text; Figure 2 boxplot,top_two_gap_instability_summary.csv,mean=0.00146590539393741; sd=0.0010559425050007654; contexts=50,explained,Clarify in v0.3 that this value is averaged across the 50 single split-seed contexts.
single-context agreement rate,OrganAMNIST / B,0.44-0.62 range stated,"0.60 [0.46, 0.72]",Results 3.2 table,workflow_stability_interval_summary.csv,count=30/50; estimate=0.6; ci_method=wilson_95,yes,Retain; values match source table after rounding.
single-context top-model discordance rate,OrganAMNIST / B,0.38-0.56 range stated,"0.40 [0.28, 0.54]",Results 3.2 table,workflow_stability_interval_summary.csv,count=20/50; estimate=0.4; ci_method=wilson_95,yes,Retain; values match source table after rounding.
observed selection frequency of full-reference top model,OrganAMNIST / B,"0.62, 0.60, 0.52, 0.44 stated","0.60 [0.46, 0.72]",Results 3.2 text and Figure 1,workflow_stability_interval_summary.csv,model=resnet50; count=30/50; ci_method=existing_bootstrap_95,yes,"Retain; Figure 1 uses bootstrap CI from selection_probability_summary.csv, while the text reports the same point estimates."
paired bootstrap selection frequency of full-reference top model,OrganAMNIST / B,"0.99, 0.83, 0.96, 0.57 stated",0.83,Results 3.2 text; Supplementary Table S10,paired_context_bootstrap_selection_probability.csv,model=resnet50; probability=0.8284; CI=0.8208845382760992-0.8356632515940405; interval_type=monte_carlo_wilson_95,yes,Retain; Monte Carlo Wilson 95% CIs have been added to the v0.3 manuscript text.
full-reference top-two margin,OrganAMNIST / B,0.0002-0.0023 full-reference range stated,0.0002,Results 3.1 model-level table; Figure 2 diamond,model_level_performance_table.csv,0.00016475878664046206,yes,Retain; this is the full repeated-evaluation reference margin.
single-context mean top-two margin,OrganAMNIST / B,Not used for the abstract range,0.0010,Results 3.3 text; Figure 2 boxplot,top_two_gap_instability_summary.csv,mean=0.0009532142594691995; sd=0.0007710255986310119; contexts=50,explained,Clarify in v0.3 that this value is averaged across the 50 single split-seed contexts.
single-context agreement rate,SIPaKMeD / A,0.44-0.62 range stated,"0.52 [0.39, 0.65]",Results 3.2 table,workflow_stability_interval_summary.csv,count=26/50; estimate=0.52; ci_method=wilson_95,yes,Retain; values match source table after rounding.
single-context top-model discordance rate,SIPaKMeD / A,0.38-0.56 range stated,"0.48 [0.35, 0.61]",Results 3.2 table,workflow_stability_interval_summary.csv,count=24/50; estimate=0.48; ci_method=wilson_95,yes,Retain; values match source table after rounding.
observed selection frequency of full-reference top model,SIPaKMeD / A,"0.62, 0.60, 0.52, 0.44 stated","0.52 [0.38, 0.66]",Results 3.2 text and Figure 1,workflow_stability_interval_summary.csv,model=resnet18; count=26/50; ci_method=existing_bootstrap_95,yes,"Retain; Figure 1 uses bootstrap CI from selection_probability_summary.csv, while the text reports the same point estimates."
paired bootstrap selection frequency of full-reference top model,SIPaKMeD / A,"0.99, 0.83, 0.96, 0.57 stated",0.96,Results 3.2 text; Supplementary Table S10,paired_context_bootstrap_selection_probability.csv,model=resnet18; probability=0.9616; CI=0.9576530344728916-0.9651924582312997; interval_type=monte_carlo_wilson_95,yes,Retain; Monte Carlo Wilson 95% CIs have been added to the v0.3 manuscript text.
full-reference top-two margin,SIPaKMeD / A,0.0002-0.0023 full-reference range stated,0.0023,Results 3.1 model-level table; Figure 2 diamond,model_level_performance_table.csv,0.00228979136956442,yes,Retain; this is the full repeated-evaluation reference margin.
single-context mean top-two margin,SIPaKMeD / A,Not used for the abstract range,0.0067,Results 3.3 text; Figure 2 boxplot,top_two_gap_instability_summary.csv,mean=0.006660769563184745; sd=0.005781898466888046; contexts=50,explained,Clarify in v0.3 that this value is averaged across the 50 single split-seed contexts.
single-context agreement rate,SIPaKMeD / B,0.44-0.62 range stated,"0.44 [0.31, 0.58]",Results 3.2 table,workflow_stability_interval_summary.csv,count=22/50; estimate=0.44; ci_method=wilson_95,yes,Retain; values match source table after rounding.
single-context top-model discordance rate,SIPaKMeD / B,0.38-0.56 range stated,"0.56 [0.42, 0.69]",Results 3.2 table,workflow_stability_interval_summary.csv,count=28/50; estimate=0.56; ci_method=wilson_95,yes,Retain; values match source table after rounding.
observed selection frequency of full-reference top model,SIPaKMeD / B,"0.62, 0.60, 0.52, 0.44 stated","0.44 [0.30, 0.58]",Results 3.2 text and Figure 1,workflow_stability_interval_summary.csv,model=resnet50; count=22/50; ci_method=existing_bootstrap_95,yes,"Retain; Figure 1 uses bootstrap CI from selection_probability_summary.csv, while the text reports the same point estimates."
paired bootstrap selection frequency of full-reference top model,SIPaKMeD / B,"0.99, 0.83, 0.96, 0.57 stated",0.57,Results 3.2 text; Supplementary Table S10,paired_context_bootstrap_selection_probability.csv,model=resnet50; probability=0.5748; CI=0.5650835562693929-0.5844589975743538; interval_type=monte_carlo_wilson_95,yes,Retain; Monte Carlo Wilson 95% CIs have been added to the v0.3 manuscript text.
full-reference top-two margin,SIPaKMeD / B,0.0002-0.0023 full-reference range stated,0.0002,Results 3.1 model-level table; Figure 2 diamond,model_level_performance_table.csv,0.00023275094019881148,yes,Retain; this is the full repeated-evaluation reference margin.
single-context mean top-two margin,SIPaKMeD / B,Not used for the abstract range,0.0068,Results 3.3 text; Figure 2 boxplot,top_two_gap_instability_summary.csv,mean=0.006769206714524392; sd=0.004338147684581479; contexts=50,explained,Clarify in v0.3 that this value is averaged across the 50 single split-seed contexts.
checkpoint-rule B-minus-A mean difference range,All checkpoint-paired comparisons,Not in abstract,0.0008-0.0052,Results 3.5 text,checkpoint_policy_paired_effects.csv,min=0.0007803359753127; max=0.005217428812904,yes,Retain; values match source table after rounding.
checkpoint-rule CI crossing zero,All checkpoint-paired comparisons,Not in abstract,Only SIPaKMeD/EfficientNet-B0 crosses zero,Results 3.5 text,checkpoint_policy_paired_effects.csv,sipakmed/efficientnet_b0,yes,Retain; only one bootstrap CI crosses zero.
checkpoint-rule paired Cohen dz range,All checkpoint-paired comparisons,Not in abstract,0.2386-1.0531,Results 3.5 text,checkpoint_policy_paired_effects.csv,min=0.23856208554584005; max=1.0530707246733029,yes,Retain; values match source table after rounding.
checkpoint-rule direction consistency range,All checkpoint-paired comparisons,Not in abstract,0.46-0.90,Results 3.5 text,checkpoint_policy_paired_effects.csv,min=0.46; max=0.9,yes,Retain; values match source table after rounding.
checkpoint rule A selected-epoch median range,All rule-A model strata,Not in abstract,9.0-56.0,Results 3.5 text,checkpoint_policy_epoch_distribution.csv,min=9.0; max=56.0,yes,Retain; range is across the eight dataset-model rule-A medians.
fallback variance-component proportions,OrganAMNIST / A,0.17 / 0.25 / 0.36 / 0.34 model-by-split examples stated,model:split=0.1662; split=0.1033; Residual=0.7305,Results 3.3 text,mixed_effects_sensitivity_variance_components.csv,model:split=0.1662; split=0.1033; Residual=0.7305,yes,Retain; proportions match fallback model variance-component source after rounding.
fallback variance-component proportions,OrganAMNIST / B,0.17 / 0.25 / 0.36 / 0.34 model-by-split examples stated,model:split=0.2478; split=0.1275; Residual=0.6247,Results 3.3 text,mixed_effects_sensitivity_variance_components.csv,model:split=0.2478; split=0.1275; Residual=0.6247,yes,Retain; proportions match fallback model variance-component source after rounding.
fallback variance-component proportions,SIPaKMeD / A,0.17 / 0.25 / 0.36 / 0.34 model-by-split examples stated,model:split=0.3622; split=0.1179; Residual=0.5199,Results 3.3 text,mixed_effects_sensitivity_variance_components.csv,model:split=0.3622; split=0.1179; Residual=0.5199,yes,Retain; proportions match fallback model variance-component source after rounding.
fallback variance-component proportions,SIPaKMeD / B,0.17 / 0.25 / 0.36 / 0.34 model-by-split examples stated,model:split=0.3411; split=0.1591; Residual=0.4998,Results 3.3 text,mixed_effects_sensitivity_variance_components.csv,model:split=0.3411; split=0.1591; Residual=0.4998,yes,Retain; proportions match fallback model variance-component source after rounding.
5-split by 3-seed subsampling recovery rate,OrganAMNIST / A,0.91 for OrganAMNIST/A and 0.54 for SIPaKMeD/B stated,0.91,Abstract and Results 3.4 table,subsampling_resource_stability_summary.csv,probability=0.9099206349206349; CI=0.8981098531450084-0.9204835623722135,yes,Retain; values match source table after rounding.
5-split by 3-seed subsampling recovery rate,SIPaKMeD / B,0.91 for OrganAMNIST/A and 0.54 for SIPaKMeD/B stated,0.54,Abstract and Results 3.4 table,subsampling_resource_stability_summary.csv,probability=0.5416666666666666; CI=0.5221641475916389-0.5610423467252131,yes,Retain; values match source table after rounding.
