Stratum,Model,Mean BA,Context SD,95% crossed CI
OrganAMNIST / A (10×5; 4 models),DenseNet-121,0.9904,0.0018,"[0.9895, 0.9913]"
OrganAMNIST / A (10×5; 4 models),EfficientNet-B0,0.9620,0.0030,"[0.9606, 0.9635]"
OrganAMNIST / A (10×5; 4 models),ResNet-18,0.9948,0.0015,"[0.9940, 0.9954]"
OrganAMNIST / A (10×5; 4 models),ResNet-50,0.9942,0.0015,"[0.9935, 0.9949]"
OrganAMNIST / B (10×5; 4 models),DenseNet-121,0.9921,0.0015,"[0.9913, 0.9928]"
OrganAMNIST / B (10×5; 4 models),EfficientNet-B0,0.9628,0.0023,"[0.9616, 0.9640]"
OrganAMNIST / B (10×5; 4 models),ResNet-18,0.9960,0.0009,"[0.9956, 0.9965]"
OrganAMNIST / B (10×5; 4 models),ResNet-50,0.9962,0.0013,"[0.9956, 0.9968]"
SIPaKMeD / A (10×5; 4 models),DenseNet-121,0.9570,0.0092,"[0.9523, 0.9621]"
SIPaKMeD / A (10×5; 4 models),EfficientNet-B0,0.9462,0.0077,"[0.9421, 0.9507]"
SIPaKMeD / A (10×5; 4 models),ResNet-18,0.9659,0.0064,"[0.9628, 0.9690]"
SIPaKMeD / A (10×5; 4 models),ResNet-50,0.9636,0.0076,"[0.9598, 0.9675]"
SIPaKMeD / B (10×5; 4 models),DenseNet-121,0.9611,0.0086,"[0.9563, 0.9657]"
SIPaKMeD / B (10×5; 4 models),EfficientNet-B0,0.9476,0.0074,"[0.9436, 0.9517]"
SIPaKMeD / B (10×5; 4 models),ResNet-18,0.9686,0.0063,"[0.9654, 0.9716]"
SIPaKMeD / B (10×5; 4 models),ResNet-50,0.9688,0.0067,"[0.9652, 0.9722]"
ISIC2019 / A (10×3; 4 models),DenseNet-121,0.4619,0.0190,"[0.4514, 0.4732]"
ISIC2019 / A (10×3; 4 models),EfficientNet-B0,0.4488,0.0204,"[0.4377, 0.4614]"
ISIC2019 / A (10×3; 4 models),ResNet-18,0.4652,0.0260,"[0.4498, 0.4828]"
ISIC2019 / A (10×3; 4 models),ResNet-50,0.5077,0.0259,"[0.4908, 0.5250]"
MURA / A (10×3; 4 models),DenseNet-121,0.7873,0.0100,"[0.7805, 0.7928]"
MURA / A (10×3; 4 models),EfficientNet-B0,0.7715,0.0075,"[0.7670, 0.7755]"
MURA / A (10×3; 4 models),ResNet-18,0.7762,0.0150,"[0.7678, 0.7835]"
MURA / A (10×3; 4 models),ResNet-50,0.7896,0.0166,"[0.7790, 0.7999]"
