stage,dataset,model,checkpoint_policy,variant,gpu_model,timing_scope,runs,per_run_seconds_mean,per_run_seconds_SD,per_run_seconds_median,per_run_seconds_min,per_run_seconds_max,interpretation
extension,isic2019,densenet121,A,shared,NVIDIA GeForce RTX 4090 D,after model/data-loader initialization through checkpoint hashing and metric export; perf_counter,30,652.25768087891242,50.774995969557018,647.36914133839309,575.39892803132534,764.37101880460978,"Observed wall-clock per run within recorded host/scope; not hardware comparison, parallel calendar time, GPU-hour normalization, or future runtime forecast"
extension,isic2019,efficientnet_b0,A,shared,NVIDIA GeForce RTX 4090 D,after model/data-loader initialization through checkpoint hashing and metric export; perf_counter,30,1551.9433709659925,203.13552986649924,1545.1348828170449,1086.8648246414959,2013.3598169274628,"Observed wall-clock per run within recorded host/scope; not hardware comparison, parallel calendar time, GPU-hour normalization, or future runtime forecast"
extension,isic2019,resnet18,A,shared,NVIDIA GeForce RTX 4090 D,after model/data-loader initialization through checkpoint hashing and metric export; perf_counter,30,528.05699510996544,56.002847369791766,525.84408788196743,452.09982729330659,640.88111861422658,"Observed wall-clock per run within recorded host/scope; not hardware comparison, parallel calendar time, GPU-hour normalization, or future runtime forecast"
extension,isic2019,resnet50,A,shared,NVIDIA GeForce RTX 4090 D,after model/data-loader initialization through checkpoint hashing and metric export; perf_counter,30,535.04345426236591,59.411727108681788,524.92969111725688,455.49337926134461,668.50711508467793,"Observed wall-clock per run within recorded host/scope; not hardware comparison, parallel calendar time, GPU-hour normalization, or future runtime forecast"
extension,isic2019,swin_t,A,shared,NVIDIA GeForce RTX 4090 D,after model/data-loader initialization through checkpoint hashing and metric export; perf_counter,15,588.97145425304768,38.931959063486929,589.70322626084089,514.0993567854166,641.59116239473224,"Observed wall-clock per run within recorded host/scope; not hardware comparison, parallel calendar time, GPU-hour normalization, or future runtime forecast"
extension,isic2019,swin_t,A,swin_weight_eval,NVIDIA GeForce RTX 4090 D,after model/data-loader initialization through checkpoint hashing and metric export; perf_counter,15,701.34924662460878,32.213444333827979,692.47155104205012,668.11274800822139,776.7814937196672,"Observed wall-clock per run within recorded host/scope; not hardware comparison, parallel calendar time, GPU-hour normalization, or future runtime forecast"
extension,mura,densenet121,A,shared,NVIDIA GeForce RTX 4090 D,after model/data-loader initialization through checkpoint hashing and metric export; perf_counter,30,685.85355191367364,89.549511761918765,675.37545108608902,524.55739451944828,906.33969333395362,"Observed wall-clock per run within recorded host/scope; not hardware comparison, parallel calendar time, GPU-hour normalization, or future runtime forecast"
extension,mura,efficientnet_b0,A,shared,NVIDIA GeForce RTX 4090 D,after model/data-loader initialization through checkpoint hashing and metric export; perf_counter,30,1727.7801853281755,267.85280243920243,1753.3556937482208,1197.6170853637159,2302.5333875901997,"Observed wall-clock per run within recorded host/scope; not hardware comparison, parallel calendar time, GPU-hour normalization, or future runtime forecast"
extension,mura,resnet18,A,shared,NVIDIA GeForce RTX 4090 D,after model/data-loader initialization through checkpoint hashing and metric export; perf_counter,30,568.5157041985542,83.644150824257011,548.49868232570589,449.3649667948485,778.16732779145241,"Observed wall-clock per run within recorded host/scope; not hardware comparison, parallel calendar time, GPU-hour normalization, or future runtime forecast"
extension,mura,resnet50,A,shared,NVIDIA GeForce RTX 4090 D,after model/data-loader initialization through checkpoint hashing and metric export; perf_counter,30,588.35202780899897,58.704748113363578,591.69926874153316,445.64700657129288,746.92580439150333,"Observed wall-clock per run within recorded host/scope; not hardware comparison, parallel calendar time, GPU-hour normalization, or future runtime forecast"
extension,mura,swin_t,A,shared,NVIDIA GeForce RTX 4090 D,after model/data-loader initialization through checkpoint hashing and metric export; perf_counter,15,735.2008338863651,89.264930491248435,735.46437252685428,596.46980436146259,904.12113168463122,"Observed wall-clock per run within recorded host/scope; not hardware comparison, parallel calendar time, GPU-hour normalization, or future runtime forecast"
extension,mura,swin_t,A,swin_weight_eval,NVIDIA GeForce RTX 4090 D,after model/data-loader initialization through checkpoint hashing and metric export; perf_counter,15,780.60021524255478,91.962213736228392,752.69381460547447,659.41851424053311,938.22252191230643,"Observed wall-clock per run within recorded host/scope; not hardware comparison, parallel calendar time, GPU-hour normalization, or future runtime forecast"
original,organamnist,densenet121,A,submitted,NVIDIA GeForce RTX 5070 Ti,run entry through output export; wall-clock UTC difference,50,1696.74,292.70071153075844,1645.5,1188,2414,"Observed wall-clock per run within recorded host/scope; not hardware comparison, parallel calendar time, GPU-hour normalization, or future runtime forecast"
original,organamnist,densenet121,B,submitted,NVIDIA GeForce RTX 5070 Ti,run entry through output export; wall-clock UTC difference,50,2712.1799999999998,12.981446729223604,2706,2694,2744,"Observed wall-clock per run within recorded host/scope; not hardware comparison, parallel calendar time, GPU-hour normalization, or future runtime forecast"
original,organamnist,efficientnet_b0,A,submitted,NVIDIA GeForce RTX 5070 Ti,run entry through output export; wall-clock UTC difference,50,1385.5,116.01833950734175,1458.5,1051,1489,"Observed wall-clock per run within recorded host/scope; not hardware comparison, parallel calendar time, GPU-hour normalization, or future runtime forecast"
original,organamnist,efficientnet_b0,B,submitted,NVIDIA GeForce RTX 5070 Ti,run entry through output export; wall-clock UTC difference,50,1454.5999999999999,44.043114312765795,1467,1325,1488,"Observed wall-clock per run within recorded host/scope; not hardware comparison, parallel calendar time, GPU-hour normalization, or future runtime forecast"
original,organamnist,resnet18,A,submitted,NVIDIA GeForce RTX 5070 Ti,run entry through output export; wall-clock UTC difference,50,654.12,102.54369700726789,647,451,903,"Observed wall-clock per run within recorded host/scope; not hardware comparison, parallel calendar time, GPU-hour normalization, or future runtime forecast"
original,organamnist,resnet18,B,submitted,NVIDIA GeForce RTX 5070 Ti,run entry through output export; wall-clock UTC difference,50,1280.48,15.745734764224485,1283,1239,1316,"Observed wall-clock per run within recorded host/scope; not hardware comparison, parallel calendar time, GPU-hour normalization, or future runtime forecast"
original,organamnist,resnet50,A,submitted,NVIDIA GeForce RTX 5070 Ti,run entry through output export; wall-clock UTC difference,50,1200.3,226.50821042018561,1171.5,707,1903,"Observed wall-clock per run within recorded host/scope; not hardware comparison, parallel calendar time, GPU-hour normalization, or future runtime forecast"
original,organamnist,resnet50,B,submitted,NVIDIA GeForce RTX 5070 Ti,run entry through output export; wall-clock UTC difference,50,2561.5999999999999,10.540495283255417,2558,2550,2615,"Observed wall-clock per run within recorded host/scope; not hardware comparison, parallel calendar time, GPU-hour normalization, or future runtime forecast"
original,sipakmed,densenet121,A,submitted,NVIDIA GeForce RTX 3060,run entry through output export; wall-clock UTC difference,50,375.13999999999999,96.96222912841381,350.5,246,646,"Observed wall-clock per run within recorded host/scope; not hardware comparison, parallel calendar time, GPU-hour normalization, or future runtime forecast"
original,sipakmed,densenet121,B,submitted,NVIDIA GeForce RTX 3060,run entry through output export; wall-clock UTC difference,50,1036.9000000000001,59.802822266348002,1044,921,1248,"Observed wall-clock per run within recorded host/scope; not hardware comparison, parallel calendar time, GPU-hour normalization, or future runtime forecast"
original,sipakmed,efficientnet_b0,A,submitted,NVIDIA GeForce RTX 3060,run entry through output export; wall-clock UTC difference,50,692.15999999999997,97.490210916223774,711.5,471,948,"Observed wall-clock per run within recorded host/scope; not hardware comparison, parallel calendar time, GPU-hour normalization, or future runtime forecast"
original,sipakmed,efficientnet_b0,B,submitted,NVIDIA GeForce RTX 3060,run entry through output export; wall-clock UTC difference,50,767.01999999999998,69.346067969692058,752,701,1026,"Observed wall-clock per run within recorded host/scope; not hardware comparison, parallel calendar time, GPU-hour normalization, or future runtime forecast"
original,sipakmed,resnet18,A,submitted,NVIDIA GeForce RTX 3060,run entry through output export; wall-clock UTC difference,50,227.80000000000001,72.365004508747319,209.5,114,455,"Observed wall-clock per run within recorded host/scope; not hardware comparison, parallel calendar time, GPU-hour normalization, or future runtime forecast"
original,sipakmed,resnet18,B,submitted,NVIDIA GeForce RTX 3060,run entry through output export; wall-clock UTC difference,50,747.82000000000005,54.831351824090035,742,699,1000,"Observed wall-clock per run within recorded host/scope; not hardware comparison, parallel calendar time, GPU-hour normalization, or future runtime forecast"
original,sipakmed,resnet50,A,submitted,NVIDIA GeForce RTX 3060,run entry through output export; wall-clock UTC difference,50,277.83999999999997,76.683116839127393,279,160,438,"Observed wall-clock per run within recorded host/scope; not hardware comparison, parallel calendar time, GPU-hour normalization, or future runtime forecast"
original,sipakmed,resnet50,B,submitted,NVIDIA GeForce RTX 3060,run entry through output export; wall-clock UTC difference,50,1042.1199999999999,60.550751187642256,1052,935,1275,"Observed wall-clock per run within recorded host/scope; not hardware comparison, parallel calendar time, GPU-hour normalization, or future runtime forecast"
