grp,var1,var2,vcov,sdcor,dataset,checkpoint_policy,variance_proportion
model:split,(Intercept),NA,2.2724320432733e-05,0.00476700329690813,sipakmed,A,0.362230957161758
split,(Intercept),NA,7.39660673025077e-06,0.00271967033484773,sipakmed,A,0.117903632963584
Residual,NA,NA,3.26134139623256e-05,0.00571081552515274,sipakmed,A,0.519865409874658
model:split,(Intercept),NA,1.90141375996205e-05,0.00436052033587971,sipakmed,B,0.341075968546228
split,(Intercept),NA,8.8708429504588e-06,0.00297839603653691,sipakmed,B,0.159125352664409
Residual,NA,NA,2.7862534235746e-05,0.0052784973463805,sipakmed,B,0.499798678789363
model:split,(Intercept),NA,7.15960991547394e-07,0.000846144781670013,organamnist,A,0.166191557061367
split,(Intercept),NA,4.45112411490831e-07,0.000667167453860597,organamnist,A,0.103321166385228
Residual,NA,NA,3.14697331249391e-06,0.00177397105740029,organamnist,A,0.730487276553405
model:split,(Intercept),NA,6.48466466390652e-07,0.000805274156042929,organamnist,B,0.247777756246717
split,(Intercept),NA,3.33696768272887e-07,0.000577664927334945,organamnist,B,0.12750487618835
Residual,NA,NA,1.63496622931046e-06,0.00127865797980166,organamnist,B,0.624717367564933
