dataset,checkpoint_policy,split_count,seed_count,resource_budget,sample_count,exhaustive_sampling,full_reference_self_comparison,full_reference_top_model,recovered_full_reference_probability,recovered_full_reference_ci_low,recovered_full_reference_ci_high,top_model_counts,selection_entropy,normalized_selection_entropy,effective_number_of_top_models,ranking_correlation_mean,ranking_correlation_sd,ranking_correlation_median,top_two_gap_mean,top_two_gap_sd,top_two_gap_ci_low,top_two_gap_ci_high,top_two_gap_ci_width
organamnist,A,1,1,1_splits_x_1_seeds,50,True,False,resnet18,0.62,0.48150446930992974,0.7413721068980641,"{""resnet18"": 31, ""resnet50"": 19}",0.6640641265641081,0.4790210111131499,1.9426715755958301,0.9,0.14142135623730953,1.0,0.00146590539393741,0.0010559425050007654,5.3972873828447844e-05,0.003513632287627377,0.003459659413798929
organamnist,A,1,3,1_splits_x_3_seeds,100,True,False,resnet18,0.69,0.5937394428051057,0.7722030278762395,"{""resnet18"": 69, ""resnet50"": 31}",0.6191006644255871,0.4465867291889284,1.8572569932573866,0.938,0.09296463974234637,1.0,0.0009968366900564652,0.0007160689447104003,0.00010515719833945059,0.0028967525820445946,0.002791595383705144
organamnist,A,3,1,3_splits_x_1_seeds,600,True,False,resnet18,0.7066666666666667,0.6690140766329079,0.7416897536147625,"{""resnet18"": 424, ""resnet50"": 176}",0.6051093749743717,0.43649414723547314,1.8314525130031174,0.9406666666666669,0.09143388767436088,1.0,0.0010161256469283161,0.0006892914688857191,7.279719988846635e-05,0.002551346239942051,0.0024785490400535846
organamnist,A,3,3,3_splits_x_3_seeds,1200,True,False,resnet18,0.8333333333333334,0.8111906267494204,0.8533487061820897,"{""resnet18"": 1000, ""resnet50"": 200}",0.45056120886630463,0.32501121082417705,1.5691925832141966,0.9666666666666667,0.07456667517348203,1.0,0.0006905963800799888,0.000460266700434285,2.617146098327361e-05,0.0017234235517459891,0.0016972520907627155
organamnist,A,5,3,5_splits_x_3_seeds,2520,True,False,resnet18,0.9099206349206349,0.8981098531450084,0.9204835623722135,"{""resnet18"": 2293, ""resnet50"": 227}",0.30272140647314627,0.21836733594487015,1.3535373251732998,0.981984126984127,0.05727045025180273,1.0,0.0006243943955945391,0.00036909930210647245,3.708669217560301e-05,0.001352216132672518,0.001315129440496915
organamnist,A,10,5,10_splits_x_5_seeds,1,True,True,resnet18,1.0,1.0,1.0,"{""resnet18"": 1}",-0.0,-0.0,1.0,1.0,0.0,1.0,0.0005885546925471496,0.0,0.0005885546925471496,0.0005885546925471496,0.0
organamnist,B,1,1,1_splits_x_1_seeds,50,True,False,resnet50,0.6,0.4618143774758936,0.7239161026974346,"{""resnet18"": 20, ""resnet50"": 30}",0.6730116670092565,0.4854752972273344,1.9601317042077895,0.9199999999999998,0.09897433186107873,1.0,0.0009532142594691995,0.0007710255986310119,5.013093860564144e-05,0.002669988420645122,0.0026198574820394806
organamnist,B,1,3,1_splits_x_3_seeds,100,True,False,resnet50,0.6,0.5020025867910618,0.6905987135675411,"{""resnet18"": 40, ""resnet50"": 60}",0.6730116670092565,0.4854752972273344,1.9601317042077895,0.9199999999999998,0.09847319278346622,1.0,0.0005156114950366086,0.00044549685403966216,3.5749652222361044e-06,0.0015780415518543947,0.0015744665866321587
organamnist,B,3,1,3_splits_x_1_seeds,600,True,False,resnet50,0.6133333333333333,0.5737634979850633,0.6514611831184979,"{""resnet18"": 232, ""resnet50"": 368}",0.6672336694282288,0.48130735299912586,1.9488387247845096,0.9226666666666665,0.0974785052573176,1.0,0.0005222230897629924,0.00038800616189745,1.5983404948272105e-05,0.0014127653933066614,0.0013967819883583892
organamnist,B,3,3,3_splits_x_3_seeds,1200,True,False,resnet50,0.6575,0.630186114168433,0.6838087206417055,"{""resnet18"": 411, ""resnet50"": 789}",0.642679803854969,0.46359548295052777,1.9015698918083528,0.9315000000000001,0.09494873732142228,1.0,0.00029444713793359194,0.0002367213215704044,1.5329678158537696e-05,0.0008718136686282041,0.0008564839904696664
organamnist,B,5,3,5_splits_x_3_seeds,2520,True,False,resnet50,0.7507936507936508,0.7335320991238509,0.7672917523832975,"{""resnet18"": 628, ""resnet50"": 1892}",0.5614615492326123,0.40500889636386217,1.7532330650854082,0.95015873015873,0.08652787325202364,1.0,0.0002217142840741995,0.00017208781192543243,7.70865683418498e-06,0.0006423918299068522,0.0006346831730726672
organamnist,B,10,5,10_splits_x_5_seeds,1,True,True,resnet50,1.0,1.0,1.0,"{""resnet50"": 1}",-0.0,-0.0,1.0,1.0,0.0,1.0,0.00016475878664046206,0.0,0.00016475878664046206,0.00016475878664046206,0.0
sipakmed,A,1,1,1_splits_x_1_seeds,50,True,False,resnet18,0.52,0.38511744890044614,0.6520286471342196,"{""densenet121"": 5, ""resnet18"": 26, ""resnet50"": 19}",0.9379822023303179,0.676611135872029,2.55482110177715,0.696,0.3288570187414436,0.7999999999999999,0.006660769563184745,0.005781898466888046,0.0001361987355152805,0.020603695369282537,0.020467496633767256
sipakmed,A,1,3,1_splits_x_3_seeds,100,True,False,resnet18,0.6,0.5020025867910618,0.6905987135675411,"{""densenet121"": 7, ""resnet18"": 60, ""resnet50"": 33}",0.8585022429370206,0.6192784642386459,2.359623902374107,0.7960000000000003,0.25894892441279893,1.0,0.005304544699059919,0.0037892520878958767,3.452311921740836e-05,0.014242727508090499,0.01420820438887309
sipakmed,A,3,1,3_splits_x_1_seeds,600,True,False,resnet18,0.6333333333333333,0.594039718833861,0.6709304942291522,"{""densenet121"": 26, ""resnet18"": 380, ""resnet50"": 194}",0.7903628737484661,0.570126299229831,2.204196126062747,0.8736666666666667,0.17746091452070914,1.0,0.004156891268259983,0.0033845492179138126,5.5557201880335206e-05,0.012696760575466755,0.01264120337358642
sipakmed,A,3,3,3_splits_x_3_seeds,1200,True,False,resnet18,0.7408333333333333,0.7153007372088895,0.7648289308341265,"{""densenet121"": 5, ""resnet18"": 889, ""resnet50"": 306}",0.5935262748332082,0.4281387066695847,1.810361003491594,0.9335,0.11585451461695806,1.0,0.0032270521411877982,0.002407040447113083,0.00013213880874219652,0.009075354378974073,0.008943215570231876
sipakmed,A,5,3,5_splits_x_3_seeds,2520,True,False,resnet18,0.8369047619047619,0.8219691431668196,0.8508147965951566,"{""resnet18"": 2109, ""resnet50"": 411}",0.44476703257384675,0.3208315961225944,1.560126694791801,0.9670634920634921,0.07419347967355223,1.0,0.0026533918495884198,0.001869917187637658,0.0001051249204716137,0.0069225078313949005,0.006817382910923287
sipakmed,A,10,5,10_splits_x_5_seeds,1,True,True,resnet18,1.0,1.0,1.0,"{""resnet18"": 1}",-0.0,-0.0,1.0,1.0,0.0,1.0,0.00228979136956442,0.0,0.00228979136956442,0.00228979136956442,0.0
sipakmed,B,1,1,1_splits_x_1_seeds,50,True,False,resnet50,0.44,0.3116219921125717,0.5769397197834315,"{""densenet121"": 6, ""resnet18"": 22, ""resnet50"": 22}",0.9768945101654615,0.7046804326436822,2.6561946349633807,0.7479999999999998,0.22789184688696307,0.7999999999999999,0.006769206714524392,0.004338147684581479,0.0005452439937873617,0.016373958844174523,0.01582871485038716
sipakmed,B,1,3,1_splits_x_3_seeds,100,True,False,resnet50,0.47,0.3751081795934127,0.5671114302990063,"{""densenet121"": 3, ""resnet18"": 50, ""resnet50"": 47}",0.8066309418102475,0.5818612297886191,2.240347397048756,0.7979999999999998,0.18089563931513752,0.7999999999999999,0.0047997031446517955,0.003387603790428798,0.0004737744794875931,0.01190518756766381,0.011431413088176216
sipakmed,B,3,1,3_splits_x_1_seeds,600,True,False,resnet50,0.5133333333333333,0.473382466464604,0.5531145548416971,"{""densenet121"": 14, ""resnet18"": 278, ""resnet50"": 308}",0.7864359795886936,0.5672936438646312,2.1955574538451073,0.8556666666666666,0.17421770452465107,0.7999999999999999,0.003698605511226054,0.0028083299643945963,9.090765376040535e-05,0.010367263031484206,0.010276355377723801
sipakmed,B,3,3,3_splits_x_3_seeds,1200,True,False,resnet50,0.5216666666666666,0.49337950334882186,0.5498155532917263,"{""densenet121"": 1, ""resnet18"": 573, ""resnet50"": 626}",0.6983344624542521,0.5037418329323048,2.01040151826874,0.9008333333333334,0.10774497531351514,1.0,0.002657060727841395,0.0018902421776276507,0.00014430600721306586,0.006927219854374988,0.006782913847161923
sipakmed,B,5,3,5_splits_x_3_seeds,2520,True,False,resnet50,0.5416666666666666,0.5221641475916389,0.5610423467252131,"{""resnet18"": 1155, ""resnet50"": 1365}",0.6896709283570267,0.497492414092985,1.9930595659329764,0.9083333333333333,0.09967195100224482,1.0,0.0018291340325884689,0.0013255195713614567,7.545694055310359e-05,0.004917418478517223,0.004841961537964119
sipakmed,B,10,5,10_splits_x_5_seeds,1,True,True,resnet50,1.0,1.0,1.0,"{""resnet50"": 1}",-0.0,-0.0,1.0,1.0,0.0,1.0,0.00023275094019881148,0.0,0.00023275094019881148,0.00023275094019881148,0.0
