stratum,dataset,checkpoint_policy,role,endpoint_unit,splits,seeds,models,contexts,runs,candidate_pool,seed_ids,model_1,model_2,mean_paired_BA_difference_model1_minus_model2,paired_CI_low,paired_CI_high,sign_flip_p_raw_conditional,sign_assignments,minimum_two_sided_p,multiplicity_family,p_value_scope,holm_p_within_stratum,holm_p_all_36_primary_BA_comparisons,nested_CI_low,nested_CI_high,nested_interval_includes_zero,crossed_interval_includes_zero,zero_inclusion_changed,crossed_minus_nested_width,bootstrap_replicates,resampling,statistical_target,rng_seed,draw_source,draw_source_sha256,pair_arithmetic_max_abs_error,pair_arithmetic_error_bound,p_value_source
organamnist_A_cnn4_all5,organamnist,A,primary_original,image,10,5,4,50,200,densenet121|efficientnet_b0|resnet18|resnet50,42|52|62|72|82,densenet121,efficientnet_b0,0.028383462884094462,0.026750537691787511,0.030054062925349404,0.001953125,1024,0.001953125,organamnist_A_cnn4_all5: all paired model BA differences,sensitivity conditional on independent sign symmetry of split-average differences; not external-population proof,0.01171875,0.0703125,0.026891980683820718,0.029929215003118615,False,False,False,0.00026629091426399673,10000,paired crossed split-seed,mean BA difference between two fixed candidate models,12998921932714279033,research-lab/experiments/registered-workflow/extensions/jiim_2026_major_revision/analysis/results_v2.1.1_agreement/organamnist_A_cnn4_all5_draws_v2.1.1.npz,8e5a03247f4c20daa67d3ed9a273e976c67d3138cf474d707d624d90881ffe47,1.6514567491299204e-15,4.4408920985006262e-14,Retained split-level sign-flip enumeration; not derived from bootstrap CI
organamnist_A_cnn4_all5,organamnist,A,primary_original,image,10,5,4,50,200,densenet121|efficientnet_b0|resnet18|resnet50,42|52|62|72|82,densenet121,resnet18,-0.0044013561181385392,-0.0054382109473560371,-0.0035376420224490336,0.001953125,1024,0.001953125,organamnist_A_cnn4_all5: all paired model BA differences,sensitivity conditional on independent sign symmetry of split-average differences; not external-population proof,0.01171875,0.0703125,-0.0051963721648534134,-0.0036166826932340804,False,False,False,0.00032087945328767046,10000,paired crossed split-seed,mean BA difference between two fixed candidate models,12998921932714279033,research-lab/experiments/registered-workflow/extensions/jiim_2026_major_revision/analysis/results_v2.1.1_agreement/organamnist_A_cnn4_all5_draws_v2.1.1.npz,8e5a03247f4c20daa67d3ed9a273e976c67d3138cf474d707d624d90881ffe47,1.618497003086361e-15,4.4408920985006262e-14,Retained split-level sign-flip enumeration; not derived from bootstrap CI
organamnist_A_cnn4_all5,organamnist,A,primary_original,image,10,5,4,50,200,densenet121|efficientnet_b0|resnet18|resnet50,42|52|62|72|82,densenet121,resnet50,-0.00381280142559141,-0.0049592488114496291,-0.002691681370957225,0.001953125,1024,0.001953125,organamnist_A_cnn4_all5: all paired model BA differences,sensitivity conditional on independent sign symmetry of split-average differences; not external-population proof,0.01171875,0.0703125,-0.0046447264034982392,-0.0029450606123919481,False,False,False,0.00056790164938611302,10000,paired crossed split-seed,mean BA difference between two fixed candidate models,12998921932714279033,research-lab/experiments/registered-workflow/extensions/jiim_2026_major_revision/analysis/results_v2.1.1_agreement/organamnist_A_cnn4_all5_draws_v2.1.1.npz,8e5a03247f4c20daa67d3ed9a273e976c67d3138cf474d707d624d90881ffe47,2.0070750617051658e-15,4.4408920985006262e-14,Retained split-level sign-flip enumeration; not derived from bootstrap CI
organamnist_A_cnn4_all5,organamnist,A,primary_original,image,10,5,4,50,200,densenet121|efficientnet_b0|resnet18|resnet50,42|52|62|72|82,efficientnet_b0,resnet18,-0.032784819002232998,-0.0343437235801895,-0.031319080801671943,0.001953125,1024,0.001953125,organamnist_A_cnn4_all5: all paired model BA differences,sensitivity conditional on independent sign symmetry of split-average differences; not external-population proof,0.01171875,0.0703125,-0.034243472420247757,-0.031384230248764938,False,False,False,0.00016540060703473802,10000,paired crossed split-seed,mean BA difference between two fixed candidate models,12998921932714279033,research-lab/experiments/registered-workflow/extensions/jiim_2026_major_revision/analysis/results_v2.1.1_agreement/organamnist_A_cnn4_all5_draws_v2.1.1.npz,8e5a03247f4c20daa67d3ed9a273e976c67d3138cf474d707d624d90881ffe47,1.7208456881689926e-15,4.4408920985006262e-14,Retained split-level sign-flip enumeration; not derived from bootstrap CI
organamnist_A_cnn4_all5,organamnist,A,primary_original,image,10,5,4,50,200,densenet121|efficientnet_b0|resnet18|resnet50,42|52|62|72|82,efficientnet_b0,resnet50,-0.032196264309685863,-0.033595062745879894,-0.030872750168113531,0.001953125,1024,0.001953125,organamnist_A_cnn4_all5: all paired model BA differences,sensitivity conditional on independent sign symmetry of split-average differences; not external-population proof,0.01171875,0.0703125,-0.033524685584903083,-0.030922913072383356,False,False,False,0.0001205400652466368,10000,paired crossed split-seed,mean BA difference between two fixed candidate models,12998921932714279033,research-lab/experiments/registered-workflow/extensions/jiim_2026_major_revision/analysis/results_v2.1.1_agreement/organamnist_A_cnn4_all5_draws_v2.1.1.npz,8e5a03247f4c20daa67d3ed9a273e976c67d3138cf474d707d624d90881ffe47,1.9081958235744878e-15,4.4408920985006262e-14,Retained split-level sign-flip enumeration; not derived from bootstrap CI
organamnist_A_cnn4_all5,organamnist,A,primary_original,image,10,5,4,50,200,densenet121|efficientnet_b0|resnet18|resnet50,42|52|62|72|82,resnet18,resnet50,0.0005885546925471297,-0.0003179320934847102,0.0014165855652884909,0.087890625,1024,0.001953125,organamnist_A_cnn4_all5: all paired model BA differences,sensitivity conditional on independent sign symmetry of split-average differences; not external-population proof,0.087890625,0.615234375,-0.00010117809276145584,0.0012992135738157076,True,True,False,0.00033412599219603757,10000,paired crossed split-seed,mean BA difference between two fixed candidate models,12998921932714279033,research-lab/experiments/registered-workflow/extensions/jiim_2026_major_revision/analysis/results_v2.1.1_agreement/organamnist_A_cnn4_all5_draws_v2.1.1.npz,8e5a03247f4c20daa67d3ed9a273e976c67d3138cf474d707d624d90881ffe47,1.5187504032176946e-15,4.4408920985006262e-14,Retained split-level sign-flip enumeration; not derived from bootstrap CI
organamnist_B_cnn4_all5,organamnist,B,primary_original,image,10,5,4,50,200,densenet121|efficientnet_b0|resnet18|resnet50,42|52|62|72|82,densenet121,efficientnet_b0,0.029277936581662979,0.027914480613723668,0.030587031961006681,0.001953125,1024,0.001953125,organamnist_B_cnn4_all5: all paired model BA differences,sensitivity conditional on independent sign symmetry of split-average differences; not external-population proof,0.01171875,0.0703125,0.027989570398958274,0.030515019889861134,False,False,False,0.00014710185638015447,10000,paired crossed split-seed,mean BA difference between two fixed candidate models,17106787692640818647,research-lab/experiments/registered-workflow/extensions/jiim_2026_major_revision/analysis/results_v2.1.1_agreement/organamnist_B_cnn4_all5_draws_v2.1.1.npz,ade6151c24d36ed353108c80f7858a313f14a8078e41693e5383d70e30625954,1.3843093338294921e-15,4.4408920985006262e-14,Retained split-level sign-flip enumeration; not derived from bootstrap CI
organamnist_B_cnn4_all5,organamnist,B,primary_original,image,10,5,4,50,200,densenet121|efficientnet_b0|resnet18|resnet50,42|52|62|72|82,densenet121,resnet18,-0.0039441232078725429,-0.0046862888497540695,-0.0032297668797156729,0.001953125,1024,0.001953125,organamnist_B_cnn4_all5: all paired model BA differences,sensitivity conditional on independent sign symmetry of split-average differences; not external-population proof,0.01171875,0.0703125,-0.0046278093582730797,-0.0032688458113237675,False,False,False,9.755842308908436e-05,10000,paired crossed split-seed,mean BA difference between two fixed candidate models,17106787692640818647,research-lab/experiments/registered-workflow/extensions/jiim_2026_major_revision/analysis/results_v2.1.1_agreement/organamnist_B_cnn4_all5_draws_v2.1.1.npz,ade6151c24d36ed353108c80f7858a313f14a8078e41693e5383d70e30625954,1.3101499052314836e-15,4.4408920985006262e-14,Retained split-level sign-flip enumeration; not derived from bootstrap CI
organamnist_B_cnn4_all5,organamnist,B,primary_original,image,10,5,4,50,200,densenet121|efficientnet_b0|resnet18|resnet50,42|52|62|72|82,densenet121,resnet50,-0.0041088819945129876,-0.0049158721654317117,-0.0033152012084675083,0.001953125,1024,0.001953125,organamnist_B_cnn4_all5: all paired model BA differences,sensitivity conditional on independent sign symmetry of split-average differences; not external-population proof,0.01171875,0.0703125,-0.0048452245055633867,-0.003368171446269544,False,False,False,0.0001236178976703607,10000,paired crossed split-seed,mean BA difference between two fixed candidate models,17106787692640818647,research-lab/experiments/registered-workflow/extensions/jiim_2026_major_revision/analysis/results_v2.1.1_agreement/organamnist_B_cnn4_all5_draws_v2.1.1.npz,ade6151c24d36ed353108c80f7858a313f14a8078e41693e5383d70e30625954,1.6809470482215261e-15,4.4408920985006262e-14,Retained split-level sign-flip enumeration; not derived from bootstrap CI
organamnist_B_cnn4_all5,organamnist,B,primary_original,image,10,5,4,50,200,densenet121|efficientnet_b0|resnet18|resnet50,42|52|62|72|82,efficientnet_b0,resnet18,-0.033222059789535512,-0.034331542650198887,-0.03208916525684001,0.001953125,1024,0.001953125,organamnist_B_cnn4_all5: all paired model BA differences,sensitivity conditional on independent sign symmetry of split-average differences; not external-population proof,0.01171875,0.0703125,-0.034250538960346293,-0.032203929717483502,False,False,False,0.00019576815049608676,10000,paired crossed split-seed,mean BA difference between two fixed candidate models,17106787692640818647,research-lab/experiments/registered-workflow/extensions/jiim_2026_major_revision/analysis/results_v2.1.1_agreement/organamnist_B_cnn4_all5_draws_v2.1.1.npz,ade6151c24d36ed353108c80f7858a313f14a8078e41693e5383d70e30625954,1.9081958235744878e-15,4.4408920985006262e-14,Retained split-level sign-flip enumeration; not derived from bootstrap CI
organamnist_B_cnn4_all5,organamnist,B,primary_original,image,10,5,4,50,200,densenet121|efficientnet_b0|resnet18|resnet50,42|52|62|72|82,efficientnet_b0,resnet50,-0.03338681857617596,-0.034686189692159523,-0.03218055117983204,0.001953125,1024,0.001953125,organamnist_B_cnn4_all5: all paired model BA differences,sensitivity conditional on independent sign symmetry of split-average differences; not external-population proof,0.01171875,0.0703125,-0.034606144333919051,-0.032261552277981151,False,False,False,0.00016104645638958387,10000,paired crossed split-seed,mean BA difference between two fixed candidate models,17106787692640818647,research-lab/experiments/registered-workflow/extensions/jiim_2026_major_revision/analysis/results_v2.1.1_agreement/organamnist_B_cnn4_all5_draws_v2.1.1.npz,ade6151c24d36ed353108c80f7858a313f14a8078e41693e5383d70e30625954,1.6861512186494565e-15,4.4408920985006262e-14,Retained split-level sign-flip enumeration; not derived from bootstrap CI
organamnist_B_cnn4_all5,organamnist,B,primary_original,image,10,5,4,50,200,densenet121|efficientnet_b0|resnet18|resnet50,42|52|62|72|82,resnet18,resnet50,-0.00016475878664044431,-0.0006516565997517459,0.00024731714614461826,0.3671875,1024,0.001953125,organamnist_B_cnn4_all5: all paired model BA differences,sensitivity conditional on independent sign symmetry of split-average differences; not external-population proof,0.3671875,1,-0.00060073440124351065,0.00025336655995433186,True,True,False,4.487278469852171e-05,10000,paired crossed split-seed,mean BA difference between two fixed candidate models,17106787692640818647,research-lab/experiments/registered-workflow/extensions/jiim_2026_major_revision/analysis/results_v2.1.1_agreement/organamnist_B_cnn4_all5_draws_v2.1.1.npz,ade6151c24d36ed353108c80f7858a313f14a8078e41693e5383d70e30625954,1.6031555423456911e-15,4.4408920985006262e-14,Retained split-level sign-flip enumeration; not derived from bootstrap CI
sipakmed_A_cnn4_all5,sipakmed,A,primary_original,image,10,5,4,50,200,densenet121|efficientnet_b0|resnet18|resnet50,42|52|62|72|82,densenet121,efficientnet_b0,0.010805762837497934,0.0043981162169301809,0.016998649607752898,0.009765625,1024,0.001953125,sipakmed_A_cnn4_all5: all paired model BA differences,sensitivity conditional on independent sign symmetry of split-average differences; not external-population proof,0.0390625,0.1171875,0.0046045109334536868,0.016741480568071329,False,False,False,0.00046356375620507442,10000,paired crossed split-seed,mean BA difference between two fixed candidate models,1076673689860581764,research-lab/experiments/registered-workflow/extensions/jiim_2026_major_revision/analysis/results_v2.1.1_agreement/sipakmed_A_cnn4_all5_draws_v2.1.1.npz,185a4dcb1aa18d7c24c90978bacb1fe0e98543f0061545b9c06c9aef410206ce,1.3235940121703038e-15,4.4408920985006262e-14,Retained split-level sign-flip enumeration; not derived from bootstrap CI
sipakmed_A_cnn4_all5,sipakmed,A,primary_original,image,10,5,4,50,200,densenet121|efficientnet_b0|resnet18|resnet50,42|52|62|72|82,densenet121,resnet18,-0.0088762430134993655,-0.014269722272029736,-0.0034625344044928582,0.009765625,1024,0.001953125,sipakmed_A_cnn4_all5: all paired model BA differences,sensitivity conditional on independent sign symmetry of split-average differences; not external-population proof,0.0390625,0.1171875,-0.013725483044498174,-0.0037568464131520016,False,False,False,0.00083855123619070576,10000,paired crossed split-seed,mean BA difference between two fixed candidate models,1076673689860581764,research-lab/experiments/registered-workflow/extensions/jiim_2026_major_revision/analysis/results_v2.1.1_agreement/sipakmed_A_cnn4_all5_draws_v2.1.1.npz,185a4dcb1aa18d7c24c90978bacb1fe0e98543f0061545b9c06c9aef410206ce,1.6011497683265929e-15,4.4408920985006262e-14,Retained split-level sign-flip enumeration; not derived from bootstrap CI
sipakmed_A_cnn4_all5,sipakmed,A,primary_original,image,10,5,4,50,200,densenet121|efficientnet_b0|resnet18|resnet50,42|52|62|72|82,densenet121,resnet50,-0.0065864516439350096,-0.01160914109735448,-0.0016138579202790153,0.009765625,1024,0.001953125,sipakmed_A_cnn4_all5: all paired model BA differences,sensitivity conditional on independent sign symmetry of split-average differences; not external-population proof,0.0390625,0.1171875,-0.010145973738601797,-0.0026170069475492802,False,False,False,0.0024663163860229476,10000,paired crossed split-seed,mean BA difference between two fixed candidate models,1076673689860581764,research-lab/experiments/registered-workflow/extensions/jiim_2026_major_revision/analysis/results_v2.1.1_agreement/sipakmed_A_cnn4_all5_draws_v2.1.1.npz,185a4dcb1aa18d7c24c90978bacb1fe0e98543f0061545b9c06c9aef410206ce,1.470178145890344e-15,4.4408920985006262e-14,Retained split-level sign-flip enumeration; not derived from bootstrap CI
sipakmed_A_cnn4_all5,sipakmed,A,primary_original,image,10,5,4,50,200,densenet121|efficientnet_b0|resnet18|resnet50,42|52|62|72|82,efficientnet_b0,resnet18,-0.019682005850997299,-0.025565438820322729,-0.013219322932463666,0.001953125,1024,0.001953125,sipakmed_A_cnn4_all5: all paired model BA differences,sensitivity conditional on independent sign symmetry of split-average differences; not external-population proof,0.01171875,0.0703125,-0.025137228317811348,-0.01345341792504188,False,False,False,0.00066230549508959624,10000,paired crossed split-seed,mean BA difference between two fixed candidate models,1076673689860581764,research-lab/experiments/registered-workflow/extensions/jiim_2026_major_revision/analysis/results_v2.1.1_agreement/sipakmed_A_cnn4_all5_draws_v2.1.1.npz,185a4dcb1aa18d7c24c90978bacb1fe0e98543f0061545b9c06c9aef410206ce,1.6375789613221059e-15,4.4408920985006262e-14,Retained split-level sign-flip enumeration; not derived from bootstrap CI
sipakmed_A_cnn4_all5,sipakmed,A,primary_original,image,10,5,4,50,200,densenet121|efficientnet_b0|resnet18|resnet50,42|52|62|72|82,efficientnet_b0,resnet50,-0.017392214481432945,-0.022513377009140752,-0.012737546512309912,0.001953125,1024,0.001953125,sipakmed_A_cnn4_all5: all paired model BA differences,sensitivity conditional on independent sign symmetry of split-average differences; not external-population proof,0.01171875,0.0703125,-0.021374769029001182,-0.013170576605546375,False,False,False,0.0015716380733760329,10000,paired crossed split-seed,mean BA difference between two fixed candidate models,1076673689860581764,research-lab/experiments/registered-workflow/extensions/jiim_2026_major_revision/analysis/results_v2.1.1_agreement/sipakmed_A_cnn4_all5_draws_v2.1.1.npz,185a4dcb1aa18d7c24c90978bacb1fe0e98543f0061545b9c06c9aef410206ce,1.6375789613221059e-15,4.4408920985006262e-14,Retained split-level sign-flip enumeration; not derived from bootstrap CI
sipakmed_A_cnn4_all5,sipakmed,A,primary_original,image,10,5,4,50,200,densenet121|efficientnet_b0|resnet18|resnet50,42|52|62|72|82,resnet18,resnet50,0.0022897913695643559,-0.0020035480073038099,0.0069747746262604736,0.2578125,1024,0.001953125,sipakmed_A_cnn4_all5: all paired model BA differences,sensitivity conditional on independent sign symmetry of split-average differences; not external-population proof,0.2578125,1,-0.0016794176659861658,0.0063464379556347926,True,True,False,0.00095246701194332505,10000,paired crossed split-seed,mean BA difference between two fixed candidate models,1076673689860581764,research-lab/experiments/registered-workflow/extensions/jiim_2026_major_revision/analysis/results_v2.1.1_agreement/sipakmed_A_cnn4_all5_draws_v2.1.1.npz,185a4dcb1aa18d7c24c90978bacb1fe0e98543f0061545b9c06c9aef410206ce,1.6210990883003262e-15,4.4408920985006262e-14,Retained split-level sign-flip enumeration; not derived from bootstrap CI
sipakmed_B_cnn4_all5,sipakmed,B,primary_original,image,10,5,4,50,200,densenet121|efficientnet_b0|resnet18|resnet50,42|52|62|72|82,densenet121,efficientnet_b0,0.013491338544312661,0.0068032471318987186,0.019670180603885614,0.0078125,1024,0.001953125,sipakmed_B_cnn4_all5: all paired model BA differences,sensitivity conditional on independent sign symmetry of split-average differences; not external-population proof,0.015625,0.1015625,0.0073407122397402078,0.019557740165497602,False,False,False,0.0006499055462295001,10000,paired crossed split-seed,mean BA difference between two fixed candidate models,8062348513848243228,research-lab/experiments/registered-workflow/extensions/jiim_2026_major_revision/analysis/results_v2.1.1_agreement/sipakmed_B_cnn4_all5_draws_v2.1.1.npz,16ae4255b2309775ca1852a2e81d8ef4ee8703b6226987e12a95c3d4aa53adcd,1.7850304567801345e-15,4.4408920985006262e-14,Retained split-level sign-flip enumeration; not derived from bootstrap CI
sipakmed_B_cnn4_all5,sipakmed,B,primary_original,image,10,5,4,50,200,densenet121|efficientnet_b0|resnet18|resnet50,42|52|62|72|82,densenet121,resnet18,-0.0074820550252242346,-0.011560963240534555,-0.0034696560450552497,0.001953125,1024,0.001953125,sipakmed_B_cnn4_all5: all paired model BA differences,sensitivity conditional on independent sign symmetry of split-average differences; not external-population proof,0.01171875,0.0703125,-0.010725464109928884,-0.0041477961587328667,False,False,False,0.0015136392442832878,10000,paired crossed split-seed,mean BA difference between two fixed candidate models,8062348513848243228,research-lab/experiments/registered-workflow/extensions/jiim_2026_major_revision/analysis/results_v2.1.1_agreement/sipakmed_B_cnn4_all5_draws_v2.1.1.npz,16ae4255b2309775ca1852a2e81d8ef4ee8703b6226987e12a95c3d4aa53adcd,1.5473733405713119e-15,4.4408920985006262e-14,Retained split-level sign-flip enumeration; not derived from bootstrap CI
sipakmed_B_cnn4_all5,sipakmed,B,primary_original,image,10,5,4,50,200,densenet121|efficientnet_b0|resnet18|resnet50,42|52|62|72|82,densenet121,resnet50,-0.0077148059654231927,-0.01218445756475336,-0.0031897622832799378,0.00390625,1024,0.001953125,sipakmed_B_cnn4_all5: all paired model BA differences,sensitivity conditional on independent sign symmetry of split-average differences; not external-population proof,0.01171875,0.0703125,-0.011505037921199324,-0.0036592146118268609,False,False,False,0.001148871972100958,10000,paired crossed split-seed,mean BA difference between two fixed candidate models,8062348513848243228,research-lab/experiments/registered-workflow/extensions/jiim_2026_major_revision/analysis/results_v2.1.1_agreement/sipakmed_B_cnn4_all5_draws_v2.1.1.npz,16ae4255b2309775ca1852a2e81d8ef4ee8703b6226987e12a95c3d4aa53adcd,1.4502288259166107e-15,4.4408920985006262e-14,Retained split-level sign-flip enumeration; not derived from bootstrap CI
sipakmed_B_cnn4_all5,sipakmed,B,primary_original,image,10,5,4,50,200,densenet121|efficientnet_b0|resnet18|resnet50,42|52|62|72|82,efficientnet_b0,resnet18,-0.020973393569536897,-0.026003839405452651,-0.015569977444971012,0.001953125,1024,0.001953125,sipakmed_B_cnn4_all5: all paired model BA differences,sensitivity conditional on independent sign symmetry of split-average differences; not external-population proof,0.01171875,0.0703125,-0.026000751560172168,-0.015807346160566241,False,False,False,0.0002404565608757122,10000,paired crossed split-seed,mean BA difference between two fixed candidate models,8062348513848243228,research-lab/experiments/registered-workflow/extensions/jiim_2026_major_revision/analysis/results_v2.1.1_agreement/sipakmed_B_cnn4_all5_draws_v2.1.1.npz,16ae4255b2309775ca1852a2e81d8ef4ee8703b6226987e12a95c3d4aa53adcd,1.5751289161869408e-15,4.4408920985006262e-14,Retained split-level sign-flip enumeration; not derived from bootstrap CI
sipakmed_B_cnn4_all5,sipakmed,B,primary_original,image,10,5,4,50,200,densenet121|efficientnet_b0|resnet18|resnet50,42|52|62|72|82,efficientnet_b0,resnet50,-0.021206144509735854,-0.025736040013163715,-0.016451121921717195,0.001953125,1024,0.001953125,sipakmed_B_cnn4_all5: all paired model BA differences,sensitivity conditional on independent sign symmetry of split-average differences; not external-population proof,0.01171875,0.0703125,-0.025444425518383062,-0.017178774075296201,False,False,False,0.0010192666483596589,10000,paired crossed split-seed,mean BA difference between two fixed candidate models,8062348513848243228,research-lab/experiments/registered-workflow/extensions/jiim_2026_major_revision/analysis/results_v2.1.1_agreement/sipakmed_B_cnn4_all5_draws_v2.1.1.npz,16ae4255b2309775ca1852a2e81d8ef4ee8703b6226987e12a95c3d4aa53adcd,1.519617764955683e-15,4.4408920985006262e-14,Retained split-level sign-flip enumeration; not derived from bootstrap CI
sipakmed_B_cnn4_all5,sipakmed,B,primary_original,image,10,5,4,50,200,densenet121|efficientnet_b0|resnet18|resnet50,42|52|62|72|82,resnet18,resnet50,-0.00023275094019895804,-0.0046440439467275909,0.0041153929312006815,0.90234375,1024,0.001953125,sipakmed_B_cnn4_all5: all paired model BA differences,sensitivity conditional on independent sign symmetry of split-average differences; not external-population proof,0.90234375,1,-0.0042066798233686836,0.0036819989538976563,True,True,False,0.0008707581006619329,10000,paired crossed split-seed,mean BA difference between two fixed candidate models,8062348513848243228,research-lab/experiments/registered-workflow/extensions/jiim_2026_major_revision/analysis/results_v2.1.1_agreement/sipakmed_B_cnn4_all5_draws_v2.1.1.npz,16ae4255b2309775ca1852a2e81d8ef4ee8703b6226987e12a95c3d4aa53adcd,1.609823385706477e-15,4.4408920985006262e-14,Retained split-level sign-flip enumeration; not derived from bootstrap CI
isic2019_A_cnn4_all3,isic2019,A,primary_extension,image,10,3,4,30,120,densenet121|efficientnet_b0|resnet18|resnet50,42|52|62,densenet121,efficientnet_b0,0.013093218317921632,-0.00071312137999449685,0.025563637464868651,0.068359375,1024,0.001953125,isic2019_A_cnn4_all3: all paired model BA differences,sensitivity conditional on independent sign symmetry of split-average differences; not external-population proof,0.13671875,0.546875,0.00059868127293547099,0.025148777153308766,False,True,True,0.0017266629644898529,10000,paired crossed split-seed,mean BA difference between two fixed candidate models,14422281376224203195,research-lab/experiments/registered-workflow/extensions/jiim_2026_major_revision/analysis/results_v2.1.1_agreement/isic2019_A_cnn4_all3_draws_v2.1.1.npz,1f0ff55f08c3f50f01301e48af9f7316809916935498e419dcc635693090e74d,4.7531423241764514e-16,2.6645352591003757e-14,Retained split-level sign-flip enumeration; not derived from bootstrap CI
isic2019_A_cnn4_all3,isic2019,A,primary_extension,image,10,3,4,30,120,densenet121|efficientnet_b0|resnet18|resnet50,42|52|62,densenet121,resnet18,-0.0032579943223728183,-0.021489156942317966,0.013374600178909003,0.330078125,1024,0.001953125,isic2019_A_cnn4_all3: all paired model BA differences,sensitivity conditional on independent sign symmetry of split-average differences; not external-population proof,0.330078125,1,-0.014333139280027512,0.0072319798830155499,True,True,False,0.013298637958183906,10000,paired crossed split-seed,mean BA difference between two fixed candidate models,14422281376224203195,research-lab/experiments/registered-workflow/extensions/jiim_2026_major_revision/analysis/results_v2.1.1_agreement/isic2019_A_cnn4_all3_draws_v2.1.1.npz,1f0ff55f08c3f50f01301e48af9f7316809916935498e419dcc635693090e74d,6.1582683397176652e-16,2.6645352591003757e-14,Retained split-level sign-flip enumeration; not derived from bootstrap CI
isic2019_A_cnn4_all3,isic2019,A,primary_extension,image,10,3,4,30,120,densenet121|efficientnet_b0|resnet18|resnet50,42|52|62,densenet121,resnet50,-0.045814888368055931,-0.067404047086966165,-0.023178257997701152,0.001953125,1024,0.001953125,isic2019_A_cnn4_all3: all paired model BA differences,sensitivity conditional on independent sign symmetry of split-average differences; not external-population proof,0.01171875,0.0703125,-0.058604822413180511,-0.033617221555821863,False,False,False,0.019238188231906365,10000,paired crossed split-seed,mean BA difference between two fixed candidate models,14422281376224203195,research-lab/experiments/registered-workflow/extensions/jiim_2026_major_revision/analysis/results_v2.1.1_agreement/isic2019_A_cnn4_all3_draws_v2.1.1.npz,1f0ff55f08c3f50f01301e48af9f7316809916935498e419dcc635693090e74d,5.8980598183211441e-16,2.6645352591003757e-14,Retained split-level sign-flip enumeration; not derived from bootstrap CI
isic2019_A_cnn4_all3,isic2019,A,primary_extension,image,10,3,4,30,120,densenet121|efficientnet_b0|resnet18|resnet50,42|52|62,efficientnet_b0,resnet18,-0.01635121264029445,-0.034549216369063641,0.00086340165631424934,0.0390625,1024,0.001953125,isic2019_A_cnn4_all3: all paired model BA differences,sensitivity conditional on independent sign symmetry of split-average differences; not external-population proof,0.1171875,0.3515625,-0.030409729462991888,-0.0019691019666496644,False,True,True,0.0069719905290356703,10000,paired crossed split-seed,mean BA difference between two fixed candidate models,14422281376224203195,research-lab/experiments/registered-workflow/extensions/jiim_2026_major_revision/analysis/results_v2.1.1_agreement/isic2019_A_cnn4_all3_draws_v2.1.1.npz,1f0ff55f08c3f50f01301e48af9f7316809916935498e419dcc635693090e74d,5.6551985316843911e-16,2.6645352591003757e-14,Retained split-level sign-flip enumeration; not derived from bootstrap CI
isic2019_A_cnn4_all3,isic2019,A,primary_extension,image,10,3,4,30,120,densenet121|efficientnet_b0|resnet18|resnet50,42|52|62,efficientnet_b0,resnet50,-0.058908106685977568,-0.079287731112370599,-0.036370267229047487,0.001953125,1024,0.001953125,isic2019_A_cnn4_all3: all paired model BA differences,sensitivity conditional on independent sign symmetry of split-average differences; not external-population proof,0.01171875,0.0703125,-0.074480198716014509,-0.042617075494766885,False,False,False,0.011054340662075487,10000,paired crossed split-seed,mean BA difference between two fixed candidate models,14422281376224203195,research-lab/experiments/registered-workflow/extensions/jiim_2026_major_revision/analysis/results_v2.1.1_agreement/isic2019_A_cnn4_all3_draws_v2.1.1.npz,1f0ff55f08c3f50f01301e48af9f7316809916935498e419dcc635693090e74d,5.7245874707234634e-16,2.6645352591003757e-14,Retained split-level sign-flip enumeration; not derived from bootstrap CI
isic2019_A_cnn4_all3,isic2019,A,primary_extension,image,10,3,4,30,120,densenet121|efficientnet_b0|resnet18|resnet50,42|52|62,resnet18,resnet50,-0.042556894045683115,-0.056272991721125216,-0.028002722042617664,0.001953125,1024,0.001953125,isic2019_A_cnn4_all3: all paired model BA differences,sensitivity conditional on independent sign symmetry of split-average differences; not external-population proof,0.01171875,0.0703125,-0.051982701978686055,-0.03233571019925436,False,False,False,0.0086232778990758575,10000,paired crossed split-seed,mean BA difference between two fixed candidate models,14422281376224203195,research-lab/experiments/registered-workflow/extensions/jiim_2026_major_revision/analysis/results_v2.1.1_agreement/isic2019_A_cnn4_all3_draws_v2.1.1.npz,1f0ff55f08c3f50f01301e48af9f7316809916935498e419dcc635693090e74d,6.3837823915946501e-16,2.6645352591003757e-14,Retained split-level sign-flip enumeration; not derived from bootstrap CI
mura_A_cnn4_all3,mura,A,primary_extension,study,10,3,4,30,120,densenet121|efficientnet_b0|resnet18|resnet50,42|52|62,densenet121,efficientnet_b0,0.015721611334164942,0.010764392467983063,0.020099410562330479,0.001953125,1024,0.001953125,mura_A_cnn4_all3: all paired model BA differences,sensitivity conditional on independent sign symmetry of split-average differences; not external-population proof,0.01171875,0.0703125,0.011299562284259993,0.019638408223785868,False,False,False,0.00099617215482154103,10000,paired crossed split-seed,mean BA difference between two fixed candidate models,9839154518546298967,research-lab/experiments/registered-workflow/extensions/jiim_2026_major_revision/analysis/results_v2.1.1_agreement/mura_A_cnn4_all3_draws_v2.1.1.npz,5882a44b4c13e45e5a5b8c99708c1959f1f33f4fc47bb7c6764e2c34b5be61c6,1.0217521273503394e-15,2.6645352591003757e-14,Retained split-level sign-flip enumeration; not derived from bootstrap CI
mura_A_cnn4_all3,mura,A,primary_extension,study,10,3,4,30,120,densenet121|efficientnet_b0|resnet18|resnet50,42|52|62,densenet121,resnet18,0.011020933408924283,0.0042097501091013711,0.018938155916513776,0.001953125,1024,0.001953125,mura_A_cnn4_all3: all paired model BA differences,sensitivity conditional on independent sign symmetry of split-average differences; not external-population proof,0.01171875,0.0703125,0.0058985467131996098,0.0169837297134652,False,False,False,0.0036432228071468144,10000,paired crossed split-seed,mean BA difference between two fixed candidate models,9839154518546298967,research-lab/experiments/registered-workflow/extensions/jiim_2026_major_revision/analysis/results_v2.1.1_agreement/mura_A_cnn4_all3_draws_v2.1.1.npz,5882a44b4c13e45e5a5b8c99708c1959f1f33f4fc47bb7c6764e2c34b5be61c6,8.8817841970012523e-16,2.6645352591003757e-14,Retained split-level sign-flip enumeration; not derived from bootstrap CI
mura_A_cnn4_all3,mura,A,primary_extension,study,10,3,4,30,120,densenet121|efficientnet_b0|resnet18|resnet50,42|52|62,densenet121,resnet50,-0.002350402357552391,-0.0090382411121416682,0.0032664993187006054,0.41015625,1024,0.001953125,mura_A_cnn4_all3: all paired model BA differences,sensitivity conditional on independent sign symmetry of split-average differences; not external-population proof,0.41015625,1,-0.0081800612561018001,0.0035543785936130124,True,True,False,0.0005703005811274614,10000,paired crossed split-seed,mean BA difference between two fixed candidate models,9839154518546298967,research-lab/experiments/registered-workflow/extensions/jiim_2026_major_revision/analysis/results_v2.1.1_agreement/mura_A_cnn4_all3_draws_v2.1.1.npz,5882a44b4c13e45e5a5b8c99708c1959f1f33f4fc47bb7c6764e2c34b5be61c6,1.0217521273503394e-15,2.6645352591003757e-14,Retained split-level sign-flip enumeration; not derived from bootstrap CI
mura_A_cnn4_all3,mura,A,primary_extension,study,10,3,4,30,120,densenet121|efficientnet_b0|resnet18|resnet50,42|52|62,efficientnet_b0,resnet18,-0.0047006779252406596,-0.011378899996485572,0.0026845709262579456,0.11328125,1024,0.001953125,mura_A_cnn4_all3: all paired model BA differences,sensitivity conditional on independent sign symmetry of split-average differences; not external-population proof,0.2265625,0.6796875,-0.010871029264001313,0.0022608347084968872,True,True,False,0.00093160695024531795,10000,paired crossed split-seed,mean BA difference between two fixed candidate models,9839154518546298967,research-lab/experiments/registered-workflow/extensions/jiim_2026_major_revision/analysis/results_v2.1.1_agreement/mura_A_cnn4_all3_draws_v2.1.1.npz,5882a44b4c13e45e5a5b8c99708c1959f1f33f4fc47bb7c6764e2c34b5be61c6,6.8087896432089678e-16,2.6645352591003757e-14,Retained split-level sign-flip enumeration; not derived from bootstrap CI
mura_A_cnn4_all3,mura,A,primary_extension,study,10,3,4,30,120,densenet121|efficientnet_b0|resnet18|resnet50,42|52|62,efficientnet_b0,resnet50,-0.018072013691717334,-0.025885787177145306,-0.010036786426019935,0.00390625,1024,0.001953125,mura_A_cnn4_all3: all paired model BA differences,sensitivity conditional on independent sign symmetry of split-average differences; not external-population proof,0.015625,0.0703125,-0.024551619515757236,-0.010896021478604462,False,False,False,0.0021934027139725986,10000,paired crossed split-seed,mean BA difference between two fixed candidate models,9839154518546298967,research-lab/experiments/registered-workflow/extensions/jiim_2026_major_revision/analysis/results_v2.1.1_agreement/mura_A_cnn4_all3_draws_v2.1.1.npz,5882a44b4c13e45e5a5b8c99708c1959f1f33f4fc47bb7c6764e2c34b5be61c6,9.298117831235686e-16,2.6645352591003757e-14,Retained split-level sign-flip enumeration; not derived from bootstrap CI
mura_A_cnn4_all3,mura,A,primary_extension,study,10,3,4,30,120,densenet121|efficientnet_b0|resnet18|resnet50,42|52|62,resnet18,resnet50,-0.013371335766476674,-0.023010582667185725,-0.0048078449082613866,0.00390625,1024,0.001953125,mura_A_cnn4_all3: all paired model BA differences,sensitivity conditional on independent sign symmetry of split-average differences; not external-population proof,0.015625,0.0703125,-0.019491426820538605,-0.0074152859082165399,False,False,False,0.0061265968466022724,10000,paired crossed split-seed,mean BA difference between two fixed candidate models,9839154518546298967,research-lab/experiments/registered-workflow/extensions/jiim_2026_major_revision/analysis/results_v2.1.1_agreement/mura_A_cnn4_all3_draws_v2.1.1.npz,5882a44b4c13e45e5a5b8c99708c1959f1f33f4fc47bb7c6764e2c34b5be61c6,8.7777007884426439e-16,2.6645352591003757e-14,Retained split-level sign-flip enumeration; not derived from bootstrap CI
