comment_id,original_request,proposed_supplement_tables,candidate_assets,disposition,state
E.1,Tables 1 & figures 1-3: Data need to be analyzed statistically for significant differences. Consult a statistician if necessary.,S4;S5;S8,CT01;CF01;CF02;CF03;ST01;ST02;ST03;ST09;SF01;SF02;SF03;SF07,补充分组材料对应；正文/正式回信落实仍独立核对,Q05待采用；非承诺履行验收
E.2,References need to conform to journal format requirements.,,,本项主要在正文、文献/声明或回信；补充取舍不关闭该项,Q05待采用；非承诺履行验收
R1.1,"The central finding may be an artifact of dataset saturation rather than a general property of medical imaging benchmarks. The entire instability result is driven by extremely small top-two margins. Those margins exist because performance is saturated. Saturation is itself a characteristic of easy, low-resolution benchmark datasets (e.g., OrganAMNIST from MedMNIST): models converge to a ceiling and tie, and near-tied models are, almost by construction, unstable to rank. The causal chain ""easy dataset -> saturation -> near-zero margin -> ranking instability"" means the phenomenon the paper reports may not transfer to harder, clinically realistic datasets where models are genuinely separated. The manuscript's framing ""datasets were chosen as contrasting benchmark settings rather than to support claims about a specific organ system or modality"" defends against a modality-generalization objection but not against this one. As written, the title and framing promise a statement about ""medical image classification benchmarks"" in general, whereas the evidence supports a narrower statement about saturated, near-tied benchmark regimes. The authors should add two or more harder, non-saturated dataset (e.g., MIMIC-CXR [1]) in which the top-two margin is non-trivial and show whether the instability persists. In addition, authors are encouraged to include an analysis of instability as a function of margin.",S5,CT01;CF02;RT02;RT03;RF03,补充分组材料对应；正文/正式回信落实仍独立核对,Q05待采用；非承诺履行验收
R1.2,"Please clarify the input resolution and provenance of OrganAMNIST. The methods report 224*224 3-channel inputs, but OrganAMNIST is natively 28*28 in the standard MedMNIST release. The authors should state explicitly whether they used a different release or upsampled the 28*28 images by a factor of 8. If the latter, the models were trained and evaluated on heavily interpolated low-resolution images, which further limits external validity and must be stated as a limitation.",,,本项主要在正文、文献/声明或回信；补充取舍不关闭该项,Q05待采用；非承诺履行验收
R1.3,"The model pool is not merely limited but selected in a way that favors the conclusion, and its composition is not motivated. The four candidates are ImageNet initialized CNNs that predictably converge to comparable performance on easy datasets, which again manufactures the small margins that drive the instability result. The manuscript acknowledges the pool is ""intentionally limited"" and excludes transformers, foundation, and medical self-supervised models, but acknowledgment is not justification. There is no rationale for why these particular four constitute a decision-relevant or representative shortlist. A realistic model shortlisting scenario includes architecturally heterogeneous candidates where inter-model margins are meaningful. The authors should either motivate the pool explicitly, broaden it to include at least four architecturally distinct models, and discuss how pool heterogeneity affects the stability conclusion.[1] Johnson, Alistair EW, et al. ""MIMIC-CXR, a de-identified publicly available database of chest radiographs with free-text reports."" Scientific Data 6.1 (2019): 317.",S8,CF02;ST05;ST06;SF04;CF04,补充分组材料对应；正文/正式回信落实仍独立核对,Q05待采用；非承诺履行验收
R2.1,"Clarify the novelty relative to prior benchmark-stability literatureThe manuscript positions itself as addressing benchmark evaluation stability, but several cited studies already discuss ranking instability, benchmark variance, challenge ranking sensitivity, and reproducibility issues. The distinction between the present work and prior studies should be emphasized more explicitly.* What methodological gap remains after studies such as Bouthillier et al., D'Amour et al., and Maier-Hein et al.?* Why does the proposed framework add value beyond repeated-seed reporting or challenge-ranking uncertainty analysis?* What unique contribution arises from combining split variation, seed variation, and checkpoint-selection variation in a unified medical imaging benchmark setting?",S9,ST10;SF06,补充分组材料对应；正文/正式回信落实仍独立核对,Q05待采用；非承诺履行验收
R2.2,"Limited clinical realism due to image-level splittingThe manuscript appropriately acknowledges that neither dataset provides patient/slide/volume identifiers and that all analyses are image-level. This limitation is important and discussed honestly. However, the implications may be underestimated.Image-level splitting can produce optimistic performance estimates and may alter ranking stability differently than patient-level evaluations. It remains unclear whether the observed instability would increase, decrease, or qualitatively change under clinically realistic grouped splits.",S2,CT01,补充分组材料对应；正文/正式回信落实仍独立核对,Q05待采用；非承诺履行验收
R2.3,"Justification of the ""full repeated-evaluation reference""The manuscript treats the average over 10 splits × 5 seeds as the reference ranking. While convenient, this reference is itself a finite estimate rather than a gold standard.Several statements, particularly those involving ""recovery"" of the reference top model, risk implying that the reference ranking represents the true best model.Although the authors partially acknowledge this issue, I encourage:* Additional justification for selecting 10×5 as the reference budget.* Discussion of whether ranking estimates appear converged.* Consideration of sensitivity analyses using larger bootstrap-based references or rank-aggregation approaches.",S7,CF03;ST07;ST08;ST09;SF05;SF07,补充分组材料对应；正文/正式回信落实仍独立核对,Q05待采用；非承诺履行验收
R2.4,"Checkpoint-selection comparison may be confoundedThe comparison between Rule A (early stopping) and Rule B (fixed epoch 60) is difficult to interpret.The observed differences may reflect:* checkpoint selection strategy,* training duration,* optimization trajectory,* or interaction among these factors.The Discussion briefly mentions this concern, but stronger emphasis is warranted.",S3;S8,CF02;ST03;ST04;ST12;SF03;CF04,补充分组材料对应；正文/正式回信落实仍独立核对,Q05待采用；非承诺履行验收
R2.5,"Generalizability beyond CNNsThe model pool consists solely of four ImageNet-initialized CNN architectures. While the authors acknowledge this limitation, current medical imaging research includes transformers, ConvNeXt architectures, foundation models, and self-supervised approaches.",S8,CF02;ST05;ST06;SF04;CF04,补充分组材料对应；正文/正式回信落实仍独立核对,Q05待采用；非承诺履行验收
R2.6,"Clarify terminologyThe manuscript uses several related terms:* agreement rate,* discordance rate,* selection frequency,* bootstrap selection frequency,* recovery rate.Readers may struggle to distinguish these measures.",,CF01;ST04;RT02;RF02,本项主要在正文、文献/声明或回信；补充取舍不关闭该项,Q05待采用；非承诺履行验收
R2.7,"Report absolute performance uncertaintyThe paper focuses on ranking uncertainty, which is appropriate. However, readers may also benefit from seeing performance variability itself.Consider reporting:* SD,* confidence intervals,* or bootstrap intervalsfor balanced accuracy estimates of each model.",S4;S5,ST01;ST02;SF01,补充分组材料对应；正文/正式回信落实仍独立核对,Q05待采用；非承诺履行验收
R2.8,"Explain singular mixed-effects fits more thoroughlyMany readers may not be familiar with singular mixed-model fits.Please briefly explain:* why singular fits occurred,* what practical interpretation can be made,* and what limitations result from using the fallback model.",S9,ST10;ST11;SF06,补充分组材料对应；正文/正式回信落实仍独立核对,Q05待采用；非承诺履行验收
R2.9,"Computational cost interpretationThe compute-cost analysis is useful. However, GPU hours are hardware dependent.It may be beneficial to also report:* average wall-clock time per run,* number of trainable parameters,* or training epochs completed under early stopping.",S3;S6,ST12;ST13;ST14,补充分组材料对应；正文/正式回信落实仍独立核对,Q05待采用；非承诺履行验收
R2.10,"Figures could be more self-containedFigures 1-3 are informative, but the legends could provide more detail.For example:* Define all abbreviations in figure captions.* Explicitly indicate sample sizes.* Clarify that the reference ranking is derived from the completed 10×5 evaluation grid.",,CT01;CF01;CF02;CF03,本项主要在正文、文献/声明或回信；补充取舍不关闭该项,Q05待采用；非承诺履行验收
R2.11,"Expand the scope of the paperreferencing some other works based on the deep learning such as ""Explainable AI and Optimized KNN with Hybrid Deep Learning Models for Precise Classification of Multi-Class Skin Lesions"", ""Explainable deep inherent learning for multi-classes skin lesion classification"", ""Explainable Transfer Learning‐Based Deep Learning Model for Pelvis Fracture Detection"", ""Classification of cervical spine fracture and dislocation using refined pre-trained deep model and saliency map"", ""Automated system for classifying uni-bicompartmental knee osteoarthritis by using redefined residual learning with convolutional neural network"", ""A new superfluity deep learning model for detecting knee osteoporosis and osteopenia in X-ray images""",,,本项主要在正文、文献/声明或回信；补充取舍不关闭该项,Q05待采用；非承诺履行验收
R2.12,"Writing and presentationThe manuscript is generally well written and logically structured. However:* Some sections repeat caveats regarding the ""empirical comparator"" and ""not patient-level validation.""* The Discussion could be shortened slightly by reducing repeated statements of the same limitation.* Several long paragraphs would benefit from subdivision for readability.",,,本项主要在正文、文献/声明或回信；补充取舍不关闭该项,Q05待采用；非承诺履行验收
R3.1,"Please provide a clearer and more detailed description of the experimental design, including the exact number of models, datasets, splits, random seeds, checkpoints, and selection rules included in the 800-run evaluation.",S1;S7,ST07;RT04;SF05,补充分组材料对应；正文/正式回信落实仍独立核对,Q05待采用；非承诺履行验收
R3.2,The rationale for selecting OrganAMNIST and SIPaKMeD should be explained more explicitly. Please clarify how these datasets represent different types of medical image classification benchmarking scenarios.,S2,,补充分组材料对应；正文/正式回信落实仍独立核对,Q05待采用；非承诺履行验收
R3.3,"Please provide sufficient details about the models and training procedures used, including whether the same architectures, preprocessing, augmentation, optimization settings, and training budgets were applied across all experiments.",S1;S2;S3;S8,ST06;ST07;ST12;ST14;RT04;SF04;SF05,补充分组材料对应；正文/正式回信落实仍独立核对,Q05待采用；非承诺履行验收
R3.4,"The definition of ""agreement,"" ""discordance,"" and ""recovery"" should be stated precisely. Readers would benefit from a mathematical or operational definition of these measures.",S7,CT01;CF03;ST08;ST09,补充分组材料对应；正文/正式回信落实仍独立核对,Q05待采用；非承诺履行验收
R3.5,"The manuscript reports paired bootstrap selection frequencies of 0.99, 0.83, 0.96, and 0.57. Please explain how these frequencies were calculated and provide confidence intervals where appropriate.",,CT01;CF01;RT01;RT02;RF01;RF02,本项主要在正文、文献/声明或回信；补充取舍不关闭该项,Q05待采用；非承诺履行验收
