run_id,dataset,model,variant,split_id,training_seed,balanced_accuracy,secondary_lesion_balanced_accuracy,test_units,selected_epoch,elapsed_seconds,checkpoint_sha256
jiim_ext_isic2019_split_01_seed_42_resnet18_A,isic2019,resnet18,shared,split_01,42,0.4477085908235521,0.45736330162981464,3499,2,607.3188995942473,754b40032ebd2b416044f1ebc0ef8c7e31a89eb4c090204d3ba0c8d62ac03769
jiim_ext_isic2019_split_01_seed_52_resnet18_A,isic2019,resnet18,shared,split_01,52,0.45678681737722915,0.47643181699537307,3499,2,576.168033901602,33f7ffb09d1d423dc71fa6e5fac8c96bf5e54b92ff435806a0928f7929841190
jiim_ext_isic2019_split_01_seed_62_resnet18_A,isic2019,resnet18,shared,split_01,62,0.4883265629841775,0.4984778872134863,3499,2,526.2810347042978,4ed9f621e8ff45d0900a1d9a0297db6403760e968bdc12bb42b298922371e98f
jiim_ext_isic2019_split_01_seed_42_resnet50_A,isic2019,resnet50,shared,split_01,42,0.5133420329074849,0.5350655861355746,3499,2,525.2183838412166,f538e6f231c100a95a4bf383d4b86cd94b342d8cd3e50127b47a5c1fd36f4721
jiim_ext_isic2019_split_01_seed_52_resnet50_A,isic2019,resnet50,shared,split_01,52,0.5126809813629897,0.5694998380040623,3499,2,519.771161261946,119c7c8f6d943118cf9ede309573ce57bcfb6f219f36e4b842d96a30c146ff84
jiim_ext_isic2019_split_01_seed_62_resnet50_A,isic2019,resnet50,shared,split_01,62,0.5066626030854192,0.5435477562560896,3499,2,516.2843203060329,5984fbda0fabe8d6c0695131e627a4ccb6993cfcb2ba0a85f92e22e8d32dbbb8
jiim_ext_isic2019_split_01_seed_42_densenet121_A,isic2019,densenet121,shared,split_01,42,0.47311658533614287,0.5267517130420356,3499,4,764.3710188046098,f6f976e5a352b304156ac31b1a156ddd7f7acd11acdd0015ce191da6497b5b9f
jiim_ext_isic2019_split_01_seed_52_densenet121_A,isic2019,densenet121,shared,split_01,52,0.4499108046938708,0.48335395044592433,3499,3,671.7793963700533,68d719338a52006a6b4eabcfb3f38065453ab4e86324ab144a8f54399247dfa0
jiim_ext_isic2019_split_01_seed_62_densenet121_A,isic2019,densenet121,shared,split_01,62,0.4614205031851802,0.5035543045273267,3499,4,722.2733994200826,6829683c8791ce8024ecf0972ebafe73df89bfd737a3ff49e5f9ed62901e6fa1
jiim_ext_isic2019_split_01_seed_42_efficientnet_b0_A,isic2019,efficientnet_b0,shared,split_01,42,0.42995749763478336,0.4456247466371314,3499,14,1352.5621535032988,fda4749d351ab4f40cbcd24db96d8e72ca02378d83a964d8b693db9d55d4c01b
jiim_ext_isic2019_split_01_seed_52_efficientnet_b0_A,isic2019,efficientnet_b0,shared,split_01,52,0.4317336222567073,0.467798673385271,3499,21,1758.5649291798472,c35eff26a215f6a6313b307340dec1ce23e64a8f918c67ac96495cc56d4ee932
jiim_ext_isic2019_split_01_seed_62_efficientnet_b0_A,isic2019,efficientnet_b0,shared,split_01,62,0.44042010050984426,0.46871482170685325,3499,21,1766.4166752584279,0c4c47ed2d6c507c6d5fc7babe398a7b80fdc52e717be8bd94557b57d912419e
jiim_ext_isic2019_split_01_seed_42_swin_t_A,isic2019,swin_t,shared,split_01,42,0.4864566903075509,0.507988776048012,3499,3,612.4246617555618,23cd3e428be469a151fba9f58f6bd9274c40a367c6013a7ec57abb134946f5d3
jiim_ext_isic2019_split_01_seed_52_swin_t_A,isic2019,swin_t,shared,split_01,52,0.4606907273673618,0.4718055579888337,3499,2,551.6879807859659,ce137dd2ba812037444107734c806bb0a0a82c2f2d02ff87c70d4c91932fda26
jiim_ext_isic2019_split_01_seed_62_swin_t_A,isic2019,swin_t,shared,split_01,62,0.507975480264347,0.5178222787410576,3499,3,582.1387262791395,8250221feffa28bd109539d589b64990316d9629cbc89774338ab34c519fc9df
jiim_ext_isic2019_split_01_seed_42_swin_t_B,isic2019,swin_t,swin_weight_eval,split_01,42,0.4976526628954463,0.5366917601407808,3499,3,668.1127480082214,25ceb2e2a0bf03d387a6ad5dca3aa5e359ba418caf92c0b5341c88284c26b48c
jiim_ext_isic2019_split_01_seed_52_swin_t_B,isic2019,swin_t,swin_weight_eval,split_01,52,0.5392529873795179,0.542148475670941,3499,4,756.6020961254835,e4a713b871c426050384d9d83ab25d8d2415a518a828738c19f63bf5695045d2
jiim_ext_isic2019_split_01_seed_62_swin_t_B,isic2019,swin_t,swin_weight_eval,split_01,62,0.5116471819893011,0.5407273526133933,3499,3,681.9460773132741,c144896de5781dd53bb99169aa699ff8144f48df0e69fe6a983e43417268178d
jiim_ext_isic2019_split_02_seed_42_resnet18_A,isic2019,resnet18,shared,split_02,42,0.4643128218513466,0.4767245026357715,3486,1,478.51057180017233,47035aac0117601ab39a17f46842ccb92da7fe50733c59f20395b2d9e41ba467
jiim_ext_isic2019_split_02_seed_52_resnet18_A,isic2019,resnet18,shared,split_02,52,0.4443329307859898,0.4701569013167411,3486,1,511.7369844317436,38d588401319c270db1659aab22a30fdfb538432feb49e96115b4d4e83fd372d
jiim_ext_isic2019_split_02_seed_62_resnet18_A,isic2019,resnet18,shared,split_02,62,0.4698742017457009,0.5169858041869919,3486,3,627.3185624666512,59f84a512fd086a11a3a3f3419046ea20a9d7c5df4a6fa90823b49a2f4af50c8
jiim_ext_isic2019_split_02_seed_42_resnet50_A,isic2019,resnet50,shared,split_02,42,0.5184298837944535,0.5487682467754915,3486,3,668.5071150846779,896bc23fd6b75e59c3db95813f8a7fe4c8162524b3326a5e243355184172e5ed
jiim_ext_isic2019_split_02_seed_52_resnet50_A,isic2019,resnet50,shared,split_02,52,0.49243519315909395,0.5399860561576936,3486,2,569.0781110711396,c060073ada643c736911d5eed1c89658d352febb809d8694085461d27fd5d9ef
jiim_ext_isic2019_split_02_seed_62_resnet50_A,isic2019,resnet50,shared,split_02,62,0.5084114701146679,0.5417821046390232,3486,2,571.630066152662,9951d548bab8bced828c63a472a8e79f89ee57e55c883e10810a506084f51d78
jiim_ext_isic2019_split_02_seed_42_densenet121_A,isic2019,densenet121,shared,split_02,42,0.45486053604270055,0.48275511294088624,3486,2,590.9117867872119,9a156b4d75e005dc566830fd2e04b0614ace664ad7dc5be21b3241ba0ed3e34b
jiim_ext_isic2019_split_02_seed_52_densenet121_A,isic2019,densenet121,shared,split_02,52,0.46457003445841916,0.49363952971200453,3486,3,663.6897480897605,4551010c4def8f822062d739e07802f27a6b7c3b66d52aace5ffd3f1e0683eb9
jiim_ext_isic2019_split_02_seed_62_densenet121_A,isic2019,densenet121,shared,split_02,62,0.4795455582499216,0.49675322964703883,3486,4,699.5379656292498,43d4fc74123599695ef752da313d9e6b698be62d62b2b418efb6de17616535de
jiim_ext_isic2019_split_02_seed_42_efficientnet_b0_A,isic2019,efficientnet_b0,shared,split_02,42,0.41970335013421334,0.4574633850800757,3486,10,1086.864824641496,d1c500f9f5c0b9d56de3784b42b52b01daa73fcdf03889b956107de619e7dbff
jiim_ext_isic2019_split_02_seed_52_efficientnet_b0_A,isic2019,efficientnet_b0,shared,split_02,52,0.43629775872572546,0.46562079536794926,3486,17,1527.4026356190443,3ead8c663025d1ba92edc52cc255216268891a3686f5edced912885628137473
jiim_ext_isic2019_split_02_seed_62_efficientnet_b0_A,isic2019,efficientnet_b0,shared,split_02,62,0.43649552496857197,0.4753689124744496,3486,19,1717.0844688042998,433459d91651282cb0f8ddc310009fec675ec9ff43d20550960f2633586fbce5
jiim_ext_isic2019_split_02_seed_42_swin_t_A,isic2019,swin_t,shared,split_02,42,0.4928846238020641,0.5343243916793661,3486,3,614.5887088738382,df25cbd6d94c9cbaeb2651fd6117a6372f49c5c2d94bc754d614df4d82c7ec27
jiim_ext_isic2019_split_02_seed_52_swin_t_A,isic2019,swin_t,shared,split_02,52,0.4839285703703806,0.512767714577901,3486,3,616.1829204708338,58b7ebf13f8b4730561e2004a42355d3d128eb98135247766b8f4f15073c45e2
jiim_ext_isic2019_split_02_seed_62_swin_t_A,isic2019,swin_t,shared,split_02,62,0.4748094720624489,0.4950307109638834,3486,3,606.0383280403912,59c5fbc3a4bebd47c9ce36c5e13a9acdc0a9f69ddb7e48109f1372b2f3850425
jiim_ext_isic2019_split_02_seed_42_swin_t_B,isic2019,swin_t,swin_weight_eval,split_02,42,0.500535977151505,0.5397751732107514,3486,3,700.7979605048895,a4a5f05c8ddf1272315bd6d1a6b92550468c087297aef7013cbb38a83ec84653
jiim_ext_isic2019_split_02_seed_52_swin_t_B,isic2019,swin_t,swin_weight_eval,split_02,52,0.4985417746059347,0.5149826891684446,3486,3,698.6225827671587,f2720d838d35fe9b91b061add9f6af814d8b9a17335fe778e32e135621d6eb0b
jiim_ext_isic2019_split_02_seed_62_swin_t_B,isic2019,swin_t,swin_weight_eval,split_02,62,0.4886096959401432,0.519771444221372,3486,3,687.1416345350444,fa43de4008ea51e638ebd7c524e34a760ea4ff19fa0bc5871bd3ce215d5d3352
jiim_ext_isic2019_split_03_seed_42_resnet18_A,isic2019,resnet18,shared,split_03,42,0.4905195671388586,0.4866440869244777,3471,1,511.9051360525191,da5d56006e845ad7a923afa9583b8b6f0c4fbdf874dcb0aba500d8bbb03de298
jiim_ext_isic2019_split_03_seed_52_resnet18_A,isic2019,resnet18,shared,split_03,52,0.49462662166178034,0.5073641522888059,3471,2,539.3214971683919,860f3834fac4badfbf907b31f14a7290d4bb07586cd4889a925eae67a469db44
jiim_ext_isic2019_split_03_seed_62_resnet18_A,isic2019,resnet18,shared,split_03,62,0.480796336644007,0.47813178814480484,3471,1,487.37133345380425,0b2cecd8f8b07337ea23328d94ebeaaa5f6e8f2faece925cc9b4151d26a4038e
jiim_ext_isic2019_split_03_seed_42_resnet50_A,isic2019,resnet50,shared,split_03,42,0.5089770369812651,0.5042198959964448,3471,1,478.78650245442986,117c55cec42d7ccdbe1e8c6e9207f0616c39c8273b3345f29000301907c4d84b
jiim_ext_isic2019_split_03_seed_52_resnet50_A,isic2019,resnet50,shared,split_03,52,0.5274821220877332,0.5175037325696996,3471,2,562.9054191112518,6eb3e97187478a2f7d8925a9cbada51cd6863982b1cccae2e3c7e4ca45dd5e93
jiim_ext_isic2019_split_03_seed_62_resnet50_A,isic2019,resnet50,shared,split_03,62,0.4712749511641883,0.49306932024380784,3471,1,469.9011023975909,e6f9eadc7b349266bfdc4e68eddbfb73f175f547b88f3f771555e2e9b3c6cf77
jiim_ext_isic2019_split_03_seed_42_densenet121_A,isic2019,densenet121,shared,split_03,42,0.5027373570005662,0.5039147712119965,3471,2,644.1248158812523,e66b036568c846d551e6f0ccdf8f05e805d701d2b431ac2658d66cab2f93c891
jiim_ext_isic2019_split_03_seed_52_densenet121_A,isic2019,densenet121,shared,split_03,52,0.44694267610685195,0.44544665802090544,3471,2,636.720020391047,1d4f59fabd1508962c1ffb5a08d29123c8793a902d78d9d94b950c6036078db1
jiim_ext_isic2019_split_03_seed_62_densenet121_A,isic2019,densenet121,shared,split_03,62,0.4601857925500644,0.4788863459115252,3471,3,721.5879803597927,3276dc3dbc874679ed080abcd8a3af5997150c90b13dc4ed914eddc6a6a95efb
jiim_ext_isic2019_split_03_seed_42_efficientnet_b0_A,isic2019,efficientnet_b0,shared,split_03,42,0.46939598070885025,0.4672937126051975,3471,12,1331.9010348431766,1f645fbd778eb2c11055c8978d25b743d398322bddb1ac11e471b398a5cc6a12
jiim_ext_isic2019_split_03_seed_52_efficientnet_b0_A,isic2019,efficientnet_b0,shared,split_03,52,0.4626845772507646,0.4671348154162013,3471,19,1712.5159086473286,86e6e254bb501d8b9c719743ea130c1d0d469cb0d3426b99e9b08c57f3795e99
jiim_ext_isic2019_split_03_seed_62_efficientnet_b0_A,isic2019,efficientnet_b0,shared,split_03,62,0.4642849790862458,0.46664749831821994,3471,17,1546.1498617269099,74a4082280e5944987fb8a0be842aca5efaf6a82bbc6450c15a47d839303ac07
jiim_ext_isic2019_split_03_seed_42_swin_t_A,isic2019,swin_t,shared,split_03,42,0.5067240930729477,0.4782886587121786,3471,3,640.6120423413813,89ac7884c4cd3e17797bfac9d3a5408e9573dad483d95060b1d489f0e87f1840
jiim_ext_isic2019_split_03_seed_52_swin_t_A,isic2019,swin_t,shared,split_03,52,0.5058722649183659,0.4925178357244273,3471,2,549.8587687686086,ef6d460af48e2448b609140dcb02af1ed5115662f92fd180228c35d72c34acf7
jiim_ext_isic2019_split_03_seed_62_swin_t_A,isic2019,swin_t,shared,split_03,62,0.5104353930126466,0.5413901290296022,3471,3,625.2245432399213,e76c29b4878333da6e6f4a9b38fa62a86193e6125bde8ca87247ed5ddc8aa11d
jiim_ext_isic2019_split_03_seed_42_swin_t_B,isic2019,swin_t,swin_weight_eval,split_03,42,0.5054620719153101,0.5016240873716962,3471,3,668.4413986541331,eb1c323f9eefa91bf3119eb043e6c4411063fd3b0a5f04ff356821af4a2ce647
jiim_ext_isic2019_split_03_seed_52_swin_t_B,isic2019,swin_t,swin_weight_eval,split_03,52,0.5333582771382556,0.5098925142893174,3471,3,684.5345701575279,4d0ca2d5525ddd385ab6e220e0614475e73ed29c712d8b486f2a6f714afc813e
jiim_ext_isic2019_split_03_seed_62_swin_t_B,isic2019,swin_t,swin_weight_eval,split_03,62,0.5270695200733174,0.5194425265831398,3471,3,692.4715510420501,54060a990eb4fc228b7b8383e34c8f44d9f54cf67d9ae1ab755ccc0ca10be44c
jiim_ext_isic2019_split_04_seed_42_resnet18_A,isic2019,resnet18,shared,split_04,42,0.45687614410255784,0.4580549325730672,3473,1,456.1279532685876,0e5402e2f0a639178eab5a08abc5f8fb7a3a281b65d2e1433163c6105f77f87f
jiim_ext_isic2019_split_04_seed_52_resnet18_A,isic2019,resnet18,shared,split_04,52,0.4836637229436618,0.5035810362569821,3473,1,459.9004491902888,2f1b51185d12aedacfe55ef11f3c1454cc0ecb30719167071ced6191363f3f08
jiim_ext_isic2019_split_04_seed_62_resnet18_A,isic2019,resnet18,shared,split_04,62,0.472969182216331,0.5094978398967109,3473,1,452.0998272933066,d9b13213a95fa16fe08e284ee97447b2e2a08cd07ab52fe4e4c91c6fce7cde1b
jiim_ext_isic2019_split_04_seed_42_resnet50_A,isic2019,resnet50,shared,split_04,42,0.4779862077719209,0.4944243534488793,3473,1,472.2247936874628,2f6b5d5a49560281d6f4a6df464db60ab00faef411af56f8562ed1a65046aec8
jiim_ext_isic2019_split_04_seed_52_resnet50_A,isic2019,resnet50,shared,split_04,52,0.5519996653446482,0.5810749163396064,3473,2,518.5843596868217,d1f69e71df4e486caf9381f7e95b5e5e87ae8b9f67bdc5170bb407810f1c196e
jiim_ext_isic2019_split_04_seed_62_resnet50_A,isic2019,resnet50,shared,split_04,62,0.4899912641477102,0.514312675278004,3473,1,464.0350528769195,b84860609abfde19f255f5e515e4e1a997eb954c016a4d1a5ce33c7f6587392d
jiim_ext_isic2019_split_04_seed_42_densenet121_A,isic2019,densenet121,shared,split_04,42,0.4882685616376865,0.4906781997577191,3473,2,606.0109219588339,1c93ec654147ed9463ad0715930913d14a4d142e8c360314940278e5dc936097
jiim_ext_isic2019_split_04_seed_52_densenet121_A,isic2019,densenet121,shared,split_04,52,0.4638536537371448,0.48150358452343406,3473,2,603.0228960849345,fb33d0fbfab71f352092d205111ec95d06ccbdaaa38933142d2b176a1c271edc
jiim_ext_isic2019_split_04_seed_62_densenet121_A,isic2019,densenet121,shared,split_04,62,0.4813949462235322,0.5036350150556616,3473,3,642.2093245051801,bdeb608a74a9d499c99a2addcc5fee2157a7bb3700867944dae83fb4f78b4372
jiim_ext_isic2019_split_04_seed_42_efficientnet_b0_A,isic2019,efficientnet_b0,shared,split_04,42,0.4862124195251074,0.4881221470355065,3473,16,1456.421476572752,5052a4df88fd94bc81f275a5d960365603236747549ff3136d71de918bc8a147
jiim_ext_isic2019_split_04_seed_52_efficientnet_b0_A,isic2019,efficientnet_b0,shared,split_04,52,0.4988966927175964,0.4895398572599017,3473,14,1300.5356795042753,a4dc0ba7bd75abe7b31d27436e4635dd04a448688615f96d02aee409684c7532
jiim_ext_isic2019_split_04_seed_62_efficientnet_b0_A,isic2019,efficientnet_b0,shared,split_04,62,0.4898000660075325,0.49183404026997013,3473,18,1594.6469293311238,d96d5e2b33dd2ad65cd4e0f672caacd90584c7c9e888c2ec0d4f5a171c468e9f
jiim_ext_isic2019_split_04_seed_42_swin_t_A,isic2019,swin_t,shared,split_04,42,0.5668892039884542,0.5852832534397229,3473,3,575.8582696840167,75428c0a2572ced71f0bb807f57987fcacac4e55ea5a993843cde2e5e69eed33
jiim_ext_isic2019_split_04_seed_52_swin_t_A,isic2019,swin_t,shared,split_04,52,0.5528358220072227,0.5831574827372847,3473,3,589.7032262608409,441a177a1edf4fcffdb506a0d7229e469dc169de6c53c307647c799ea712ed7b
jiim_ext_isic2019_split_04_seed_62_swin_t_A,isic2019,swin_t,shared,split_04,62,0.5520974666962475,0.572903420131553,3473,4,641.5911623947322,41d10da271ec087ee050adf655ececa553660885b051d89dd98244f3337d5488
jiim_ext_isic2019_split_04_seed_42_swin_t_B,isic2019,swin_t,swin_weight_eval,split_04,42,0.5846790812059732,0.614161945734689,3473,3,695.6235125623643,cc7f0cab39b6482035032232dee0aa132d27a55a97f0578f58dab083321dba44
jiim_ext_isic2019_split_04_seed_52_swin_t_B,isic2019,swin_t,swin_weight_eval,split_04,52,0.5778464362741904,0.60623869051303,3473,3,724.1112536378205,0a98dce62923bebee0d6813b840c337f65731c6241ea8fa08d48fb8756ade140
jiim_ext_isic2019_split_04_seed_62_swin_t_B,isic2019,swin_t,swin_weight_eval,split_04,62,0.5646104067484232,0.6125420070807558,3473,4,776.7814937196672,d722d83e4a66580e9dc8b912c83223870891c710246ee753deaa375b808f900f
jiim_ext_isic2019_split_05_seed_42_resnet18_A,isic2019,resnet18,shared,split_05,42,0.4286418085738363,0.44079230843294953,3468,1,458.44077794626355,492045de32a47a2d9cd4c6d5d274f052442d4fb02d1f54fa1cff2790c75de9f2
jiim_ext_isic2019_split_05_seed_52_resnet18_A,isic2019,resnet18,shared,split_05,52,0.44088708571584884,0.48028625799185853,3468,2,507.9247140288353,046576c17077a14c172f57d31977236ae6842062f95befff3ff6611381a80375
jiim_ext_isic2019_split_05_seed_62_resnet18_A,isic2019,resnet18,shared,split_05,62,0.43589817003083503,0.4586426639871872,3468,2,519.6202721260488,9da689586d47cbde987cb47249b04c375f653b11c41b0976c25a30eb5cd2e9b9
jiim_ext_isic2019_split_05_seed_42_resnet50_A,isic2019,resnet50,shared,split_05,42,0.47450406126580763,0.5016749045806284,3468,1,455.49337926134467,37578f6703fff5aad2ee44a176f03788018a5f220dc4c97cb905871e47ffb14a
jiim_ext_isic2019_split_05_seed_52_resnet50_A,isic2019,resnet50,shared,split_05,52,0.490714305393369,0.5444657911270638,3468,2,524.6409983932972,6b90f197b19c7ae1ac59d4929123cd3190b6a80d6257bece56a901aabf344155
jiim_ext_isic2019_split_05_seed_62_resnet50_A,isic2019,resnet50,shared,split_05,62,0.48835648832149314,0.5324184459367828,3468,2,510.19477133080363,926f5cb065327cbf6c993b3b257444770f563556fe60082e214da97e824e0261
jiim_ext_isic2019_split_05_seed_42_densenet121_A,isic2019,densenet121,shared,split_05,42,0.4341895633696146,0.4745890541061451,3468,2,593.6779870167375,0fcf50f92cc2c5d9e4f9ac6c84df3d26257f88bd5902a6f2ef6e382e27a7eaff
jiim_ext_isic2019_split_05_seed_52_densenet121_A,isic2019,densenet121,shared,split_05,52,0.4318962365782112,0.4593783629735092,3468,2,575.3989280313253,cd2b9ddda4f3e2e8a652466ae5a0a02bb0b8d0ad7d9fb373c2d2cbdec88bab9e
jiim_ext_isic2019_split_05_seed_62_densenet121_A,isic2019,densenet121,shared,split_05,62,0.44459740932967035,0.4875179465538291,3468,3,650.6134667955339,8d1da680e639560ab534a51aa0b6fd9771e47c8b6f426d9759a91372651600d5
jiim_ext_isic2019_split_05_seed_42_efficientnet_b0_A,isic2019,efficientnet_b0,shared,split_05,42,0.45420786999878987,0.4802817762304459,3468,20,1680.882393591106,a3e243bf76d5265795d5f7aaad412509b0714f44d9822923d198b9bba386e2ba
jiim_ext_isic2019_split_05_seed_52_efficientnet_b0_A,isic2019,efficientnet_b0,shared,split_05,52,0.4453993012689635,0.49603361470727075,3468,18,1575.928376890719,54829f62172144a7e71a695835d5da3313befed3b5ea214504c2508135f62645
jiim_ext_isic2019_split_05_seed_62_efficientnet_b0_A,isic2019,efficientnet_b0,shared,split_05,62,0.4583190944348513,0.5143538805898111,3468,26,2013.3598169274628,5656980ad1676c9c678bd82f4855d37b43ece0583f8408cfadea1f6edaf804ba
jiim_ext_isic2019_split_05_seed_42_swin_t_A,isic2019,swin_t,shared,split_05,42,0.49239253659434634,0.5368229282490473,3468,3,584.4706023558974,c5e103e72f64fa8819a3ef019c71f3f6a6246fddc1738794aa0d6e8946efe560
jiim_ext_isic2019_split_05_seed_52_swin_t_A,isic2019,swin_t,shared,split_05,52,0.4756491160135844,0.5101078852685388,3468,2,514.0993567854166,6f857c6c740c0a268da7f007332017bc5802542507874a35fa530cc423dd3425
jiim_ext_isic2019_split_05_seed_62_swin_t_A,isic2019,swin_t,shared,split_05,62,0.4804618326641534,0.5212810083187381,3468,2,530.09251575917,94f5aaaba82abded50dc4417765c9def373472c9ec82d8ff23522955aa380a2e
jiim_ext_isic2019_split_05_seed_42_swin_t_B,isic2019,swin_t,swin_weight_eval,split_05,42,0.5262005601726751,0.5847433964838056,3468,4,729.7912036441267,815241484ac049e6d494b44aac0cd5de13524fc3f92e4e03f203c92a33d73468
jiim_ext_isic2019_split_05_seed_52_swin_t_B,isic2019,swin_t,swin_weight_eval,split_05,52,0.48867772229476414,0.5472350199051426,3468,3,668.5541657581925,8b965e4938092aadc453e4714f7112ec2e7b74a5c7409cd633e4fe3ce5e9eca6
jiim_ext_isic2019_split_05_seed_62_swin_t_B,isic2019,swin_t,swin_weight_eval,split_05,62,0.49990193350399703,0.5355200596080494,3468,3,686.7064509391785,bfb7de8fdfbc07c3e3a0c7bbe0b8bff15a9e4e23fd43d61d6617c34eb91eb932
jiim_ext_isic2019_split_06_seed_42_resnet18_A,isic2019,resnet18,shared,split_06,42,0.47327075105867444,0.5067040564549196,3524,2,602.9645451717079,081552c4d8231e9c6af2cbd2c9bf0e6560e0ce548d1c58f02b4b3822d4ea01a6
jiim_ext_isic2019_split_06_seed_52_resnet18_A,isic2019,resnet18,shared,split_06,52,0.4905993123882001,0.5026856934986152,3524,2,633.1385328248143,84f590307063aea0e09e72e7eb1bb528672c5034e6b991653670a50b5d53606f
jiim_ext_isic2019_split_06_seed_62_resnet18_A,isic2019,resnet18,shared,split_06,62,0.4846965567445568,0.5147510666191499,3524,2,593.7383023500443,e56cfdeb0716f82a770e6dac84e9908b53500c610222196011e9596c31df6de7
jiim_ext_isic2019_split_06_seed_42_resnet50_A,isic2019,resnet50,shared,split_06,42,0.5008049125785239,0.5190196912507349,3524,2,652.2980866543949,4e666256643bb9ceae6aa1423550366f0ae7c63725915c8707d32c57ae9fa4b9
jiim_ext_isic2019_split_06_seed_52_resnet50_A,isic2019,resnet50,shared,split_06,52,0.531173670283646,0.5308017500099127,3524,2,616.2774406336248,8861cfee253c02622a612039471a5853ed64fa05bb842bf51c4497d5232e86e2
jiim_ext_isic2019_split_06_seed_62_resnet50_A,isic2019,resnet50,shared,split_06,62,0.5402380322939596,0.5595108013597523,3524,2,622.0488195680082,826096aab94925a6edd8ca707a3d98696579b7bad807808b6c4215663ccda90a
jiim_ext_isic2019_split_06_seed_42_densenet121_A,isic2019,densenet121,shared,split_06,42,0.46924981892487244,0.5014929251978851,3524,2,581.2072191126645,064855d0047d0543ee942b029fde331eb0b96b2dae6e4c0f10f43ae33d8a0423
jiim_ext_isic2019_split_06_seed_52_densenet121_A,isic2019,densenet121,shared,split_06,52,0.4628931871012729,0.47328684041417945,3524,2,580.7598549686372,cce86c4bbfda91b805230e4cf8308c86ed4b66e5720d507bc866b22547dd75f3
jiim_ext_isic2019_split_06_seed_62_densenet121_A,isic2019,densenet121,shared,split_06,62,0.49148345120779136,0.5075623772749227,3524,3,674.0461283996701,1f3569cd63a7e0c06a18301f1461d76d76d4e1a6bd9e6461d4b62d199d4b1aea
jiim_ext_isic2019_split_06_seed_42_efficientnet_b0_A,isic2019,efficientnet_b0,shared,split_06,42,0.44997569793157877,0.46647005625802135,3524,15,1474.4065770059824,56fc03e9aa29d0c982fd8c146d2338cb319029da8be94c56e339e1735727b82c
jiim_ext_isic2019_split_06_seed_52_efficientnet_b0_A,isic2019,efficientnet_b0,shared,split_06,52,0.4397831492086849,0.45720654915606684,3524,20,1873.7324447594583,9f5134c7a527a1ae27688c70b5bcd0ba17e67ed32970a84194e52b3e20d7acdd
jiim_ext_isic2019_split_06_seed_62_efficientnet_b0_A,isic2019,efficientnet_b0,shared,split_06,62,0.4292775144953904,0.43193111810587076,3524,17,1753.663352202624,141443321dfcc7943831e4c5c112db233751f5039f7bcb55869b18c6ff1e570f
jiim_ext_isic2019_split_07_seed_42_resnet18_A,isic2019,resnet18,shared,split_07,42,0.4452172566902649,0.4651514571694737,3486,1,544.4493414610624,43685f9bd722aaff9372dfc06f09f38165cc2674f4ef9cc0cbc2adbd61eb9efb
jiim_ext_isic2019_split_07_seed_52_resnet18_A,isic2019,resnet18,shared,split_07,52,0.4658512144378643,0.4691490517821234,3486,1,525.4071410596371,382178bf7423d0af78b4c7fd7349fecf02bdc80d2a92bb81cfcd76dc434dd539
jiim_ext_isic2019_split_07_seed_62_resnet18_A,isic2019,resnet18,shared,split_07,62,0.47759588818403764,0.5040071827683218,3486,2,640.8811186142266,e7191919b673546a55ac6f30101cc95be4d108e15e038e4cc9ec93ac3fc2d855
jiim_ext_isic2019_split_07_seed_42_resnet50_A,isic2019,resnet50,shared,split_07,42,0.47262961358220457,0.5128199414501173,3486,1,492.6552933230996,e75c9b68b50fcaf1f178b42222d8b3503239fb4ebe9609d0b40ce6523904e6f8
jiim_ext_isic2019_split_07_seed_52_resnet50_A,isic2019,resnet50,shared,split_07,52,0.5412460581490952,0.5669497957337167,3486,3,647.3377666994929,871a81a045fb1cef8561be3a09cdbc747c58d4270081443e8f5cff175223040d
jiim_ext_isic2019_split_07_seed_62_resnet50_A,isic2019,resnet50,shared,split_07,62,0.5292427827622028,0.5846245511461798,3486,2,564.3645262718201,f7f60427cdb2284f01938e03dc3bf90521fafce1a71d4c37b1a89da58cee0f7e
jiim_ext_isic2019_split_07_seed_42_densenet121_A,isic2019,densenet121,shared,split_07,42,0.456828678140924,0.47864150803893546,3486,3,738.5220819488168,cf7df4f3c2ead7e194d708bdb97eb8631cb68f35da20f23dcbcd8b0b99134f54
jiim_ext_isic2019_split_07_seed_52_densenet121_A,isic2019,densenet121,shared,split_07,52,0.45171720867882403,0.4787314793976958,3486,3,712.0558861680329,8ca35a3a82b2e69506cc499b99493c7059c81e37808a39ff6650a82117ca58ef
jiim_ext_isic2019_split_07_seed_62_densenet121_A,isic2019,densenet121,shared,split_07,62,0.4261718470419494,0.4294920546572374,3486,2,670.5029320269823,04cf8ac3b77e9fb2927b5eed0452fbc9f5fc636b59dbecc2a24404b3ab5deba1
jiim_ext_isic2019_split_07_seed_42_efficientnet_b0_A,isic2019,efficientnet_b0,shared,split_07,42,0.46086071027586883,0.4606515332519527,3486,14,1518.3855774477124,8d01cbcf661c50643192cadf190700b66db320221cb679ad824014d9f21c054b
jiim_ext_isic2019_split_07_seed_52_efficientnet_b0_A,isic2019,efficientnet_b0,shared,split_07,52,0.4567871177429955,0.45104698956967443,3486,16,1726.0550722405314,266f7976f71c6ef436f23d42e0a302e28d593c62a3516b77d728f1a324086caf
jiim_ext_isic2019_split_07_seed_62_efficientnet_b0_A,isic2019,efficientnet_b0,shared,split_07,62,0.43791407487225165,0.43798074927381286,3486,11,1273.7699914388359,05e5d3035119448a7e307002d5718f16bddbd7e5a75c9ce59e74a03d6016de32
jiim_ext_isic2019_split_08_seed_42_resnet18_A,isic2019,resnet18,shared,split_08,42,0.45314594085252,0.46771957833726086,3506,2,533.1885773874819,30f353a49ef9cac0dc84ba9ac292d80d8cc65e374b4045033f0eb1304a7da841
jiim_ext_isic2019_split_08_seed_52_resnet18_A,isic2019,resnet18,shared,split_08,52,0.42018454512937653,0.41425020656229683,3506,1,452.20675160735846,0f6bbf1d84ca866c6809ca35e6233c2fc82ea42c3a279af3975ac139036cdb10
jiim_ext_isic2019_split_08_seed_62_resnet18_A,isic2019,resnet18,shared,split_08,62,0.43081503146739153,0.4556763635405886,3506,2,531.9883822351694,adbf21839d912334ed4f2681f85d1399b1f7579bcd29e6f3dd8868081a8a5716
jiim_ext_isic2019_split_08_seed_42_resnet50_A,isic2019,resnet50,shared,split_08,42,0.4662418565633184,0.5051265324253583,3506,1,487.45836463943124,ffe5a56a4389006ddabc001b2fc552c054d2d4598a1e45efd7500cabe268ca76
jiim_ext_isic2019_split_08_seed_52_resnet50_A,isic2019,resnet50,shared,split_08,52,0.48085018601932167,0.5168470334041855,3506,1,463.43475437164307,f68c09f2ea7d2b7f4310f6f17927f1bbfb9b32baa63fc5b49b7ad635bb869a6a
jiim_ext_isic2019_split_08_seed_62_resnet50_A,isic2019,resnet50,shared,split_08,62,0.5152318833234997,0.5326566247110687,3506,2,542.2042684815824,e8a09775773eab01fe4afa538b711cf3ff81241dab63912a2fefe409bb08b223
jiim_ext_isic2019_split_08_seed_42_densenet121_A,isic2019,densenet121,shared,split_08,42,0.4454912547822426,0.45428662075349624,3506,2,635.2988164760172,1aa52447845f65cd7279b4e65bd3aa10d507162db41331f820e3dd19f40cb912
jiim_ext_isic2019_split_08_seed_52_densenet121_A,isic2019,densenet121,shared,split_08,52,0.4538148635741164,0.46424512620353797,3506,2,641.4049325287342,0bbe331cd7deed45ad2da425845069507c1d61941d2299b74c4e513e3b1e51e6
jiim_ext_isic2019_split_08_seed_62_densenet121_A,isic2019,densenet121,shared,split_08,62,0.4373208622561456,0.4346702227859256,3506,2,640.2607165239751,61a29fba3f44609adb5c5bf2a5503cc3d69ef7f65834714c28f0e702dc078d26
jiim_ext_isic2019_split_08_seed_42_efficientnet_b0_A,isic2019,efficientnet_b0,shared,split_08,42,0.4140271967396989,0.41987840972036927,3506,15,1544.1199039071798,293b3c9a22f21bf3b0efb048cbffdf75b0f4b41573ab0b4a8eed0cf2fab2398c
jiim_ext_isic2019_split_08_seed_52_efficientnet_b0_A,isic2019,efficientnet_b0,shared,split_08,52,0.42601273370087034,0.4284029697755018,3506,18,1761.6920229792595,0fc7df3beb86998666e72f830f75216733bf68dfae175406bd9b0a0b5be7a7b1
jiim_ext_isic2019_split_08_seed_62_efficientnet_b0_A,isic2019,efficientnet_b0,shared,split_08,62,0.4279111350633037,0.43244555601047363,3506,16,1448.5782768800855,518a215526fc2697f2d49569586b317525fea9b11d09d5a7d0f7fc78140f58f9
jiim_ext_isic2019_split_09_seed_42_resnet18_A,isic2019,resnet18,shared,split_09,42,0.4220402224670014,0.44962827129618055,3485,1,476.3836949020624,cad985b0f0da5f987239df8a50b59ed5e6325dd950536ec87785c888b37f5840
jiim_ext_isic2019_split_09_seed_52_resnet18_A,isic2019,resnet18,shared,split_09,52,0.46569393337459997,0.49764133544573175,3485,2,549.3684529736638,4c21b19dd60229fa3a81bfe4aeda3f7628641c39071fed3976e074946f2ae8f3
jiim_ext_isic2019_split_09_seed_62_resnet18_A,isic2019,resnet18,shared,split_09,62,0.5066017086802291,0.5362381978623825,3485,2,540.4815088286996,76a4eec18a744af227a946aba566120a689014c8d66c168a1de3bd32b6a78ffc
jiim_ext_isic2019_split_09_seed_42_resnet50_A,isic2019,resnet50,shared,split_09,42,0.47301359416961575,0.506363489080031,3485,1,485.17538456246257,05647c4660a311857e4b82f81bc60010257d80cec311abb7707655f31ca81934
jiim_ext_isic2019_split_09_seed_52_resnet50_A,isic2019,resnet50,shared,split_09,52,0.5373566422234818,0.593346239711698,3485,2,533.2981437370181,f7af3823edc8a34891c7ea26406f572b0eccd8af61dfe9a9f9d14f0fde21254a
jiim_ext_isic2019_split_09_seed_62_resnet50_A,isic2019,resnet50,shared,split_09,62,0.5523580287140577,0.6064636836653029,3485,2,538.38443460688,bc7829db863e26cd00cf338af0c0b36ad90625c8dd83e3bb722ff4f0f2db5d4e
jiim_ext_isic2019_split_09_seed_42_densenet121_A,isic2019,densenet121,shared,split_09,42,0.4741993364634339,0.5155417051359432,3485,4,706.7279464639723,3bb32104b013ba3ed504b5cbac74f3e0d617482e629eaec76522b58b307f55b7
jiim_ext_isic2019_split_09_seed_52_densenet121_A,isic2019,densenet121,shared,split_09,52,0.4643813038360066,0.4914412321153374,3485,3,650.7687929533422,87d8280fcee95c2dc78e46f25cba03f32832d91777e359f30d68991efec80e07
jiim_ext_isic2019_split_09_seed_62_densenet121_A,isic2019,densenet121,shared,split_09,62,0.44383810286506964,0.4760058058559371,3485,2,582.5177018754184,b59ff77153811df1c2446163520abf7444824ed05d340a67c615326d6120d2ca
jiim_ext_isic2019_split_09_seed_42_efficientnet_b0_A,isic2019,efficientnet_b0,shared,split_09,42,0.4566610424123972,0.4650424562610474,3485,16,1519.6307267174125,7a8b5fdf0f1b09c494f98b73c18a6a65ace773ebeeecf0ddb1d0bcc7f735a045
jiim_ext_isic2019_split_09_seed_52_efficientnet_b0_A,isic2019,efficientnet_b0,shared,split_09,52,0.43158251315133556,0.44587244042672547,3485,13,1358.4000548869371,28ff894a4833c7e6a8984e0d07ab5830de4842a6449ce41174d835be4f45e2f1
jiim_ext_isic2019_split_09_seed_62_efficientnet_b0_A,isic2019,efficientnet_b0,shared,split_09,62,0.4407917359800305,0.45178142348931466,3485,13,1286.27911041677,e53ceed6187fbc793544ef0f7da56c55daa80f0326020ebff304b9d539865a82
jiim_ext_isic2019_split_10_seed_42_resnet18_A,isic2019,resnet18,shared,split_10,42,0.46903678207655025,0.47443832519578233,3503,1,480.33895015344024,6c329a5b263d10cf2bd29e8a6d48b523b62f7d49a476020943479c4094003f7f
jiim_ext_isic2019_split_10_seed_52_resnet18_A,isic2019,resnet18,shared,split_10,52,0.46144113335894993,0.4805986600220024,3503,1,489.3114405050874,8439fc8759557f85f5c720e60430bfe4ae560c6e6e9a83865500b1ab22d08f64
jiim_ext_isic2019_split_10_seed_62_resnet18_A,isic2019,resnet18,shared,split_10,62,0.5332432411891312,0.5502499946516619,3503,2,527.8170657977462,c2f150ea6c5db5be22874139a707de2f0776abd84542601efe1019f598df87bc
jiim_ext_isic2019_split_10_seed_42_resnet50_A,isic2019,resnet50,shared,split_10,42,0.5012545277396208,0.5411890261906012,3503,1,478.64537681266665,b7c9ed6998c969eaf55177e7f892be81040160bf4bd4ea3eebbb706977008fb6
jiim_ext_isic2019_split_10_seed_52_resnet50_A,isic2019,resnet50,shared,split_10,52,0.5154381984994566,0.569516954579348,3503,2,543.0496059134603,2c8161ae2f9a5e7a37a216c29d21a64175e9d69ffe8fab551c3b684929ed8e38
jiim_ext_isic2019_split_10_seed_62_resnet50_A,isic2019,resnet50,shared,split_10,62,0.5420326502613051,0.5718103521429931,3503,2,557.4158246777952,a869934e5e3c61da7f5b0661f2d31701299fbe5cc43cd4748001601e95edd116
jiim_ext_isic2019_split_10_seed_42_densenet121_A,isic2019,densenet121,shared,split_10,42,0.4838767244087246,0.49745951377158637,3503,3,662.4506849050522,2add7fc8bc4673d615f6527f8f236a718d0c2790b44c42531880090ea661ecfa
jiim_ext_isic2019_split_10_seed_52_densenet121_A,isic2019,densenet121,shared,split_10,52,0.4809249219266758,0.4970906571600141,3503,3,677.048312459141,3cd4cc9819d6718094b831346e2d172b081f20df15f91c5b763ac07cfa726ced
jiim_ext_isic2019_split_10_seed_62_densenet121_A,isic2019,densenet121,shared,split_10,62,0.47823247331624974,0.4956879654323414,3503,2,628.2287634313107,ad18d94f9104d298e13cb0a887dd6da34d668658dcfcd7350285b73bb53af3f2
jiim_ext_isic2019_split_10_seed_42_efficientnet_b0_A,isic2019,efficientnet_b0,shared,split_10,42,0.45620331718667884,0.493049695814628,3503,18,1619.8697238862514,18a167f63feacac1ea64d6453e49360e74fa0e38ed84e76cd38f3c76daa0319c
jiim_ext_isic2019_split_10_seed_52_efficientnet_b0_A,isic2019,efficientnet_b0,shared,split_10,52,0.4491173929333576,0.47423275160026723,3503,15,1417.9122014902532,24f8160e504810eecd2394909689d41e4f2b476f63de672127d0e1298dc9595e
jiim_ext_isic2019_split_10_seed_62_efficientnet_b0_A,isic2019,efficientnet_b0,shared,split_10,62,0.46440353656323735,0.474847472674162,3503,17,1560.568927679211,be086c9f9223531973fba9d59c0a40aacd57f6f489cb9c2d25d422cb58fc66b7
jiim_ext_mura_split_01_seed_42_resnet18_A,mura,resnet18,shared,split_01,42,0.8010283344634033,,2193,5,778.1673277914524,7d627a1fd23ba4598d237d480d931aeddf8b22bb3f4c5cec7604789fddf5f964
jiim_ext_mura_split_01_seed_52_resnet18_A,mura,resnet18,shared,split_01,52,0.7957713251176088,,2193,6,724.2470178306103,1e5a7071906e09d707a4cc2317e3a36fd7f28ced82af82dccb52286b2be89441
jiim_ext_mura_split_01_seed_62_resnet18_A,mura,resnet18,shared,split_01,62,0.7807801326725337,,2193,3,487.2532087787986,2190cb806400f81dd158dbe8668a2ad2b2015c8e0821d8642cd13d7a5be4380f
jiim_ext_mura_split_01_seed_42_resnet50_A,mura,resnet50,shared,split_01,42,0.7955716697306705,,2193,2,445.6470065712929,58b84586a6b6edca44ddb27b66b69d14bb46c151fcabca8e800d933744d6f7df
jiim_ext_mura_split_01_seed_52_resnet50_A,mura,resnet50,shared,split_01,52,0.8093553184350513,,2193,5,589.4529683031142,6c4bca24ecca9005208273d6deb7a90766e00a347497a446dd83eb50c103c3bc
jiim_ext_mura_split_01_seed_62_resnet50_A,mura,resnet50,shared,split_01,62,0.8141636492635905,,2193,4,552.1268894188106,a136a86ab9d18f0c60cff7ab4bcc9716b47bca49345646acc268ae977353b6f0
jiim_ext_mura_split_01_seed_42_densenet121_A,mura,densenet121,shared,split_01,42,0.797110370546418,,2193,6,644.1294708997011,db1fb0cc12af990769f02cc764e5565feceb3c284f4983c62ca6af8616e655bf
jiim_ext_mura_split_01_seed_52_densenet121_A,mura,densenet121,shared,split_01,52,0.7986062568590582,,2193,6,709.2097848169506,5180888e9de8697ca2ce37dcbbead4f50721f3d6a4cc6405b21aa3f7540a098d
jiim_ext_mura_split_01_seed_62_densenet121_A,mura,densenet121,shared,split_01,62,0.7880459286028841,,2193,9,797.3237627260387,3287bf61f3c5554b47b7030431164e5dc8efe7dc2cbe81f619f809002758eb7c
jiim_ext_mura_split_01_seed_42_efficientnet_b0_A,mura,efficientnet_b0,shared,split_01,42,0.7739097155718969,,2193,29,1815.3754607364535,71bed0a6840137dd723d840c87f651b79cf13f3185149ea901eb67f3ddfb349c
jiim_ext_mura_split_01_seed_52_efficientnet_b0_A,mura,efficientnet_b0,shared,split_01,52,0.7838610293655066,,2193,29,1773.4466319605708,34c4f30fd87f5bac0a5b5e73c444e65cdf647925b2bce5351d550657d8ec428f
jiim_ext_mura_split_01_seed_62_efficientnet_b0_A,mura,efficientnet_b0,shared,split_01,62,0.7749853207417918,,2193,21,1397.5059296935797,53e6be44c5605eb2e599ece89a661b4e817f0b2fad48c2755a8b8d0b64f187ee
jiim_ext_mura_split_01_seed_42_swin_t_A,mura,swin_t,shared,split_01,42,0.8129775127744497,,2193,5,600.9892112128437,c3726a6fe7a4c5d849e7390bf81e3e41f869d0be4f24be12ad67d42ceeef6f9b
jiim_ext_mura_split_01_seed_52_swin_t_A,mura,swin_t,shared,split_01,52,0.8224159262961435,,2193,9,829.8777413479984,eb49d38fc753c9d9a959ca69ab00a26f1639b20d07952582a59b6448992ea9a6
jiim_ext_mura_split_01_seed_62_swin_t_A,mura,swin_t,shared,split_01,62,0.8078629271838892,,2193,9,794.6092262081802,8cee21a33f7655d071d0febcedcd7125ac729a5607488c88302a4eeca5f40081
jiim_ext_mura_split_01_seed_42_swin_t_B,mura,swin_t,swin_weight_eval,split_01,42,0.8111574595097129,,2193,5,737.0323128141463,21887ab14c7fd0dee9f1f610c1ee7d55dee989731d32644fcf439525aad6ebfc
jiim_ext_mura_split_01_seed_52_swin_t_B,mura,swin_t,swin_weight_eval,split_01,52,0.8171375096987956,,2193,9,938.2225219123065,ac4330e3742665e35c83f8545c22d8ded3bece391dc2a761d2d82dbbe47e0f7f
jiim_ext_mura_split_01_seed_62_swin_t_B,mura,swin_t,swin_weight_eval,split_01,62,0.8156202161346018,,2193,7,787.0192390531301,0508ce911977395ba901befcf03a433fc1ca9daee05b96c04b3012931e8cca8c
jiim_ext_mura_split_02_seed_42_resnet18_A,mura,resnet18,shared,split_02,42,0.7825207982354065,,2199,5,606.6591876670718,397170ea60b94891484a8426b23eaec51900a85df83a49d608ba598119569c2c
jiim_ext_mura_split_02_seed_52_resnet18_A,mura,resnet18,shared,split_02,52,0.760621428695486,,2199,2,451.26473432034254,290c070bbd8eb28c110c9667859cf74261866b38e14cb4655fde72dcafdd2421
jiim_ext_mura_split_02_seed_62_resnet18_A,mura,resnet18,shared,split_02,62,0.7802755440540494,,2199,4,544.357935346663,04860df0d5c6b2d9bc724251027d2f28bafbedc9a2e08f97ef4e554975697dc9
jiim_ext_mura_split_02_seed_42_resnet50_A,mura,resnet50,shared,split_02,42,0.7886278375045591,,2199,4,542.7645959407091,956cdae49150e00ef772f6c2dbd5a964c110f370c3e955d5c198c92b963e343a
jiim_ext_mura_split_02_seed_52_resnet50_A,mura,resnet50,shared,split_02,52,0.7947630998488979,,2199,5,603.6498554311693,a71817c4a2380f9976a597e886eea738147bdd32baf0f23d6b726f0ea9232838
jiim_ext_mura_split_02_seed_62_resnet50_A,mura,resnet50,shared,split_02,62,0.7961812008267191,,2199,4,548.7551934197545,d28c6b15697d6da5c499ff1c928bc1991158184e117576674fb661c3b761993a
jiim_ext_mura_split_02_seed_42_densenet121_A,mura,densenet121,shared,split_02,42,0.7952641679837436,,2199,6,694.8310448825359,0dff24f0d4bd90d4c082c6e35dc34ab86edaa0d93e390448133693722a5507dc
jiim_ext_mura_split_02_seed_52_densenet121_A,mura,densenet121,shared,split_02,52,0.7934301022977925,,2199,7,686.0162056162953,284c0c083f42f382bf719b8238cceb643b302b983f7b49a6bec1c57d9f568409
jiim_ext_mura_split_02_seed_62_densenet121_A,mura,densenet121,shared,split_02,62,0.7993009361376939,,2199,5,644.8754687309265,f5af0c0fbd005909040baf1d53e7bd2d82e34a76bc239bad1c138a177d8e675e
jiim_ext_mura_split_02_seed_42_efficientnet_b0_A,mura,efficientnet_b0,shared,split_02,42,0.7737573162894906,,2199,33,1948.0690913200378,ead6bd3074cfa34df497bfeb1ee6c0c98e5f68b1ad50d540b17026019d775d0f
jiim_ext_mura_split_02_seed_52_efficientnet_b0_A,mura,efficientnet_b0,shared,split_02,52,0.7752935199819373,,2199,20,1355.9178099371493,e229c4e2f1866ae9364dcf12a8969a069d11fefb8e2c1b2f2215cdedc490a0f2
jiim_ext_mura_split_02_seed_62_efficientnet_b0_A,mura,efficientnet_b0,shared,split_02,62,0.7797367004185699,,2199,22,1404.3163433857262,8bb2f68e526fce896fb555a00ab48e2448882fd1a69f5d5c991d815ae023819c
jiim_ext_mura_split_02_seed_42_swin_t_A,mura,swin_t,shared,split_02,42,0.7983270229431891,,2199,8,759.7205632328987,081f9f897bb0162e5442db0a97cff6243be09be10aa52b9bcb37b360636414a1
jiim_ext_mura_split_02_seed_52_swin_t_A,mura,swin_t,shared,split_02,52,0.8118740990325999,,2199,7,699.8128500841558,421896ab3605fe07051c0045a74245745f10b2e300e8e23585e14fbd35577138
jiim_ext_mura_split_02_seed_62_swin_t_A,mura,swin_t,shared,split_02,62,0.8036116852215294,,2199,5,626.0660226754844,dbbff679642ef1c725bc15f2a1071700dbf30b4ae2308dde9c6fc48977e60a7d
jiim_ext_mura_split_02_seed_42_swin_t_B,mura,swin_t,swin_weight_eval,split_02,42,0.7997781232089203,,2199,8,850.109304048121,b23a8e0d4c46234c482260500e2c542c00394d2b0c8e990416d847f59f24b0c6
jiim_ext_mura_split_02_seed_52_swin_t_B,mura,swin_t,swin_weight_eval,split_02,52,0.8027372040919117,,2199,7,752.6938146054745,5650a7825da79388a3cec9e91aaf8269c5fc00c0bc54399e30425ffbaeaa9a33
jiim_ext_mura_split_02_seed_62_swin_t_B,mura,swin_t,swin_weight_eval,split_02,62,0.8003265192698473,,2199,5,685.8706519715488,cd0e2573fab24626cbd04277f957a2d264326eb9f32bb8c2cd65cf5f5005ba55
jiim_ext_mura_split_03_seed_42_resnet18_A,mura,resnet18,shared,split_03,42,0.7942145165299528,,2205,2,449.36496679484844,b80f377ba9da6549f1079698ad6ddce4778af4462ac1467d47eb01af40b04bc6
jiim_ext_mura_split_03_seed_52_resnet18_A,mura,resnet18,shared,split_03,52,0.787037037037037,,2205,3,504.39874441176653,9d487de63aa23b1b1c5065685eab4f64126f36e30031cec0c9a867c168b9ed9b
jiim_ext_mura_split_03_seed_62_resnet18_A,mura,resnet18,shared,split_03,62,0.7843105269699229,,2205,4,538.4359932169318,beab63fa5d59b3fa68b49095bee48f3e7d82becf83f4081ae4fa9bbcbe7d142e
jiim_ext_mura_split_03_seed_42_resnet50_A,mura,resnet50,shared,split_03,42,0.8046467188665175,,2205,5,597.6211773380637,932fdd841c8e82474f417150b540c587fe2f9e2870a993e2c0bc1ef1281cf811
jiim_ext_mura_split_03_seed_52_resnet50_A,mura,resnet50,shared,split_03,52,0.8092685806611981,,2205,4,554.611601959914,1505bd61db2c8d0e06a3521b64163cb4b3c08e404555279efde698ca2812f191
jiim_ext_mura_split_03_seed_62_resnet50_A,mura,resnet50,shared,split_03,62,0.8025688230176485,,2205,4,559.6046332493424,59755b73121a950ad681d9f7a1bdfae327cdbaac8e5f9fe7ff652e3938ddeb67
jiim_ext_mura_split_03_seed_42_densenet121_A,mura,densenet121,shared,split_03,42,0.7883614528958489,,2205,7,689.9858781248331,d2ed73cc1dfc56b7b67d9fd3a4a6a7256e5beaf03c120cf8ca745cb0291ff935
jiim_ext_mura_split_03_seed_52_densenet121_A,mura,densenet121,shared,split_03,52,0.800665703455133,,2205,3,524.5573945194483,ad5314c93fc4a7c03474ec695ad3e1dd5f6588479171590252f294f87d152e8d
jiim_ext_mura_split_03_seed_62_densenet121_A,mura,densenet121,shared,split_03,62,0.7922142990305743,,2205,4,540.7745605036616,ea290a76e8d9497213331fb9b4a766cd3072efeae05d48290ae8808c206fb609
jiim_ext_mura_split_03_seed_42_efficientnet_b0_A,mura,efficientnet_b0,shared,split_03,42,0.7735714951528709,,2205,26,1619.1817288510501,84501aea59540d98549c62c15b5f8b9b7d47f9dcbae109349077f29426b37ece
jiim_ext_mura_split_03_seed_52_efficientnet_b0_A,mura,efficientnet_b0,shared,split_03,52,0.7730044432015908,,2205,28,1709.1028517335653,0ece5e3c41e92eaa520b5bad2b1ef47a247831089f15bd94f16d3e50ae41b433
jiim_ext_mura_split_03_seed_62_efficientnet_b0_A,mura,efficientnet_b0,shared,split_03,62,0.7740997079294059,,2205,33,1978.6651726998389,21820132f8f8c6cb660148e7a04c23c3da5640d6300a571041dd3f0cedbdc552
jiim_ext_mura_split_03_seed_42_swin_t_A,mura,swin_t,shared,split_03,42,0.8070935868754661,,2205,9,790.5207161270082,7239343f5117650c7f72fc658f14cf5d9c18002bae21d68a1ce733a26781852c
jiim_ext_mura_split_03_seed_52_swin_t_A,mura,swin_t,shared,split_03,52,0.8078237633606762,,2205,7,721.2007764093578,760bb4fcb3bff1881e4188d0c299917475e7d6bc4d62d3af63aacbaf26d877e3
jiim_ext_mura_split_03_seed_62_swin_t_A,mura,swin_t,shared,split_03,62,0.8112998695003728,,2205,8,749.3121495358646,15c43706ef7ba698a3cfaf1cf9bc16cefdce339ce9d623f622aa275d16d68d2b
jiim_ext_mura_split_03_seed_42_swin_t_B,mura,swin_t,swin_weight_eval,split_03,42,0.8107056301267711,,2205,9,864.1932500563562,369eef2fec02ffad311ebf4f67bca559d477b5b4d2d5e9404a9d49504c6d2215
jiim_ext_mura_split_03_seed_52_swin_t_B,mura,swin_t,swin_weight_eval,split_03,52,0.8024251180710913,,2205,5,700.6674848496914,aa13af12ad6526409ea68aafbac3fe123e97d49af3452cc0e2ef346122effac9
jiim_ext_mura_split_03_seed_62_swin_t_B,mura,swin_t,swin_weight_eval,split_03,62,0.8078392990305743,,2205,8,809.5347751900554,4e6e4ab9e7ebdc95d0dc25e4853989f06deec4c7d9ec297fe0aba7e08de65937
jiim_ext_mura_split_04_seed_42_resnet18_A,mura,resnet18,shared,split_04,42,0.7628322302762895,,2191,3,530.9809523895383,d16efcfd397970d550120fe4dd70eea78145e50d1cde83eac941055ef02533d7
jiim_ext_mura_split_04_seed_52_resnet18_A,mura,resnet18,shared,split_04,52,0.788821479847323,,2191,3,511.36912793666124,4c2f270658a7538331ec942de1e42026f2f2d82b9e47115a60bc7611afb57624
jiim_ext_mura_split_04_seed_62_resnet18_A,mura,resnet18,shared,split_04,62,0.7626453233883111,,2191,4,575.9620932266116,7cc0cb7fdb11fbd8f92f0d93c36261797a9c058398148bbb766fdc0edf61003b
jiim_ext_mura_split_04_seed_42_resnet50_A,mura,resnet50,shared,split_04,42,0.7703404594320131,,2191,3,497.9706582464278,7e2b6d2c41d530319e57f5ba46bb56fbda2c05e3678383d836ad49a352ede8d2
jiim_ext_mura_split_04_seed_52_resnet50_A,mura,resnet50,shared,split_04,52,0.773779633715026,,2191,4,593.9455691799521,478d6fa37902c2feb193e85e9cc0a7e89cf2b9197c10cdaf6cf646f3bb8eb80b
jiim_ext_mura_split_04_seed_62_resnet50_A,mura,resnet50,shared,split_04,62,0.7650777392583255,,2191,3,579.7193645462394,43d314fc7d2548f7af9d9f62bb34b58af01ad2ba2ca383410dc56fd86098ccb5
jiim_ext_mura_split_04_seed_42_densenet121_A,mura,densenet121,shared,split_04,42,0.7659435514935042,,2191,5,651.1505875103176,39e1e52b50c70cc183840467c6b4a48465c9c712181081740c0b0b85fbc5a86e
jiim_ext_mura_split_04_seed_52_densenet121_A,mura,densenet121,shared,split_04,52,0.786178082431628,,2191,5,598.7324856221676,2d527d9eaa2e006377bec662ae57f0682d30579100942425c2fe8d3e1870d739
jiim_ext_mura_split_04_seed_62_densenet121_A,mura,densenet121,shared,split_04,62,0.7804233637987184,,2191,5,616.8495728708804,3320c514964f7d0da97cf41df1d5d80d2a6736524b0b9d05942bffe52bcd7e6b
jiim_ext_mura_split_04_seed_42_efficientnet_b0_A,mura,efficientnet_b0,shared,split_04,42,0.7560961410512308,,2191,27,1731.7006271146238,1490467c665557a265c47351cba91714a5c61af254d312ec07470317b6ad444a
jiim_ext_mura_split_04_seed_52_efficientnet_b0_A,mura,efficientnet_b0,shared,split_04,52,0.7640026963616626,,2191,26,1627.2896014489233,6384bf17070b8d7b8f0d95495506f4084ff192433495341f22b15636b81495cb
jiim_ext_mura_split_04_seed_62_efficientnet_b0_A,mura,efficientnet_b0,shared,split_04,62,0.7561902510767937,,2191,29,1815.6333441920578,39d073413961c8fdb46258ce831ac56e6499ba666092af78a527cfce8665cd13
jiim_ext_mura_split_04_seed_42_swin_t_A,mura,swin_t,shared,split_04,42,0.8049611303708373,,2191,6,703.5322322100401,3dec17bcfc9a862c632fda5b9d4d18cd328081edd4ddaa111b5bceed6debda15
jiim_ext_mura_split_04_seed_52_swin_t_A,mura,swin_t,shared,split_04,52,0.7899897573274504,,2191,8,841.8017944693565,594ae48075f8b45562353da1c33d42b3ed80f95cb6a1e5f0f14dd50a74a40f1a
jiim_ext_mura_split_04_seed_62_swin_t_A,mura,swin_t,shared,split_04,62,0.7947149560528066,,2191,9,904.1211316846311,b2f48457a929fd18f4eb7d09474fc0e98387f3fc393a09931179f48f42097de8
jiim_ext_mura_split_04_seed_42_swin_t_B,mura,swin_t,swin_weight_eval,split_04,42,0.8060134117729454,,2191,6,704.9258108213544,f306aeb95e7c6b4406c5141abdf3fbdfc8ed41f048db6ad306742f53ee16cd49
jiim_ext_mura_split_04_seed_52_swin_t_B,mura,swin_t,swin_weight_eval,split_04,52,0.803183107469272,,2191,9,895.6094838902354,f981552158b36e2cee84221c11646adb5e4e4ec84656f0914d65647e3e68734e
jiim_ext_mura_split_04_seed_62_swin_t_B,mura,swin_t,swin_weight_eval,split_04,62,0.8074867808243162,,2191,9,912.8292344547808,af6e5b590e3fdbe05f84eb9a8a20c0c4aedfe4f39a6004ec7df448192c389c07
jiim_ext_mura_split_05_seed_42_resnet18_A,mura,resnet18,shared,split_05,42,0.7872830394732953,,2199,4,636.5360969752073,0d3cfb3d35e0b5f5b5e7f3dac020a1d7eb8453d0630d893d51fffd2e457c2b0a
jiim_ext_mura_split_05_seed_52_resnet18_A,mura,resnet18,shared,split_05,52,0.7607278187695963,,2199,4,673.990610934794,ea391708a794382ee1cda2e1577752e936bbc6db374c4bd24588b3841fd44827
jiim_ext_mura_split_05_seed_62_resnet18_A,mura,resnet18,shared,split_05,62,0.7844989192187769,,2199,5,716.7446725331247,5e893abf27d327eade781e0ff011ea66947e167fef572cb43c5c7051b3cf1961
jiim_ext_mura_split_05_seed_42_resnet50_A,mura,resnet50,shared,split_05,42,0.7929004064015637,,2199,5,687.216365788132,0bdccdc9857999e478539fb4553a88cf6c624fc82c3290e3a7f640fa03624c68
jiim_ext_mura_split_05_seed_52_resnet50_A,mura,resnet50,shared,split_05,52,0.7994450888362168,,2199,4,640.1566381342709,36854256c6d4aacca1cac022f2d63a105e5f498e711ed422749901cc29b7a1d1
jiim_ext_mura_split_05_seed_62_resnet50_A,mura,resnet50,shared,split_05,62,0.814816875837975,,2199,5,627.2127436287701,ebb83d566e73c2e06dad3bdc9e400240ba40bd7ffbf8dfe9bc3790024ec48713
jiim_ext_mura_split_05_seed_42_densenet121_A,mura,densenet121,shared,split_05,42,0.7872626063608714,,2199,7,826.1754358448088,da162c74f68d4f95c6824eb95e3e1fef91053ecaab7328a91bb38080f92dd246
jiim_ext_mura_split_05_seed_52_densenet121_A,mura,densenet121,shared,split_05,52,0.7895124224628596,,2199,8,906.3396933339536,979716bfe5a8cb62e5b2d326ddd5ee977ba79b941faac68edcd1aaff6a844a7f
jiim_ext_mura_split_05_seed_62_densenet121_A,mura,densenet121,shared,split_05,62,0.7860753121049235,,2199,4,652.3760983161628,666dafac684d98d8321ec90875cce0615b804b65c260b656a80b18868f44820f
jiim_ext_mura_split_05_seed_42_efficientnet_b0_A,mura,efficientnet_b0,shared,split_05,42,0.7755653016188242,,2199,33,2194.655548505485,3487f345f19ef4c0d2fd3eb0ad087e4fde6898f68ff5c2ebd783c32745a1008b
jiim_ext_mura_split_05_seed_52_efficientnet_b0_A,mura,efficientnet_b0,shared,split_05,52,0.779354557105767,,2199,27,1947.0260238721967,1d117b0467bca376e22a32a888975594b301495ebf11872c6f6d0f73bdc9d402
jiim_ext_mura_split_05_seed_62_efficientnet_b0_A,mura,efficientnet_b0,shared,split_05,62,0.780521418249291,,2199,25,1814.035551302135,a5cbc98b10c51d29a3d7db4004e683ab6c022d6e9f16c57d1155034f22d3becb
jiim_ext_mura_split_05_seed_42_swin_t_A,mura,swin_t,shared,split_05,42,0.8158793976840153,,2199,6,735.4643725268543,411bc656022b97fa137c2e536735a1cf5ec8f2b0ce7a44f9593c9456717a0906
jiim_ext_mura_split_05_seed_52_swin_t_A,mura,swin_t,shared,split_05,52,0.8098342396360645,,2199,6,674.5139162093401,e626fc1ed995f044492181f3a69395ead74725f310fc6250ef74ca8c377a45b9
jiim_ext_mura_split_05_seed_62_swin_t_A,mura,swin_t,shared,split_05,62,0.8035291028385505,,2199,5,596.4698043614626,6b66a5e18041b5e17a8b48ce0f7cc00d263efe0a50a7b6b7a9ef05a876dfd8e0
jiim_ext_mura_split_05_seed_42_swin_t_B,mura,swin_t,swin_weight_eval,split_05,42,0.806284529786261,,2199,6,691.3947198539972,b2477cd38450aa362c7fe3b92bb2d214f71da051fb0ff79a9d720e7d3a8a1007
jiim_ext_mura_split_05_seed_52_swin_t_B,mura,swin_t,swin_weight_eval,split_05,52,0.8027982930090931,,2199,6,719.48211087659,2787f16ad16ea1edb94cf4d5f07053061e5b0ccaa9ee4d73761e11871c75f875
jiim_ext_mura_split_05_seed_62_swin_t_B,mura,swin_t,swin_weight_eval,split_05,62,0.7971748396218048,,2199,5,659.4185142405331,f13a86211d2768852a05986ef8af6cc18b6f8ec9fa1d3ca56e4ae7c7c47e2453
jiim_ext_mura_split_06_seed_42_resnet18_A,mura,resnet18,shared,split_06,42,0.7640877989532227,,2194,3,533.9471865147352,f6ef7f954c93f531a97231da254cab64e4fddc613598ed506be3e838e6b70245
jiim_ext_mura_split_06_seed_52_resnet18_A,mura,resnet18,shared,split_06,52,0.7682634944450398,,2194,2,457.36211832612753,464cf6f43d4714087772fd765d13af1e0740f9259173103f3cb0b86dcb010206
jiim_ext_mura_split_06_seed_62_resnet18_A,mura,resnet18,shared,split_06,62,0.7815094017406791,,2194,4,602.4245754145086,d4f164bb1eec32988649d6da0e9f1391e2350a7809f18deaa47f17319688b8cb
jiim_ext_mura_split_06_seed_42_resnet50_A,mura,resnet50,shared,split_06,42,0.7628087335422706,,2194,4,558.1421670801938,689305d16205e7b87570dac2ad64722b6e63e9db08449c397ef1517a55904cf6
jiim_ext_mura_split_06_seed_52_resnet50_A,mura,resnet50,shared,split_06,52,0.7905952969078507,,2194,5,607.4918315000832,13b57c4239d31e09e06e1a7b17988884af40770b0ddc2f15c4b98a918dbaa193
jiim_ext_mura_split_06_seed_62_resnet50_A,mura,resnet50,shared,split_06,62,0.7877661924191849,,2194,4,599.7619722262025,b15198bca43ad0d662904f2d17847a50d0156b7e64b34ef7b89d8b16d5edbd28
jiim_ext_mura_split_06_seed_42_densenet121_A,mura,densenet121,shared,split_06,42,0.772509329422948,,2194,7,798.4430897086859,7a446518af47c56a21d341399a6ad77140cf7373580e7cf7e1a6b13811cf800e
jiim_ext_mura_split_06_seed_52_densenet121_A,mura,densenet121,shared,split_06,52,0.7736346107432781,,2194,5,681.6672399714589,99a0f3b38d8b3d37c30b6bccf5b3f67f094dc6d54e0976af40cef959707653cf
jiim_ext_mura_split_06_seed_62_densenet121_A,mura,densenet121,shared,split_06,62,0.7828538144989209,,2194,4,610.9398308210075,2c9b50b2c787802f4c3c2448da3229fefe4e82893faacb2fe68a75ef204ad256
jiim_ext_mura_split_06_seed_42_efficientnet_b0_A,mura,efficientnet_b0,shared,split_06,42,0.776827482131857,,2194,29,1858.8575172163546,2ac5a24ccdbb13b0cf1ee0ec97ea92258e74252423f53315748705ebbd5f105f
jiim_ext_mura_split_06_seed_52_efficientnet_b0_A,mura,efficientnet_b0,shared,split_06,52,0.7724596654390079,,2194,24,1585.1380151733756,62fcf43fe97517c6a6feefa25c7c19ae71530e565e7e3cfc2cfb3566609a016b
jiim_ext_mura_split_06_seed_62_efficientnet_b0_A,mura,efficientnet_b0,shared,split_06,62,0.775835509399998,,2194,30,1790.3981085680425,3bc4ed86d66a1c89e97df2bc7d6f14919531bf9badcc118703e55f59e1c7041e
jiim_ext_mura_split_07_seed_42_resnet18_A,mura,resnet18,shared,split_07,42,0.7795149376295142,,2200,3,539.4833379872143,7404bba3e0c17ee3333d50195364cad07c1546682e7cbab6c1bffe082bdffc81
jiim_ext_mura_split_07_seed_52_resnet18_A,mura,resnet18,shared,split_07,52,0.7846344048651839,,2200,3,552.6394293047488,cc0ff1c241d2cb5b264416ce10f47c73485cca4a800def01cb3dd06262b37535
jiim_ext_mura_split_07_seed_62_resnet18_A,mura,resnet18,shared,split_07,62,0.7612808981557958,,2200,2,504.09738724306226,981039bbbf210bd0637d0e432820151319728135c0496403740d4b29c4cb38c9
jiim_ext_mura_split_07_seed_42_resnet50_A,mura,resnet50,shared,split_07,42,0.7887849260420288,,2200,3,573.3396044634283,5f42926e5bc3b0045b11dae7271658bf6831af3a6c5f561b9e156c4f448cebe0
jiim_ext_mura_split_07_seed_52_resnet50_A,mura,resnet50,shared,split_07,52,0.8052808426884006,,2200,3,513.2829168252647,18275ad3cfea423ed4b9ec2885238aaad2eb30a8cbc2401b14512f50716521b2
jiim_ext_mura_split_07_seed_62_resnet50_A,mura,resnet50,shared,split_07,62,0.802579407209548,,2200,5,664.7448069155216,d439549ccd1ea1cf722e981abbc1d4fed58fc28ab4bbc3aba1a95868aadd904d
jiim_ext_mura_split_07_seed_42_densenet121_A,mura,densenet121,shared,split_07,42,0.7906391837279463,,2200,6,710.3933846876025,dd9aa03f3ab887edcaebb6aa885846c00bf8c5aa14108079f092de44ff0f7cbc
jiim_ext_mura_split_07_seed_52_densenet121_A,mura,densenet121,shared,split_07,52,0.7917979322795106,,2200,5,679.7417978569865,7c0ca27008ceadb26fc6d7e8e526ace526401aed70f9a64ce0f6e5849e6d2557
jiim_ext_mura_split_07_seed_62_densenet121_A,mura,densenet121,shared,split_07,62,0.7999247723453435,,2200,7,794.9648288935423,54a770f75281546d27f98e97fd96bc3a7025d7f7218f63d28caf5b2f3dbc1242
jiim_ext_mura_split_07_seed_42_efficientnet_b0_A,mura,efficientnet_b0,shared,split_07,42,0.7727310152006663,,2200,36,2302.5333875901997,1741f1e676b69dd95c5804b2e452def694672e941782788e544512e497b75016
jiim_ext_mura_split_07_seed_52_efficientnet_b0_A,mura,efficientnet_b0,shared,split_07,52,0.7658309579132472,,2200,16,1197.617085363716,641b1fad3a08a7a0456530091dcb4096b91416ad219a89cbc29799466cc2aab7
jiim_ext_mura_split_07_seed_62_efficientnet_b0_A,mura,efficientnet_b0,shared,split_07,62,0.7800362444760108,,2200,20,1429.881508640945,9baabbc077902e6729b3cc7d69050e7f9d8a4fc9d3d34be8463defafe4750df2
jiim_ext_mura_split_08_seed_42_resnet18_A,mura,resnet18,shared,split_08,42,0.7781890779746129,,2196,3,556.4784197621047,4abd11d41bf7a8d5d1398c2137209674cb15217cc542c3e7c3b179b7d8592894
jiim_ext_mura_split_08_seed_52_resnet18_A,mura,resnet18,shared,split_08,52,0.7832664946296555,,2196,5,597.1352442093194,2443dff2dfbe3facaa15fabe83850d85ec103d87bc1e519a3572ed07956edff4
jiim_ext_mura_split_08_seed_62_resnet18_A,mura,resnet18,shared,split_08,62,0.7725292927883944,,2196,4,614.2144148536026,f5ceb6e38f0884b333470274c46fb8918f0a74ef8f1d6992e7d2f45c089a4ed1
jiim_ext_mura_split_08_seed_42_resnet50_A,mura,resnet50,shared,split_08,42,0.7765971544148417,,2196,4,559.4440330825746,8ccf2e5aac6fab50f6b795aed64027ab0c2f742de1616890deb0d9ac6da77329
jiim_ext_mura_split_08_seed_52_resnet50_A,mura,resnet50,shared,split_08,52,0.7944134467847678,,2196,4,617.844251871109,8089a216194868f83be2903230e7ccd80a8f8e1ce6f1b956c82b99898dbb7f2b
jiim_ext_mura_split_08_seed_62_resnet50_A,mura,resnet50,shared,split_08,62,0.7859115636769424,,2196,5,646.595542088151,9fd93e80b4fdfb7971aa3e7a3dc49cce4dbf542736351297cbb010dfadce88bb
jiim_ext_mura_split_08_seed_42_densenet121_A,mura,densenet121,shared,split_08,42,0.7794549449016599,,2196,5,651.3039501234889,cdb12eea7571e78d27af80eb1e9109ef03f8376dde36b5820067e9faa2ef9f74
jiim_ext_mura_split_08_seed_52_densenet121_A,mura,densenet121,shared,split_08,52,0.7902618914771935,,2196,4,600.875714931637,daf6700b87b4de5ebfd22c794f20bfd0dcd220a01058f40f3cfa7dfdad6a196b
jiim_ext_mura_split_08_seed_62_densenet121_A,mura,densenet121,shared,split_08,62,0.7965894824940717,,2196,4,617.2276069149375,9d862e3890a3da2fbc14d326f70165ae72f2d22ad46fd6ed69ffc89779d19a6f
jiim_ext_mura_split_08_seed_42_efficientnet_b0_A,mura,efficientnet_b0,shared,split_08,42,0.772787348305203,,2196,27,1733.2647555358708,044d34d392a7fd915465710d023ed94872b51f31fef85da432f98b4fcd648f0f
jiim_ext_mura_split_08_seed_52_efficientnet_b0_A,mura,efficientnet_b0,shared,split_08,52,0.7630841121495326,,2196,19,1416.1928737610579,3adf01f6fa7577078501eb0c43fc4dd3a42f80aa1c65fee5566bfb7982bbc81c
jiim_ext_mura_split_08_seed_62_efficientnet_b0_A,mura,efficientnet_b0,shared,split_08,62,0.7776084530617938,,2196,31,1904.2571708224714,db77f6da7cc6b851c3f9691b174ca6620a350e42d1e4a0502e0e7cb375ec7ba3
jiim_ext_mura_split_09_seed_42_resnet18_A,mura,resnet18,shared,split_09,42,0.7651363701270883,,2187,4,617.9241121187806,ef984e784e7cc56f362aaac8dea40c2270d87f58dfe93f693cf970613b634d5b
jiim_ext_mura_split_09_seed_52_resnet18_A,mura,resnet18,shared,split_09,52,0.7248917130753487,,2187,2,475.96806735545397,2579b15a9b0c3389472046a1a838503ef3dacd572ff27767d3f391083dc04157
jiim_ext_mura_split_09_seed_62_resnet18_A,mura,resnet18,shared,split_09,62,0.7658662160661304,,2187,5,666.1246443763375,f91bf8ec5386b915fc45d8f605d3dfdbd791660e1cf5de6a69881101d26fb438
jiim_ext_mura_split_09_seed_42_resnet50_A,mura,resnet50,shared,split_09,42,0.7659495137004776,,2187,4,569.163477703929,b1d312eedf47215886d1ed9fd5d867d63e2160a3cdcea544720ed8a19a1040af
jiim_ext_mura_split_09_seed_52_resnet50_A,mura,resnet50,shared,split_09,52,0.7529590492963334,,2187,4,594.5720506981015,6d832b49d8ea30d8fe2de51782e112fa26ec0066c5ea4142281a9a0f331fdbc9
jiim_ext_mura_split_09_seed_62_resnet50_A,mura,resnet50,shared,split_09,62,0.7630063306202104,,2187,3,533.0551042594016,c1b52c4a6e7af48a3a1d8d37cd4fc4677d2fd1bbcf3c997d61360706b90c4fb7
jiim_ext_mura_split_09_seed_42_densenet121_A,mura,densenet121,shared,split_09,42,0.7658503498500642,,2187,7,786.6760505251586,39decdab1f5090702a47bfc1eeaf3e94b5612f362192152866b0a4f2ea022ba8
jiim_ext_mura_split_09_seed_52_densenet121_A,mura,densenet121,shared,split_09,52,0.7719945420216732,,2187,4,584.8888492770493,f30c4ca61627c88fbbedb4092d334b5334d072ce43c6406898d5d8731a8165ce
jiim_ext_mura_split_09_seed_62_densenet121_A,mura,densenet121,shared,split_09,62,0.7773136909578435,,2187,5,671.0091043151915,8c7e732dfacea43c77aa29a1e64e8aa3f0b21703041eb0c254b023ebbf6994ae
jiim_ext_mura_split_09_seed_42_efficientnet_b0_A,mura,efficientnet_b0,shared,split_09,42,0.7576752820219905,,2187,27,1684.6439555324614,1f5471626175b513368b3c7b031ad3e95f904c3663d80de84ae8ee7486410b50
jiim_ext_mura_split_09_seed_52_efficientnet_b0_A,mura,efficientnet_b0,shared,split_09,52,0.760828692465134,,2187,17,1323.6369612701237,ede2b76ec09a2238c1f775c3c45a5d51843b88921b28260ede631ca83213d775
jiim_ext_mura_split_09_seed_62_efficientnet_b0_A,mura,efficientnet_b0,shared,split_09,62,0.7636925444650705,,2187,24,1615.9541058763862,c5ee693a62732dcef9485cd4dfa5aaac64495aed2d90eba5a622469fa7ff2e08
jiim_ext_mura_split_10_seed_42_resnet18_A,mura,resnet18,shared,split_10,42,0.7717536658405617,,2209,2,489.10610230639577,3d1bf28634923b65f3d7f85aa5265fa395b5a29fb4a20eb66dfede6bc84a63a3
jiim_ext_mura_split_10_seed_52_resnet18_A,mura,resnet18,shared,split_10,52,0.7891530703566019,,2209,3,541.6739065796137,bd98d421463864bc6493190f79f45cf6b7c5fd8e1d7098b5b14af7da8c865d9b
jiim_ext_mura_split_10_seed_62_resnet18_A,mura,resnet18,shared,split_10,62,0.7840518725044747,,2209,4,577.1595094501972,c6327d1be048a323c69cd41f22d2456a998b8c254ba01802208ea17fe4f98d39
jiim_ext_mura_split_10_seed_42_resnet50_A,mura,resnet50,shared,split_10,42,0.7853357772270412,,2209,6,746.9258043915033,7a05bd862164607f15b3e3cf5928cc2df6dba1fdf1faaa85aa2be850c2f19264
jiim_ext_mura_split_10_seed_52_resnet50_A,mura,resnet50,shared,split_10,52,0.8033177578135757,,2209,5,643.9959609359503,4bcab0eb1bf9d615db6eb455a83e286295e4abace5ba97a60e83baf07a1c08d0
jiim_ext_mura_split_10_seed_62_resnet50_A,mura,resnet50,shared,split_10,62,0.7918241429161503,,2209,4,601.7460490725935,10f4fc62d9272a76fe082d242e560b13f91c61e60205c4f7a40bd586da58d1e8
jiim_ext_mura_split_10_seed_42_densenet121_A,mura,densenet121,shared,split_10,42,0.793778827619441,,2209,7,790.4899465031922,d84cbe140897f125074f51077820b5dc6df4e7fcf83cb602e91ffb40bff6f4aa
jiim_ext_mura_split_10_seed_52_densenet121_A,mura,densenet121,shared,split_10,52,0.7967528053146082,,2209,4,637.4146733433008,a4eefcc9cea11d709a8d041e319f3a9dcd99a28e3b4b8296a5246bd2fc8455b1
jiim_ext_mura_split_10_seed_62_densenet121_A,mura,densenet121,shared,split_10,62,0.7863744320528707,,2209,7,776.2430452182889,299a4ffb09408643d13de569c9a6245cded88025fc306e41587fce53e1e67080
jiim_ext_mura_split_10_seed_42_efficientnet_b0_A,mura,efficientnet_b0,shared,split_10,42,0.7715389646151728,,2209,28,1872.4775477536023,f57b5e5e535a84d004d4370826250270478239a1c5a7695fe24d7d2a5d98e22f
jiim_ext_mura_split_10_seed_52_efficientnet_b0_A,mura,efficientnet_b0,shared,split_10,52,0.776045969296434,,2209,38,2210.5848208777606,05154cbbb105f294ce9904495ff30e5dd383fc481341fef47728ce57406e6fa9
jiim_ext_mura_split_10_seed_62_efficientnet_b0_A,mura,efficientnet_b0,shared,split_10,62,0.765544971086328,,2209,27,1776.0460291095078,b813f8e0135c6f66e11513f80cb4da51bb2a0907f1e18792c63595566534dbfe
