dataset,model_1,model_2,paired_contexts,split_clusters,mean_paired_BA_difference_model1_minus_model2,split_cluster_bootstrap_95CI_low,split_cluster_bootstrap_95CI_high,exact_split_block_sign_flip_p_raw,permutation_assignments,effect_size_note,holm_adjusted_p_within_dataset,multiplicity_family
isic2019,resnet18,resnet50,30,10,-0.04255689404568312,-0.04921939075730526,-0.03464240833806011,0.001953125,1024,paired BA difference; not a model-superiority claim,0.01171875,isic2019: six paired four-CNN comparisons
isic2019,resnet18,densenet121,30,10,0.0032579943223728183,-0.00256956024824242,0.0093709061001942,0.330078125,1024,paired BA difference; not a model-superiority claim,0.330078125,isic2019: six paired four-CNN comparisons
isic2019,resnet18,efficientnet_b0,30,10,0.01635121264029445,0.00310349357137626,0.027770028686105678,0.0390625,1024,paired BA difference; not a model-superiority claim,0.1171875,isic2019: six paired four-CNN comparisons
isic2019,resnet50,densenet121,30,10,0.04581488836805594,0.038888373276268824,0.053414251927958435,0.001953125,1024,paired BA difference; not a model-superiority claim,0.01171875,isic2019: six paired four-CNN comparisons
isic2019,resnet50,efficientnet_b0,30,10,0.05890810668597757,0.04463526667917798,0.07174692366206264,0.001953125,1024,paired BA difference; not a model-superiority claim,0.01171875,isic2019: six paired four-CNN comparisons
isic2019,densenet121,efficientnet_b0,30,10,0.013093218317921632,0.0013195236667812146,0.024186763492551507,0.068359375,1024,paired BA difference; not a model-superiority claim,0.13671875,isic2019: six paired four-CNN comparisons
mura,resnet18,resnet50,30,10,-0.013371335766476672,-0.01811002491284258,-0.008733020662907421,0.00390625,1024,paired BA difference; not a model-superiority claim,0.015625,mura: six paired four-CNN comparisons
mura,resnet18,densenet121,30,10,-0.011020933408924283,-0.015117422198793334,-0.007096688089326468,0.001953125,1024,paired BA difference; not a model-superiority claim,0.01171875,mura: six paired four-CNN comparisons
mura,resnet18,efficientnet_b0,30,10,0.004700677925240659,-0.0002929250059980613,0.009547162383749655,0.11328125,1024,paired BA difference; not a model-superiority claim,0.2265625,mura: six paired four-CNN comparisons
mura,resnet50,densenet121,30,10,0.002350402357552391,-0.002670332496724034,0.00742702892149339,0.41015625,1024,paired BA difference; not a model-superiority claim,0.41015625,mura: six paired four-CNN comparisons
mura,resnet50,efficientnet_b0,30,10,0.018072013691717334,0.011682159908122975,0.023974556786369484,0.00390625,1024,paired BA difference; not a model-superiority claim,0.015625,mura: six paired four-CNN comparisons
mura,densenet121,efficientnet_b0,30,10,0.015721611334164942,0.011586789841662407,0.019165561038825933,0.001953125,1024,paired BA difference; not a model-superiority claim,0.01171875,mura: six paired four-CNN comparisons
