dataset,model,contexts,mean_BA,SD_BA,split_seed_bootstrap_mean_CI_low,split_seed_bootstrap_mean_CI_high,observed_selection_frequency,context_selection_frequency_bootstrap_CI_low,context_selection_frequency_bootstrap_CI_high,hierarchical_bootstrap_top_probability,mean_rank,rank_SD,secondary_lesion_BA_mean,mean_selected_epoch,mean_wall_clock_seconds
isic2019,resnet18,30,0.46518846942316866,0.02600417163454879,0.45233473423137893,0.4781577754230934,0.03333333333333333,0.0,0.13333333333333333,0.0,2.7666666666666666,0.858359836662575,0.48360082405605037,1.5666666666666667,528.0569951099654
isic2019,resnet50,30,0.5077453634688519,0.025850963775285507,0.4968063405723126,0.5190316746058592,0.9,0.7658333333333341,1.0,1.0,1.1333333333333333,0.43417248545530474,0.539295336344995,1.7333333333333334,535.0434542623659
isic2019,densenet121,30,0.4619304751007959,0.01898182421985811,0.4518180086672227,0.471561450002623,0.06666666666666667,0.0,0.2,0.0,2.7666666666666666,0.858359836662575,0.4835997937541639,2.6333333333333333,652.2576808789124
isic2019,efficientnet_b0,30,0.4488372567828743,0.020448787021377066,0.4377336539106824,0.4611964395338232,0.0,0.0,0.0,0.0,3.3333333333333335,0.8441822541139556,0.4644224282824048,16.533333333333335,1551.9433709659925
mura,resnet18,30,0.7762499054633765,0.01497250293885573,0.7682421120143396,0.7830615331949097,0.06666666666666667,0.0,0.2,0.0,2.933333333333333,0.7849152527649012,,3.533333333333333,568.5157041985542
mura,resnet50,30,0.7896212412298532,0.016620869780258153,0.7797618680067935,0.7987047811001416,0.6,0.36666666666666664,0.8,0.7816,1.6666666666666667,0.9589266029707681,,4.133333333333334,588.352027808999
mura,densenet121,30,0.7872708388723008,0.009971522240131047,0.7815413900066418,0.7924650810313426,0.3,0.1,0.5333333333333333,0.2184,1.7666666666666666,0.5683207771559354,,5.6,685.8535519136736
mura,efficientnet_b0,30,0.7715492275381358,0.007532244393276422,0.7670731241909451,0.7754544272516416,0.03333333333333333,0.0,0.13333333333333333,0.0,3.6333333333333333,0.718395402284138,,26.7,1727.7801853281755
organamnist,resnet18,50,0.9948131984179283,0.001469416624966486,0.9941583652092717,0.9953751583341105,0.62,0.44,0.8,0.9532,1.42,0.5746338674605362,,,
organamnist,resnet50,50,0.9942246437253811,0.0014812198651422883,0.9936242274228176,0.9947854776107371,0.38,0.2,0.56,0.0468,1.66,0.5573259772323189,,,
organamnist,densenet121,50,0.9904118422997894,0.001797339377046567,0.9897269481219833,0.9911256957920559,0.0,0.0,0.0,0.0,2.92,0.27404751561786966,,,
organamnist,efficientnet_b0,50,0.9620283794156951,0.0030445745878627667,0.9605546220624693,0.9634813076400707,0.0,0.0,0.0,0.0,4.0,0.0,,,
sipakmed,resnet18,50,0.9658562361138991,0.006374760814998523,0.9627524126789231,0.9688341286510948,0.52,0.3,0.74,0.8664,1.72,0.8580947095817832,,,
sipakmed,resnet50,50,0.9635664447443346,0.007564364995959973,0.9601051818576606,0.9667788553423361,0.38,0.18,0.58,0.1335,1.84,0.7655863432556721,,,
sipakmed,densenet121,50,0.9569799931003996,0.009158099399657994,0.952697350576615,0.9618588458440795,0.1,0.0,0.22,0.0001,2.68,0.8437041748704801,,,
sipakmed,efficientnet_b0,50,0.9461742302629017,0.0077054519247627355,0.9422836310330024,0.95040635535575,0.0,0.0,0.0,0.0,3.76,0.591090310445063,,,
