run_id,status,raw_metrics_match_collected_table,absolute_BA_difference
run_0001,passed,True,1.1102230246251565e-16
run_0003,passed,True,1.1102230246251565e-16
run_0005,passed,True,0.0
run_0007,passed,True,1.1102230246251565e-16
run_0009,passed,True,1.1102230246251565e-16
run_0011,passed,True,0.0
run_0013,passed,True,1.1102230246251565e-16
run_0015,passed,True,1.1102230246251565e-16
run_0017,passed,True,0.0
run_0019,passed,True,1.1102230246251565e-16
run_0021,passed,True,0.0
run_0023,passed,True,1.1102230246251565e-16
run_0025,passed,True,0.0
run_0027,passed,True,0.0
run_0029,passed,True,0.0
run_0031,passed,True,1.1102230246251565e-16
run_0033,passed,True,1.1102230246251565e-16
run_0035,passed,True,1.1102230246251565e-16
run_0037,passed,True,0.0
run_0039,passed,True,0.0
run_0041,passed,True,0.0
run_0043,passed,True,0.0
run_0045,passed,True,1.1102230246251565e-16
run_0047,passed,True,1.1102230246251565e-16
run_0049,passed,True,1.1102230246251565e-16
run_0051,passed,True,0.0
run_0053,passed,True,0.0
run_0055,passed,True,0.0
run_0057,passed,True,1.1102230246251565e-16
run_0059,passed,True,0.0
run_0061,passed,True,1.1102230246251565e-16
run_0063,passed,True,0.0
run_0065,passed,True,0.0
run_0067,passed,True,1.1102230246251565e-16
run_0069,passed,True,1.1102230246251565e-16
run_0071,passed,True,1.1102230246251565e-16
run_0073,passed,True,1.1102230246251565e-16
run_0075,passed,True,0.0
run_0077,passed,True,0.0
run_0079,passed,True,0.0
run_0081,passed,True,1.1102230246251565e-16
run_0083,passed,True,0.0
run_0085,passed,True,0.0
run_0087,passed,True,1.1102230246251565e-16
run_0089,passed,True,0.0
run_0091,passed,True,1.1102230246251565e-16
run_0093,passed,True,1.1102230246251565e-16
run_0095,passed,True,1.1102230246251565e-16
run_0097,passed,True,1.1102230246251565e-16
run_0099,passed,True,0.0
run_0101,passed,True,1.1102230246251565e-16
run_0103,passed,True,1.1102230246251565e-16
run_0105,passed,True,0.0
run_0107,passed,True,1.1102230246251565e-16
run_0109,passed,True,1.1102230246251565e-16
run_0111,passed,True,0.0
run_0113,passed,True,0.0
run_0115,passed,True,0.0
run_0117,passed,True,1.1102230246251565e-16
run_0119,passed,True,1.1102230246251565e-16
run_0121,passed,True,0.0
run_0123,passed,True,1.1102230246251565e-16
run_0125,passed,True,1.1102230246251565e-16
run_0127,passed,True,1.1102230246251565e-16
run_0129,passed,True,0.0
run_0131,passed,True,1.1102230246251565e-16
run_0133,passed,True,1.1102230246251565e-16
run_0135,passed,True,0.0
run_0137,passed,True,0.0
run_0139,passed,True,0.0
run_0141,passed,True,0.0
run_0143,passed,True,1.1102230246251565e-16
run_0145,passed,True,1.1102230246251565e-16
run_0147,passed,True,1.1102230246251565e-16
run_0149,passed,True,0.0
run_0151,passed,True,0.0
run_0153,passed,True,0.0
run_0155,passed,True,0.0
run_0157,passed,True,0.0
run_0159,passed,True,1.1102230246251565e-16
run_0161,passed,True,0.0
run_0163,passed,True,1.1102230246251565e-16
run_0165,passed,True,1.1102230246251565e-16
run_0167,passed,True,1.1102230246251565e-16
run_0169,passed,True,1.1102230246251565e-16
run_0171,passed,True,1.1102230246251565e-16
run_0173,passed,True,0.0
run_0175,passed,True,1.1102230246251565e-16
run_0177,passed,True,0.0
run_0179,passed,True,0.0
run_0181,passed,True,1.1102230246251565e-16
run_0183,passed,True,1.1102230246251565e-16
run_0185,passed,True,0.0
run_0187,passed,True,0.0
run_0189,passed,True,0.0
run_0191,passed,True,1.1102230246251565e-16
run_0193,passed,True,0.0
run_0195,passed,True,0.0
run_0197,passed,True,0.0
run_0199,passed,True,1.1102230246251565e-16
run_0201,passed,True,0.0
run_0203,passed,True,0.0
run_0205,passed,True,1.1102230246251565e-16
run_0207,passed,True,0.0
run_0209,passed,True,1.1102230246251565e-16
run_0211,passed,True,1.1102230246251565e-16
run_0213,passed,True,1.1102230246251565e-16
run_0215,passed,True,0.0
run_0217,passed,True,0.0
run_0219,passed,True,1.1102230246251565e-16
run_0221,passed,True,1.1102230246251565e-16
run_0223,passed,True,1.1102230246251565e-16
run_0225,passed,True,0.0
run_0227,passed,True,1.1102230246251565e-16
run_0229,passed,True,0.0
run_0231,passed,True,1.1102230246251565e-16
run_0233,passed,True,0.0
run_0235,passed,True,1.1102230246251565e-16
run_0237,passed,True,0.0
run_0239,passed,True,0.0
run_0241,passed,True,1.1102230246251565e-16
run_0243,passed,True,0.0
run_0245,passed,True,1.1102230246251565e-16
run_0247,passed,True,1.1102230246251565e-16
run_0249,passed,True,1.1102230246251565e-16
run_0251,passed,True,1.1102230246251565e-16
run_0253,passed,True,1.1102230246251565e-16
run_0255,passed,True,0.0
run_0257,passed,True,1.1102230246251565e-16
run_0259,passed,True,0.0
run_0261,passed,True,1.1102230246251565e-16
run_0263,passed,True,0.0
run_0265,passed,True,1.1102230246251565e-16
run_0267,passed,True,1.1102230246251565e-16
run_0269,passed,True,0.0
run_0271,passed,True,0.0
run_0273,passed,True,0.0
run_0275,passed,True,0.0
run_0277,passed,True,0.0
run_0279,passed,True,0.0
run_0281,passed,True,0.0
run_0283,passed,True,1.1102230246251565e-16
run_0285,passed,True,1.1102230246251565e-16
run_0287,passed,True,1.1102230246251565e-16
run_0289,passed,True,0.0
run_0291,passed,True,0.0
run_0293,passed,True,0.0
run_0295,passed,True,0.0
run_0297,passed,True,0.0
run_0299,passed,True,0.0
run_0301,passed,True,1.1102230246251565e-16
run_0303,passed,True,1.1102230246251565e-16
run_0305,passed,True,0.0
run_0307,passed,True,1.1102230246251565e-16
run_0309,passed,True,1.1102230246251565e-16
run_0311,passed,True,0.0
run_0313,passed,True,0.0
run_0315,passed,True,0.0
run_0317,passed,True,1.1102230246251565e-16
run_0319,passed,True,1.1102230246251565e-16
run_0321,passed,True,1.1102230246251565e-16
run_0323,passed,True,0.0
run_0325,passed,True,1.1102230246251565e-16
run_0327,passed,True,0.0
run_0329,passed,True,0.0
run_0331,passed,True,0.0
run_0333,passed,True,1.1102230246251565e-16
run_0335,passed,True,0.0
run_0337,passed,True,1.1102230246251565e-16
run_0339,passed,True,0.0
run_0341,passed,True,1.1102230246251565e-16
run_0343,passed,True,0.0
run_0345,passed,True,1.1102230246251565e-16
run_0347,passed,True,1.1102230246251565e-16
run_0349,passed,True,0.0
run_0351,passed,True,0.0
run_0353,passed,True,0.0
run_0355,passed,True,1.1102230246251565e-16
run_0357,passed,True,1.1102230246251565e-16
run_0359,passed,True,1.1102230246251565e-16
run_0361,passed,True,0.0
run_0363,passed,True,1.1102230246251565e-16
run_0365,passed,True,0.0
run_0367,passed,True,0.0
run_0369,passed,True,0.0
run_0371,passed,True,0.0
run_0373,passed,True,0.0
run_0375,passed,True,1.1102230246251565e-16
run_0377,passed,True,0.0
run_0379,passed,True,1.1102230246251565e-16
run_0381,passed,True,0.0
run_0383,passed,True,0.0
run_0385,passed,True,1.1102230246251565e-16
run_0387,passed,True,0.0
run_0389,passed,True,0.0
run_0391,passed,True,0.0
run_0393,passed,True,0.0
run_0395,passed,True,1.1102230246251565e-16
run_0397,passed,True,0.0
run_0399,passed,True,0.0
run_0401,passed,True,1.1102230246251565e-16
run_0403,passed,True,0.0
run_0405,passed,True,0.0
run_0407,passed,True,0.0
run_0409,passed,True,0.0
run_0411,passed,True,0.0
run_0413,passed,True,1.1102230246251565e-16
run_0415,passed,True,1.1102230246251565e-16
run_0417,passed,True,0.0
run_0419,passed,True,0.0
run_0421,passed,True,0.0
run_0423,passed,True,0.0
run_0425,passed,True,0.0
run_0427,passed,True,0.0
run_0429,passed,True,1.1102230246251565e-16
run_0431,passed,True,1.1102230246251565e-16
run_0433,passed,True,0.0
run_0435,passed,True,1.1102230246251565e-16
run_0437,passed,True,0.0
run_0439,passed,True,0.0
run_0441,passed,True,0.0
run_0443,passed,True,1.1102230246251565e-16
run_0445,passed,True,0.0
run_0447,passed,True,0.0
run_0449,passed,True,0.0
run_0451,passed,True,1.1102230246251565e-16
run_0453,passed,True,0.0
run_0455,passed,True,1.1102230246251565e-16
run_0457,passed,True,0.0
run_0459,passed,True,0.0
run_0461,passed,True,1.1102230246251565e-16
run_0463,passed,True,1.1102230246251565e-16
run_0465,passed,True,1.1102230246251565e-16
run_0467,passed,True,1.1102230246251565e-16
run_0469,passed,True,0.0
run_0471,passed,True,0.0
run_0473,passed,True,1.1102230246251565e-16
run_0475,passed,True,1.1102230246251565e-16
run_0477,passed,True,0.0
run_0479,passed,True,0.0
run_0481,passed,True,0.0
run_0483,passed,True,0.0
run_0485,passed,True,0.0
run_0487,passed,True,0.0
run_0489,passed,True,1.1102230246251565e-16
run_0491,passed,True,1.1102230246251565e-16
run_0493,passed,True,0.0
run_0495,passed,True,0.0
run_0497,passed,True,0.0
run_0499,passed,True,0.0
run_0501,passed,True,0.0
run_0503,passed,True,1.1102230246251565e-16
run_0505,passed,True,0.0
run_0507,passed,True,1.1102230246251565e-16
run_0509,passed,True,1.1102230246251565e-16
run_0511,passed,True,0.0
run_0513,passed,True,0.0
run_0515,passed,True,0.0
run_0517,passed,True,0.0
run_0519,passed,True,0.0
run_0521,passed,True,1.1102230246251565e-16
run_0523,passed,True,0.0
run_0525,passed,True,0.0
run_0527,passed,True,1.1102230246251565e-16
run_0529,passed,True,1.1102230246251565e-16
run_0531,passed,True,0.0
run_0533,passed,True,1.1102230246251565e-16
run_0535,passed,True,0.0
run_0537,passed,True,1.1102230246251565e-16
run_0539,passed,True,1.1102230246251565e-16
run_0541,passed,True,0.0
run_0543,passed,True,0.0
run_0545,passed,True,0.0
run_0547,passed,True,1.1102230246251565e-16
run_0549,passed,True,0.0
run_0551,passed,True,1.1102230246251565e-16
run_0553,passed,True,0.0
run_0555,passed,True,1.1102230246251565e-16
run_0557,passed,True,1.1102230246251565e-16
run_0559,passed,True,0.0
run_0561,passed,True,0.0
run_0563,passed,True,0.0
run_0565,passed,True,0.0
run_0567,passed,True,0.0
run_0569,passed,True,0.0
run_0571,passed,True,0.0
run_0573,passed,True,0.0
run_0575,passed,True,1.1102230246251565e-16
run_0577,passed,True,1.1102230246251565e-16
run_0579,passed,True,1.1102230246251565e-16
run_0581,passed,True,1.1102230246251565e-16
run_0583,passed,True,0.0
run_0585,passed,True,1.1102230246251565e-16
run_0587,passed,True,0.0
run_0589,passed,True,0.0
run_0591,passed,True,0.0
run_0593,passed,True,0.0
run_0595,passed,True,1.1102230246251565e-16
run_0597,passed,True,0.0
run_0599,passed,True,1.1102230246251565e-16
run_0601,passed,True,1.1102230246251565e-16
run_0603,passed,True,0.0
run_0605,passed,True,1.1102230246251565e-16
run_0607,passed,True,0.0
run_0609,passed,True,1.1102230246251565e-16
run_0611,passed,True,0.0
run_0613,passed,True,0.0
run_0615,passed,True,1.1102230246251565e-16
run_0617,passed,True,1.1102230246251565e-16
run_0619,passed,True,0.0
run_0621,passed,True,0.0
run_0623,passed,True,0.0
run_0625,passed,True,0.0
run_0627,passed,True,0.0
run_0629,passed,True,1.1102230246251565e-16
run_0631,passed,True,1.1102230246251565e-16
run_0633,passed,True,1.1102230246251565e-16
run_0635,passed,True,1.1102230246251565e-16
run_0637,passed,True,1.1102230246251565e-16
run_0639,passed,True,1.1102230246251565e-16
run_0641,passed,True,0.0
run_0643,passed,True,0.0
run_0645,passed,True,1.1102230246251565e-16
run_0647,passed,True,0.0
run_0649,passed,True,1.1102230246251565e-16
run_0651,passed,True,0.0
run_0653,passed,True,0.0
run_0655,passed,True,0.0
run_0657,passed,True,1.1102230246251565e-16
run_0659,passed,True,1.1102230246251565e-16
run_0661,passed,True,1.1102230246251565e-16
run_0663,passed,True,0.0
run_0665,passed,True,0.0
run_0667,passed,True,1.1102230246251565e-16
run_0669,passed,True,1.1102230246251565e-16
run_0671,passed,True,0.0
run_0673,passed,True,0.0
run_0675,passed,True,0.0
run_0677,passed,True,1.1102230246251565e-16
run_0679,passed,True,1.1102230246251565e-16
run_0681,passed,True,0.0
run_0683,passed,True,1.1102230246251565e-16
run_0685,passed,True,1.1102230246251565e-16
run_0687,passed,True,1.1102230246251565e-16
run_0689,passed,True,1.1102230246251565e-16
run_0691,passed,True,1.1102230246251565e-16
run_0693,passed,True,0.0
run_0695,passed,True,1.1102230246251565e-16
run_0697,passed,True,0.0
run_0699,passed,True,0.0
run_0701,passed,True,0.0
run_0703,passed,True,0.0
run_0705,passed,True,1.1102230246251565e-16
run_0707,passed,True,1.1102230246251565e-16
run_0709,passed,True,1.1102230246251565e-16
run_0711,passed,True,0.0
run_0713,passed,True,0.0
run_0715,passed,True,1.1102230246251565e-16
run_0717,passed,True,1.1102230246251565e-16
run_0719,passed,True,0.0
run_0721,passed,True,0.0
run_0723,passed,True,0.0
run_0725,passed,True,0.0
run_0727,passed,True,0.0
run_0729,passed,True,0.0
run_0731,passed,True,1.1102230246251565e-16
run_0733,passed,True,1.1102230246251565e-16
run_0735,passed,True,1.1102230246251565e-16
run_0737,passed,True,1.1102230246251565e-16
run_0739,passed,True,1.1102230246251565e-16
run_0741,passed,True,0.0
run_0743,passed,True,1.1102230246251565e-16
run_0745,passed,True,0.0
run_0747,passed,True,0.0
run_0749,passed,True,0.0
run_0751,passed,True,0.0
run_0753,passed,True,0.0
run_0755,passed,True,0.0
run_0757,passed,True,0.0
run_0759,passed,True,0.0
run_0761,passed,True,0.0
run_0763,passed,True,0.0
run_0765,passed,True,0.0
run_0767,passed,True,1.1102230246251565e-16
run_0769,passed,True,1.1102230246251565e-16
run_0771,passed,True,0.0
run_0773,passed,True,1.1102230246251565e-16
run_0775,passed,True,0.0
run_0777,passed,True,1.1102230246251565e-16
run_0779,passed,True,1.1102230246251565e-16
run_0781,passed,True,1.1102230246251565e-16
run_0783,passed,True,1.1102230246251565e-16
run_0785,passed,True,0.0
run_0787,passed,True,0.0
run_0789,passed,True,0.0
run_0791,passed,True,0.0
run_0793,passed,True,1.1102230246251565e-16
run_0795,passed,True,0.0
run_0797,passed,True,0.0
run_0799,passed,True,1.1102230246251565e-16
